query,label,complexity,recommended_llm,needs_followup,distractor_label,biomarkers,is_high_risk,query_length
Compare the vitamin C content in fresh vs frozen spinach,comparison,2,TinyLlama,True,,"[""vitamin_c""]",False,10
Which has lower phytate: unfermented ogi or sourdough bread?,comparison,4,Mistral,True,,"[""phytate""]",False,9
How much zinc should a 3-year-old child with chronic diarrhea consume daily?,recommendation,5,Mistral,True,,"[""zinc""]",True,12
What foods should I eat if I have CKD stage 3 with creatinine 1.8 mg/dL?,therapy,5,Mistral,False,,"[""creatinine""]",True,15
Explain how vitamin K helps with blood clotting,general,4,Mistral,False,,"[""vitamin_k""]",False,8
Compare protein quality of cowpea vs bambara nut using PDCAAS,comparison,3,TinyLlama,True,,"[""protein""]",False,10
What's the recommended daily fiber intake for an adult with constipation?,recommendation,3,Mistral,True,,[],False,11
Is palm oil or shea butter better for vitamin E absorption?,comparison,2,TinyLlama,True,,"[""vitamin_e""]",False,11
Nutrition therapy for hypertension with creatinine 1.2 mg/dL,therapy,5,Mistral,False,,"[""creatinine""]",True,8
How does iron get absorbed in the gut?,general,4,Mistral,False,,"[""iron""]",False,8
Compare iron bioavailability in raw vs sprouted lentils,comparison,4,Mistral,True,,"[""iron""]",False,8
What's the ideal protein intake for a child with kwashiorkor?,recommendation,5,Mistral,True,,[],True,10
"Which African staple has the lowest phytate: fufu, ugali, or banku?",comparison,3,TinyLlama,True,,"[""phytate""]",False,11
How much vitamin D should a breastfed infant consume daily?,recommendation,4,Mistral,True,,"[""vitamin_d""]",False,10
Compare glycemic index of boiled yam vs roasted plantain,comparison,3,TinyLlama,True,,"[""glycemic_index""]",False,9
What should I eat if I have celiac disease and iron deficiency anemia (ferritin 8 ng/mL)?,therapy,5,Mistral,False,,"[""ferritin""]",True,16
How much omega-3 should someone with rheumatoid arthritis consume daily?,recommendation,4,Mistral,True,,"[""omega_3""]",False,10
Compare calcium content in traditional Nigerian vs Ghanaian soups,comparison,3,TinyLlama,True,,"[""calcium""]",False,9
Which has higher lysine: bambara nut or cowpea?,comparison,2,TinyLlama,True,,"[""lysine""]",False,8
How does vitamin C retention compare between sun-dried and smoked tomatoes?,comparison,3,TinyLlama,True,,"[""vitamin_c""]",False,11
What's the recommended daily water intake for someone in Ghanaian climate?,recommendation,3,Mistral,True,,[],False,11
Compare vitamin K levels in raw kale vs fermented soy (natto),comparison,3,TinyLlama,True,,"[""vitamin_k""]",False,11
How much vitamin D should a dark-skinned person in Nigeria take daily?,recommendation,4,Mistral,True,,"[""vitamin_d""]",False,12
Compare the iron content of palm oil and shea butter,comparison,2,TinyLlama,True,,"[""iron""]",False,10
What's the ideal carbohydrate intake for a diabetic patient?,recommendation,3,Mistral,True,,[],False,9
Is palm wine or fermented maize better for gut microbiome?,comparison,4,Mistral,True,,"[""gut_microbiome""]",False,10
How much iron should a menstruating woman consume daily?,recommendation,3,Mistral,True,,"[""iron""]",False,9
Compare protein quality of cowpea vs bambara nut,comparison,3,TinyLlama,True,,"[""protein""]",False,8
What's the recommended daily sodium limit for someone with hypertension?,recommendation,3,Mistral,True,,[],False,10
How much vitamin B12 should a vegan consume daily?,recommendation,3,Mistral,True,,"[""vitamin_b12""]",False,9
Compare iron bioavailability in raw vs sprouted lentils,comparison,4,Mistral,True,,"[""iron""]",False,8
What's the ideal calcium intake for a postmenopausal woman?,recommendation,3,Mistral,True,,"[""calcium""]",False,9
How much magnesium should someone with migraines consume daily?,recommendation,4,Mistral,True,,"[""magnesium""]",False,9
What's the recommended daily potassium intake for someone on diuretics?,recommendation,4,Mistral,True,,"[""potassium""]",False,10
How much folate should a pregnant woman consume daily?,recommendation,3,Mistral,True,,"[""folate""]",False,9
How much zinc should a child with diarrhea consume daily?,recommendation,5,Mistral,True,,"[""zinc""]",True,10
What's the recommended daily vitamin A intake for a child in Nigeria?,recommendation,4,Mistral,True,,"[""vitamin_a""]",False,12
How much vitamin K should someone on warfarin maintain daily?,recommendation,5,Mistral,True,,"[""vitamin_k""]",True,10
What's the ideal iron intake for a vegetarian athlete?,recommendation,4,Mistral,True,,"[""iron""]",False,9
How much vitamin C should a child with scurvy consume daily?,recommendation,5,Mistral,True,,"[""vitamin_c""]",True,11
What's the recommended daily calorie intake for weight loss in Nigeria?,recommendation,4,Mistral,True,,[],False,11
How much protein should a child with marasmus consume daily?,recommendation,5,Mistral,True,,[],True,10
What's the ideal fat intake for someone with fatty liver disease?,recommendation,4,Mistral,True,,[],False,11
Compare phytate reduction: soaking vs sprouting vs fermenting cowpeas,comparison,4,Mistral,True,,"[""phytate""]",False,9
Which has higher lycopene: fresh vs cooked tomatoes?,comparison,2,TinyLlama,True,,"[""lycopene""]",False,8
Compare iron content in traditional Nigerian vs Ghanaian soups,comparison,3,TinyLlama,True,,"[""iron""]",False,9
Is roasted or boiled yam better for blood sugar control?,comparison,3,TinyLlama,True,,"[""glycemic_index""]",False,10
Compare zinc levels in fresh vs dried crayfish,comparison,3,TinyLlama,True,,"[""zinc""]",False,8
"Which traditional preparation lowers phytate most: ogi, akamu, or kenkey?",comparison,4,Mistral,True,,"[""phytate""]",False,10
Compare protein quality: boiled vs roasted groundnuts,comparison,3,TinyLlama,True,,"[""protein""]",False,7
Is palm oil or coconut oil better for vitamin E absorption?,comparison,2,TinyLlama,True,,"[""vitamin_e""]",False,11
Compare iron bioavailability: fresh vs canned spinach,comparison,3,TinyLlama,True,,"[""iron""]",False,7
Which has lower oxalate: raw amaranth or cooked jute leaves?,comparison,3,TinyLlama,True,,"[""oxalate""]",False,10
Compare vitamin B12 in fortified vs unfortified plant milks,comparison,3,TinyLlama,True,,"[""vitamin_b12""]",False,9
Is boiled egg or palm nut soup better for choline intake?,comparison,2,TinyLlama,True,,"[""choline""]",False,11
Compare magnesium bioavailability in raw vs roasted pumpkin seeds,comparison,4,Mistral,True,,"[""magnesium""]",False,9
Which has higher tryptophan: unfermented vs fermented soy?,comparison,3,TinyLlama,True,,"[""tryptophan""]",False,8
Compare potassium content in fresh vs dried bananas,comparison,2,TinyLlama,True,,"[""potassium""]",False,8
Is palm wine or fermented cassava better for gut health?,comparison,4,Mistral,True,,"[""gut_health""]",False,10
Compare vitamin D3 in fortified milk vs egg yolks,comparison,3,TinyLlama,True,,"[""vitamin_d""]",False,9
Which African legume has highest methionine: bambara nut or pigeon pea?,comparison,3,TinyLlama,True,,"[""methionine""]",False,11
Compare calcium absorption from traditional vs commercial yogurts,comparison,4,Mistral,True,,"[""calcium""]",False,8
Is palm oil or shea butter better for vitamin K2 absorption?,comparison,3,TinyLlama,True,,"[""vitamin_k""]",False,11
How much selenium should someone with thyroid issues consume daily?,recommendation,4,Mistral,True,,"[""selenium""]",False,10
What's the ideal carbohydrate intake for a child with reactive hypoglycemia?,recommendation,4,Mistral,True,,[],False,11
How much vitamin E should someone with NAFLD consume daily?,recommendation,4,Mistral,True,,"[""vitamin_e""]",False,10
What's the recommended daily chromium intake for someone with insulin resistance?,recommendation,4,Mistral,True,,"[""chromium""]",False,11
How much zinc should a 5-year-old with stunted growth consume daily?,recommendation,5,Mistral,True,,"[""zinc""]",True,11
What's the ideal protein intake for a 60kg Kenyan runner?,recommendation,4,Mistral,True,,[],False,10
How much iron should a breastfeeding woman consume daily?,recommendation,3,Mistral,True,,"[""iron""]",False,9
What's the recommended daily fiber intake for someone with IBS-D?,recommendation,3,Mistral,True,,[],False,10
How much vitamin D should someone with CKD stage 3 consume daily?,recommendation,5,Mistral,True,,"[""vitamin_d""]",True,12
What's the ideal calcium intake for a child with rickets?,recommendation,5,Mistral,True,,"[""calcium""]",True,10
How much magnesium should someone with muscle cramps consume daily?,recommendation,4,Mistral,True,,"[""magnesium""]",False,10
What's the recommended daily potassium intake for someone with hypokalemia?,recommendation,5,Mistral,True,,"[""potassium""]",True,10
How much folate should someone with MTHFR mutation consume daily?,recommendation,5,Mistral,True,,"[""folate""]",True,10
What's the ideal protein intake for a child with cystic fibrosis?,recommendation,5,Mistral,True,,[],True,11
How much zinc should a child with acrodermatitis enteropathica consume daily?,recommendation,5,Mistral,True,,"[""zinc""]",True,11
What's the recommended daily vitamin A intake for a child with measles?,recommendation,5,Mistral,True,,"[""vitamin_a""]",True,12
How much vitamin K should someone with cholestasis consume daily?,recommendation,5,Mistral,True,,"[""vitamin_k""]",True,10
What's the ideal iron intake for a child with sickle cell disease?,recommendation,5,Mistral,True,,"[""iron""]",True,12
How much vitamin C should a child with malnutrition consume daily?,recommendation,5,Mistral,True,,"[""vitamin_c""]",True,11
What's the recommended daily calorie intake for catch-up growth in Nigeria?,recommendation,5,Mistral,True,,[],True,11
How much protein should a child with protein-energy malnutrition consume daily?,recommendation,5,Mistral,True,,[],True,11
What's the ideal fat intake for someone with chylomicron retention disease?,recommendation,5,Mistral,True,,[],True,11
How much vitamin D should a child with rickets consume daily?,recommendation,5,Mistral,True,,"[""vitamin_d""]",True,11
What's the recommended daily iodine intake for pregnant women in Africa?,recommendation,4,Mistral,True,,"[""iodine""]",False,11
How much selenium should someone with Keshan disease consume daily?,recommendation,5,Mistral,True,,"[""selenium""]",True,10
What's the ideal carbohydrate intake for a child with glycogen storage disease?,recommendation,5,Mistral,True,,[],True,12
How much vitamin E should someone with ataxia consume daily?,recommendation,5,Mistral,True,,"[""vitamin_e""]",True,10
What's the recommended daily chromium intake for someone with metabolic syndrome?,recommendation,4,Mistral,True,,"[""chromium""]",False,11
How much zinc should a 2-year-old with chronic diarrhea consume daily?,recommendation,5,Mistral,True,,"[""zinc""]",True,11
What's the ideal protein intake for a 50kg Ghanaian weightlifter?,recommendation,4,Mistral,True,,[],False,10
How much iron should a pregnant woman in Nigeria consume daily?,recommendation,4,Mistral,True,,"[""iron""]",False,11
What's the recommended daily fiber intake for someone with IBS-C?,recommendation,3,Mistral,True,,[],False,10
How much vitamin D should someone with osteoporosis consume daily?,recommendation,4,Mistral,True,,"[""vitamin_d""]",False,10
What's the ideal calcium intake for a child with hypocalcemia?,recommendation,5,Mistral,True,,"[""calcium""]",True,10
How much magnesium should someone with insulin resistance consume daily?,recommendation,4,Mistral,True,,"[""magnesium""]",False,10
What's the recommended daily potassium intake for someone with hypertension?,recommendation,4,Mistral,True,,"[""potassium""]",False,10
How much folate should someone with elevated homocysteine consume daily?,recommendation,5,Mistral,True,,"[""folate""]",True,10
What's the ideal protein intake for a child with MSUD?,recommendation,5,Mistral,True,,"[""leucine""]",True,10
How much zinc should a child with zinc deficiency consume daily?,recommendation,5,Mistral,True,,"[""zinc""]",True,11
What's the recommended daily vitamin A intake for a child with xerophthalmia?,recommendation,5,Mistral,True,,"[""vitamin_a""]",True,12
How much vitamin K should someone with vitamin K deficiency bleeding consume daily?,recommendation,5,Mistral,True,,"[""vitamin_k""]",True,13
What's the ideal iron intake for a child with thalassemia?,recommendation,5,Mistral,True,,"[""iron""]",True,10
How much vitamin C should a child with scurvy consume daily?,recommendation,5,Mistral,True,,"[""vitamin_c""]",True,11
What's the recommended daily calorie intake for weight gain in Nigeria?,recommendation,4,Mistral,True,,[],False,11
How much protein should a child with marasmus consume daily?,recommendation,5,Mistral,True,,[],True,10
What's the ideal fat intake for someone with short bowel syndrome?,recommendation,5,Mistral,True,,[],True,11
How much vitamin D should a child with hypocalcemic seizures consume daily?,recommendation,5,Mistral,True,,"[""vitamin_d""]",True,12
What's the recommended daily iodine intake for breastfeeding women?,recommendation,4,Mistral,True,,"[""iodine""]",False,9
How much selenium should someone with Kashin-Beck disease consume daily?,recommendation,5,Mistral,True,,"[""selenium""]",True,10
What's the ideal carbohydrate intake for someone with reactive hypoglycemia?,recommendation,4,Mistral,True,,[],False,10
How much vitamin E should someone with hemolytic anemia consume daily?,recommendation,5,Mistral,True,,"[""vitamin_e""]",True,11
What's the recommended daily chromium intake for someone with prediabetes?,recommendation,4,Mistral,True,,"[""chromium""]",False,10
How much zinc should a 4-year-old with impaired immunity consume daily?,recommendation,5,Mistral,True,,"[""zinc""]",True,11
What's the ideal protein intake for a 55kg South African cyclist?,recommendation,4,Mistral,True,,[],False,11
How much iron should a vegetarian consume daily?,recommendation,3,Mistral,True,,"[""iron""]",False,8
What's the recommended daily fiber intake for someone with diverticulosis?,recommendation,3,Mistral,True,,[],False,10
How much vitamin D should someone with sarcopenia consume daily?,recommendation,4,Mistral,True,,"[""vitamin_d""]",False,10
What's the ideal calcium intake for a child with osteogenesis imperfecta?,recommendation,5,Mistral,True,,"[""calcium""]",True,11
How much magnesium should someone with migraines consume daily?,recommendation,4,Mistral,True,,"[""magnesium""]",False,9
What's the recommended daily potassium intake for someone with hypokalemia?,recommendation,5,Mistral,True,,"[""potassium""]",True,10
How much folate should someone with neural tube defect history consume daily?,recommendation,5,Mistral,True,,"[""folate""]",True,12
What's the ideal protein intake for a child with PKU?,recommendation,5,Mistral,True,,"[""phenylalanine""]",True,10
How much zinc should a child with diarrhea consume daily?,recommendation,5,Mistral,True,,"[""zinc""]",True,10
What's the recommended daily vitamin A intake for a child with measles complications?,recommendation,5,Mistral,True,,"[""vitamin_a""]",True,13
How much vitamin K should someone with liver disease consume daily?,recommendation,5,Mistral,True,,"[""vitamin_k""]",True,11
What's the ideal iron intake for someone with hemochromatosis?,recommendation,5,Mistral,True,,"[""iron""]",True,9
How much vitamin C should a child with malnutrition consume daily?,recommendation,5,Mistral,True,,"[""vitamin_c""]",True,11
What's the recommended daily calorie intake for athletes in hot climates?,recommendation,4,Mistral,True,,[],False,11
How much protein should a child with kwashiorkor consume daily?,recommendation,5,Mistral,True,,[],True,10
What's the ideal fat intake for someone with pancreatic insufficiency?,recommendation,5,Mistral,True,,[],True,10
How much vitamin D should a child with rickets consume daily?,recommendation,5,Mistral,True,,"[""vitamin_d""]",True,11
What's the recommended daily iodine intake for infants?,recommendation,4,Mistral,True,,"[""iodine""]",False,8
How much selenium should someone with thyroiditis consume daily?,recommendation,4,Mistral,True,,"[""selenium""]",False,9
What's the ideal carbohydrate intake for someone with type 1 diabetes?,recommendation,4,Mistral,True,,[],False,11
How much zinc should a 3-year-old with stunted growth consume daily?,recommendation,5,Mistral,True,,"[""zinc""]",True,11
What's the ideal protein intake for a 65kg Nigerian basketball player?,recommendation,4,Mistral,True,,[],False,11
How much iron should a menstruating woman in Ghana consume daily?,recommendation,4,Mistral,True,,"[""iron""]",False,11
What's the recommended daily fiber intake for someone with ulcerative colitis?,recommendation,3,Mistral,True,,[],False,11
How much vitamin D should someone with CKD stage 2 consume daily?,recommendation,5,Mistral,True,,"[""vitamin_d""]",True,12
What's the ideal calcium intake for a child with hypophosphatemic rickets?,recommendation,5,Mistral,True,,"[""calcium""]",True,11
How much magnesium should someone with muscle spasms consume daily?,recommendation,4,Mistral,True,,"[""magnesium""]",False,10
What's the recommended daily potassium intake for someone with hyperkalemia?,recommendation,5,Mistral,True,,"[""potassium""]",True,10
How much folate should someone with MTHFR C677T genotype consume daily?,recommendation,5,Mistral,True,,"[""folate""]",True,11
What's the ideal protein intake for a child with cystic fibrosis?,recommendation,5,Mistral,True,,[],True,11
How much zinc should a child with acrodermatitis enteropathica consume daily?,recommendation,5,Mistral,True,,"[""zinc""]",True,11
What's the recommended daily vitamin A intake for a child with night blindness?,recommendation,5,Mistral,True,,"[""vitamin_a""]",True,13
How much vitamin K should someone with cholestasis consume daily?,recommendation,5,Mistral,True,,"[""vitamin_k""]",True,10
What's the ideal iron intake for a child with sickle cell disease on hydroxyurea?,recommendation,5,Mistral,True,,"[""iron""]",True,14
How much vitamin C should a child with scurvy consume daily?,recommendation,5,Mistral,True,,"[""vitamin_c""]",True,11
What's the recommended daily calorie intake for weight maintenance in Nigeria?,recommendation,4,Mistral,True,,[],False,11
How much protein should a child with marasmus consume daily?,recommendation,5,Mistral,True,,[],True,10
What's the ideal fat intake for someone with chylomicron retention disease?,recommendation,5,Mistral,True,,[],True,11
How much vitamin D should a child with hypocalcemia consume daily?,recommendation,5,Mistral,True,,"[""vitamin_d""]",True,11
What's the recommended daily iodine intake for pregnant women?,recommendation,4,Mistral,True,,"[""iodine""]",False,9
How much selenium should someone with Keshan disease consume daily?,recommendation,5,Mistral,True,,"[""selenium""]",True,10
What's the ideal carbohydrate intake for a child with glycogen storage disease type I?,recommendation,5,Mistral,True,,[],True,14
How much vitamin E should someone with ataxia-telangiectasia consume daily?,recommendation,5,Mistral,True,,"[""vitamin_e""]",True,10
What's the recommended daily chromium intake for someone with metabolic syndrome?,recommendation,4,Mistral,True,,"[""chromium""]",False,11
How much zinc should a 2-year-old with chronic diarrhea consume daily?,recommendation,5,Mistral,True,,"[""zinc""]",True,11
What's the ideal protein intake for a 50kg Ghanaian weightlifter?,recommendation,4,Mistral,True,,[],False,10
How much iron should a pregnant woman in Nigeria consume daily?,recommendation,4,Mistral,True,,"[""iron""]",False,11
What's the recommended daily fiber intake for someone with IBS-C?,recommendation,3,Mistral,True,,[],False,10
How much vitamin D should someone with osteoporosis consume daily?,recommendation,4,Mistral,True,,"[""vitamin_d""]",False,10
What's the ideal calcium intake for a child with hypocalcemia?,recommendation,5,Mistral,True,,"[""calcium""]",True,10
How much magnesium should someone with insulin resistance consume daily?,recommendation,4,Mistral,True,,"[""magnesium""]",False,10
What's the recommended daily potassium intake for someone with hypertension?,recommendation,4,Mistral,True,,"[""potassium""]",False,10
How much folate should someone with elevated homocysteine consume daily?,recommendation,5,Mistral,True,,"[""folate""]",True,10
What's the ideal protein intake for a child with MSUD?,recommendation,5,Mistral,True,,"[""leucine""]",True,10
How much zinc should a child with zinc deficiency consume daily?,recommendation,5,Mistral,True,,"[""zinc""]",True,11
What's the recommended daily vitamin A intake for a child with xerophthalmia?,recommendation,5,Mistral,True,,"[""vitamin_a""]",True,12
How much vitamin K should someone with vitamin K deficiency bleeding consume daily?,recommendation,5,Mistral,True,,"[""vitamin_k""]",True,13
What's the ideal iron intake for a child with thalassemia?,recommendation,5,Mistral,True,,"[""iron""]",True,10
How much vitamin C should a child with scurvy consume daily?,recommendation,5,Mistral,True,,"[""vitamin_c""]",True,11
What's the recommended daily calorie intake for weight gain in Nigeria?,recommendation,4,Mistral,True,,[],False,11
How much protein should a child with marasmus consume daily?,recommendation,5,Mistral,True,,[],True,10
What's the ideal fat intake for someone with short bowel syndrome?,recommendation,5,Mistral,True,,[],True,11
How much vitamin D should a child with hypocalcemic seizures consume daily?,recommendation,5,Mistral,True,,"[""vitamin_d""]",True,12
What's the recommended daily iodine intake for breastfeeding women?,recommendation,4,Mistral,True,,"[""iodine""]",False,9
How much selenium should someone with Kashin-Beck disease consume daily?,recommendation,5,Mistral,True,,"[""selenium""]",True,10
What's the ideal carbohydrate intake for someone with reactive hypoglycemia?,recommendation,4,Mistral,True,,[],False,10
How much vitamin E should someone with hemolytic anemia consume daily?,recommendation,5,Mistral,True,,"[""vitamin_e""]",True,11
What's the recommended daily chromium intake for someone with prediabetes?,recommendation,4,Mistral,True,,"[""chromium""]",False,10
How much zinc should a 4-year-old with impaired immunity consume daily?,recommendation,5,Mistral,True,,"[""zinc""]",True,11
What's the ideal protein intake for a 55kg South African cyclist?,recommendation,4,Mistral,True,,[],False,11
How much iron should a vegetarian consume daily?,recommendation,3,Mistral,True,,"[""iron""]",False,8
What's the recommended daily fiber intake for someone with diverticulosis?,recommendation,3,Mistral,True,,[],False,10
How much vitamin D should someone with sarcopenia consume daily?,recommendation,4,Mistral,True,,"[""vitamin_d""]",False,10
What's the ideal calcium intake for a child with osteogenesis imperfecta?,recommendation,5,Mistral,True,,"[""calcium""]",True,11
How much magnesium should someone with migraines consume daily?,recommendation,4,Mistral,True,,"[""magnesium""]",False,9
What's the recommended daily potassium intake for someone with hypokalemia?,recommendation,5,Mistral,True,,"[""potassium""]",True,10
How much folate should someone with neural tube defect history consume daily?,recommendation,5,Mistral,True,,"[""folate""]",True,12
What's the ideal protein intake for a child with PKU?,recommendation,5,Mistral,True,,"[""phenylalanine""]",True,10
How much zinc should a child with diarrhea consume daily?,recommendation,5,Mistral,True,,"[""zinc""]",True,10
What's the recommended daily vitamin A intake for a child with measles complications?,recommendation,5,Mistral,True,,"[""vitamin_a""]",True,13
How much vitamin K should someone with liver disease consume daily?,recommendation,5,Mistral,True,,"[""vitamin_k""]",True,11
What's the ideal iron intake for someone with hemochromatosis?,recommendation,5,Mistral,True,,"[""iron""]",True,9
How much vitamin C should a child with malnutrition consume daily?,recommendation,5,Mistral,True,,"[""vitamin_c""]",True,11
Nutrition therapy for hypertension with creatinine 1.2 mg/dL,therapy,5,Mistral,False,,"[""creatinine""]",True,8
Diet plan for type 2 diabetes with HbA1c 8.5% and on metformin,therapy,5,Mistral,False,,"[""hba1c""]",True,12
What should I eat if I have CKD stage 3 with urea 55 mg/dL?,therapy,5,Mistral,False,,"[""urea""]",True,14
Nutrition therapy for autoimmune disorder (Grave's disease) with TSH 0.1,therapy,5,Mistral,False,,"[""tsh""]",True,10
"My patient has gout with uric acid 9.2 mg/dL, what diet therapy should I prescribe?",therapy,5,Mistral,False,,"[""uric_acid""]",True,15
Dietary management for rheumatoid arthritis with CRP 15 mg/L,therapy,5,Mistral,False,,"[""crp""]",True,9
Nutrition plan for NAFLD with ALT 65 U/L and BMI 32,therapy,5,Mistral,False,,"[""alt""]",True,11
Diet therapy for ulcerative colitis in remission with calprotectin 120 µg/g,therapy,5,Mistral,False,,"[""calprotectin""]",True,11
What should I eat with celiac disease and iron deficiency anemia (ferritin 8 ng/mL)?,therapy,5,Mistral,False,,"[""ferritin""]",True,14
Nutrition management for heart failure with ejection fraction 35%,therapy,5,Mistral,False,,[],True,9
Diet plan for type 1 diabetes with frequent hypoglycemia episodes,therapy,5,Mistral,False,,[],True,10
Nutrition therapy for osteoporosis with T-score -2.8,therapy,5,Mistral,False,,[],True,7
Dietary management for IBS-D with positive lactose breath test,therapy,5,Mistral,False,,[],True,9
What should I eat if I have PKU with blood Phe 450 µmol/L?,therapy,5,Mistral,False,,"[""phenylalanine""]",True,13
Nutrition therapy for MSUD with leucine 800 µmol/L,therapy,5,Mistral,False,,"[""leucine""]",True,8
Diet plan for cystic fibrosis with fecal elastase 80 µg/g,therapy,5,Mistral,False,,[],True,10
Nutrition management for anorexia nervosa with BMI 15.2,therapy,5,Mistral,False,,[],True,8
Diet therapy for Crohn's disease with CRP 25 mg/L,therapy,5,Mistral,False,,"[""crp""]",True,9
What should I eat with hemochromatosis and ferritin 1500 ng/mL?,therapy,5,Mistral,False,,"[""ferritin""]",True,10
Nutrition plan for sarcopenia in elderly with SPPB score 6/12,therapy,5,Mistral,False,,[],True,10
Diet therapy for hypertension and high cholesterol with LDL 160 mg/dL,therapy,5,Mistral,False,,"[""ldl_cholesterol""]",True,11
Nutrition management for diabetic nephropathy with albumin:creatinine ratio 350 mg/g,therapy,5,Mistral,False,,[],True,10
What should I eat if I have gluten ataxia with positive anti-gliadin antibodies?,therapy,5,Mistral,False,,[],True,13
Diet plan for phenylketonuria with blood phenylalanine 600 µmol/L,therapy,5,Mistral,False,,"[""phenylalanine""]",True,9
Nutrition therapy for short bowel syndrome with D-xylose test 5 mg/dL,therapy,5,Mistral,False,,[],True,11
Dietary management for chronic pancreatitis with fecal elastase 40 µg/g,therapy,5,Mistral,False,,[],True,10
What should I eat with Wilson's disease and ceruloplasmin 10 mg/dL?,therapy,5,Mistral,False,,[],True,11
Nutrition plan for Marfan syndrome with aortic root dilation,therapy,5,Mistral,False,,[],True,9
Diet therapy for Ehlers-Danlos syndrome with POTS,therapy,5,Mistral,False,,[],True,7
What should I eat if I have hereditary hemochromatosis and ferritin 2000 ng/mL?,therapy,5,Mistral,False,,"[""ferritin""]",True,13
Nutrition management for NAFLD with fibrosis stage 2 on FibroScan,therapy,5,Mistral,False,,[],True,10
Diet plan for type 2 diabetes with CKD stage 3 (eGFR 45 mL/min),therapy,5,Mistral,False,,"[""egfr""]",True,13
Nutrition therapy for ulcerative colitis flare with Mayo score 9,therapy,5,Mistral,False,,[],True,10
Dietary management for celiac disease with persistent symptoms despite gluten-free diet,therapy,5,Mistral,False,,[],True,11
What should I eat if I have Sjögren's syndrome with dry mouth?,therapy,5,Mistral,False,,[],True,12
Diet therapy for rheumatoid arthritis with methotrexate treatment,therapy,5,Mistral,False,,[],True,8
Nutrition plan for osteopenia with vitamin D 18 ng/mL,therapy,5,Mistral,False,,"[""vitamin_d""]",True,9
What should I eat with hyperthyroidism and on methimazole treatment?,therapy,5,Mistral,False,,[],True,10
Diet management for Crohn's disease with stricturing phenotype,therapy,5,Mistral,False,,[],True,8
Nutrition therapy for anorexia nervosa with refeeding syndrome risk,therapy,5,Mistral,False,,[],True,9
What should I eat if I have chylomicron retention disease with vitamin E 3 µg/mL?,therapy,5,Mistral,False,,"[""vitamin_e""]",True,15
Diet plan for MSUD with valine 400 µmol/L,therapy,5,Mistral,False,,"[""valine""]",True,8
Nutrition management for cystic fibrosis with pancreatic insufficiency,therapy,5,Mistral,False,,[],True,8
Diet therapy for hypertension with potassium 3.2 mmol/L,therapy,5,Mistral,False,,"[""potassium""]",True,8
What should I eat with type 2 diabetes and GLP-1 agonist treatment?,therapy,5,Mistral,False,,[],True,12
Nutrition plan for NAFLD with NASH confirmed by biopsy,therapy,5,Mistral,False,,[],True,9
Diet therapy for ulcerative colitis with primary sclerosing cholangitis,therapy,5,Mistral,False,,[],True,9
What should I eat if I have celiac disease and concurrent IgA deficiency?,therapy,5,Mistral,False,,[],True,13
Nutrition management for rheumatoid arthritis with TNF inhibitor treatment,therapy,5,Mistral,False,,[],True,9
Diet plan for osteoporosis with history of fragility fracture,therapy,5,Mistral,False,,[],True,9
Nutrition therapy for hypertension with sodium 150 mmol/L,therapy,5,Mistral,False,,"[""sodium""]",True,8
What should I eat with type 1 diabetes and celiac disease comorbidity?,therapy,5,Mistral,False,,[],True,12
Diet management for IBD with iron deficiency anemia (ferritin 10 ng/mL),therapy,5,Mistral,False,,"[""ferritin""]",True,11
Nutrition plan for CKD stage 4 with phosphorus 5.2 mg/dL,therapy,5,Mistral,False,,"[""phosphorus""]",True,10
Diet therapy for autoimmune hepatitis with ALT 120 U/L,therapy,5,Mistral,False,,"[""alt""]",True,9
What should I eat if I have MCAD deficiency with carnitine 15 µmol/L?,therapy,5,Mistral,False,,"[""carnitine""]",True,13
Nutrition management for anorexia nervosa with hypokalemia (K+ 2.8 mmol/L),therapy,5,Mistral,False,,"[""potassium""]",True,10
Diet plan for PKU with tyrosine 30 µmol/L,therapy,5,Mistral,False,,"[""tyrosine""]",True,8
Nutrition therapy for MSUD with isoleucine 300 µmol/L,therapy,5,Mistral,False,,"[""isoleucine""]",True,8
What should I eat with cystic fibrosis and CFRD (cystic fibrosis-related diabetes)?,therapy,5,Mistral,False,,[],True,12
Diet management for heart failure with hyponatremia (Na+ 128 mmol/L),therapy,5,Mistral,False,,"[""sodium""]",True,10
Nutrition plan for NAFLD with T2DM and obesity (BMI 38),therapy,5,Mistral,False,,[],True,10
Diet therapy for ulcerative colitis with pouchitis,therapy,5,Mistral,False,,[],True,7
What should I eat if I have celiac disease and concurrent SIBO?,therapy,5,Mistral,False,,[],True,12
Nutrition management for rheumatoid arthritis with tocilizumab treatment,therapy,5,Mistral,False,,[],True,8
Diet plan for osteoporosis with history of vertebral fracture,therapy,5,Mistral,False,,[],True,9
Nutrition therapy for hypertension with magnesium 1.2 mg/dL,therapy,5,Mistral,False,,"[""magnesium""]",True,8
What should I eat with type 2 diabetes and SGLT2 inhibitor treatment?,therapy,5,Mistral,False,,[],True,12
Diet management for IBD with vitamin B12 deficiency (200 pg/mL),therapy,5,Mistral,False,,"[""vitamin_b12""]",True,10
Nutrition plan for CKD stage 3 with potassium 5.8 mg/dL,therapy,5,Mistral,False,,"[""potassium""]",True,10
Diet therapy for autoimmune hepatitis with bilirubin 2.5 mg/dL,therapy,5,Mistral,False,,"[""bilirubin""]",True,9
What should I eat if I have propionic acidemia with carnitine 10 µmol/L?,therapy,5,Mistral,False,,"[""carnitine""]",True,13
Nutrition management for anorexia nervosa with refeeding syndrome risk,therapy,5,Mistral,False,,[],True,9
Diet plan for PKU with phenylalanine 500 µmol/L,therapy,5,Mistral,False,,"[""phenylalanine""]",True,8
Nutrition therapy for MSUD with leucine 700 µmol/L,therapy,5,Mistral,False,,"[""leucine""]",True,8
What should I eat with cystic fibrosis and pancreatic enzyme replacement therapy?,therapy,5,Mistral,False,,[],True,12
Diet management for heart failure with hyperkalemia (K+ 5.8 mmol/L),therapy,5,Mistral,False,,"[""potassium""]",True,10
Nutrition plan for NAFLD with metabolic syndrome,therapy,5,Mistral,False,,[],True,7
Diet therapy for ulcerative colitis with primary sclerosing cholangitis,therapy,5,Mistral,False,,[],True,9
What should I eat if I have celiac disease and concurrent IgA deficiency?,therapy,5,Mistral,False,,[],True,13
Nutrition management for rheumatoid arthritis with TNF inhibitor treatment,therapy,5,Mistral,False,,[],True,9
Diet plan for osteoporosis with history of fragility fracture,therapy,5,Mistral,False,,[],True,9
Nutrition therapy for hypertension with sodium 150 mmol/L,therapy,5,Mistral,False,,"[""sodium""]",True,8
What should I eat with type 1 diabetes and celiac disease comorbidity?,therapy,5,Mistral,False,,[],True,12
Diet management for IBD with iron deficiency anemia (ferritin 10 ng/mL),therapy,5,Mistral,False,,"[""ferritin""]",True,11
Nutrition plan for CKD stage 4 with phosphorus 5.2 mg/dL,therapy,5,Mistral,False,,"[""phosphorus""]",True,10
Diet therapy for autoimmune hepatitis with ALT 120 U/L,therapy,5,Mistral,False,,"[""alt""]",True,9
What should I eat if I have MCAD deficiency with carnitine 15 µmol/L?,therapy,5,Mistral,False,,"[""carnitine""]",True,13
Nutrition management for anorexia nervosa with hypokalemia (K+ 2.8 mmol/L),therapy,5,Mistral,False,,"[""potassium""]",True,10
Diet plan for PKU with tyrosine 30 µmol/L,therapy,5,Mistral,False,,"[""tyrosine""]",True,8
Nutrition therapy for MSUD with isoleucine 300 µmol/L,therapy,5,Mistral,False,,"[""isoleucine""]",True,8
What should I eat with cystic fibrosis and CFRD (cystic fibrosis-related diabetes)?,therapy,5,Mistral,False,,[],True,12
Diet management for heart failure with hyponatremia (Na+ 128 mmol/L),therapy,5,Mistral,False,,"[""sodium""]",True,10
Nutrition plan for NAFLD with T2DM and obesity (BMI 38),therapy,5,Mistral,False,,[],True,10
Diet therapy for ulcerative colitis with pouchitis,therapy,5,Mistral,False,,[],True,7
What should I eat if I have celiac disease and concurrent SIBO?,therapy,5,Mistral,False,,[],True,12
Nutrition management for rheumatoid arthritis with tocilizumab treatment,therapy,5,Mistral,False,,[],True,8
Diet plan for osteoporosis with history of vertebral fracture,therapy,5,Mistral,False,,[],True,9
Nutrition therapy for hypertension with magnesium 1.2 mg/dL,therapy,5,Mistral,False,,"[""magnesium""]",True,8
What should I eat with type 2 diabetes and SGLT2 inhibitor treatment?,therapy,5,Mistral,False,,[],True,12
Nutrient composition of 100g of boiled bambara nut,general,2,TinyLlama,False,,[],False,8
"Tell me what's in avocado — vitamins, minerals, etc.",general,2,TinyLlama,False,,[],False,9
Give me the amino acid breakdown of soybean,general,3,Mistral,False,,[],False,8
What is the phytate content of unfermented ogi?,general,3,Mistral,False,,"[""phytate""]",False,8
Explain how vitamin K helps with blood clotting,general,4,Mistral,False,,"[""vitamin_k""]",False,8
What foods contain the most vitamin C?,general,2,TinyLlama,False,,"[""vitamin_c""]",False,7
How does thiamine work in the body?,general,4,Mistral,False,,"[""thiamine""]",False,7
What is the role of zinc in immune function?,general,4,Mistral,False,,"[""zinc""]",False,9
How does the urea cycle work?,general,5,Mistral,False,,"[""urea""]",False,6
What are the biochemical functions of magnesium?,general,4,Mistral,False,,"[""magnesium""]",False,7
Explain the Krebs cycle in simple terms,general,4,Mistral,False,,[],False,7
What is the chemical structure of vitamin B12?,general,4,Mistral,False,,"[""vitamin_b12""]",False,8
How does iron get absorbed in the gut?,general,4,Mistral,False,,"[""iron""]",False,8
What is the role of folate in DNA synthesis?,general,4,Mistral,False,,"[""folate""]",False,9
Explain how omega-3 fatty acids reduce inflammation,general,4,Mistral,False,,"[""omega_3""]",False,7
What is the biochemical mechanism of scurvy?,general,4,Mistral,False,,"[""vitamin_c""]",False,7
How does vitamin D regulate calcium absorption?,general,4,Mistral,False,,"[""vitamin_d""]",False,7
What is the role of selenium in thyroid function?,general,4,Mistral,False,,"[""selenium""]",False,9
Explain the methylation cycle and its importance,general,5,Mistral,False,,[],False,7
What is the biochemical basis of beriberi?,general,4,Mistral,False,,"[""thiamine""]",False,7
How does carnitine shuttle work for fatty acid oxidation?,general,5,Mistral,False,,"[""carnitine""]",False,9
What is the role of glutathione in the body?,general,5,Mistral,False,,[],False,9
Explain how insulin regulates blood sugar,general,4,Mistral,False,,[],False,6
What is the biochemical mechanism of diabetes complications?,general,5,Mistral,False,,"[""hba1c""]",False,8
How does the body process alcohol biochemically?,general,4,Mistral,False,,[],False,7
What is the role of vitamin A in vision?,general,4,Mistral,False,,"[""vitamin_a""]",False,9
Explain the biochemical basis of kwashiorkor,general,5,Mistral,False,,[],False,6
How does the body synthesize collagen?,general,4,Mistral,False,,[],False,6
What is the role of biotin in metabolism?,general,4,Mistral,False,,"[""biotin""]",False,8
Explain how the gut microbiome produces butyrate,general,5,Mistral,False,,[],False,7
What is the nutrient composition of traditional Nigerian egusi soup?,general,3,Mistral,False,,[],False,10
How much phytate is in 100g of fermented maize?,general,3,Mistral,False,,"[""phytate""]",False,9
What is the vitamin K content of natto?,general,3,Mistral,False,,"[""vitamin_k""]",False,8
What are the mineral contents of palm oil?,general,3,Mistral,False,,[],False,8
How much zinc is in 100g of dried crayfish?,general,3,Mistral,False,,"[""zinc""]",False,9
What is the amino acid profile of cowpea?,general,3,Mistral,False,,"[""amino_acids""]",False,8
How much vitamin C is in fresh vs frozen spinach?,general,3,Mistral,False,,"[""vitamin_c""]",False,10
What is the iron content of traditional Ghanaian groundnut soup?,general,3,Mistral,False,,"[""iron""]",False,10
How much magnesium is in roasted pumpkin seeds?,general,3,Mistral,False,,"[""magnesium""]",False,8
What is the calcium content of traditional African fermented milk?,general,3,Mistral,False,,"[""calcium""]",False,10
What are the nutritional benefits of eating only bananas for a month?,general,2,TinyLlama,True,recommendation,[],False,12
Can I drink coffee while taking levothyroxine for my thyroid condition?,therapy,4,Mistral,True,general,[],False,11
Compare the protein content of chicken and beef per 100g,comparison,2,TinyLlama,False,recommendation,[],False,10
How much water should I drink every day to lose weight?,recommendation,3,Mistral,True,therapy,[],False,11
What is the best diet for building muscle quickly?,recommendation,3,Mistral,True,therapy,[],False,9
Explain how insulin works in the body,general,4,Mistral,False,therapy,[],False,7
What should I eat if I have high blood pressure?,therapy,2,TinyLlama,True,recommendation,[],False,10
Compare the sugar content in Coke and Pepsi,comparison,2,TinyLlama,False,recommendation,[],False,8
Is intermittent fasting good for diabetes management?,therapy,3,Mistral,True,general,[],False,7
How many calories are in a Big Mac?,general,1,TinyLlama,False,recommendation,[],False,8
What foods should I avoid if I have high cholesterol?,therapy,3,Mistral,True,recommendation,[],False,10
Compare the vitamin C content in oranges and lemons,comparison,2,TinyLlama,False,recommendation,[],False,9
How much protein do I need after a workout?,recommendation,3,Mistral,True,therapy,[],False,9
What is the glycemic index of white rice?,general,2,TinyLlama,False,therapy,[],False,8
Can I eat eggs if I have high cholesterol?,therapy,3,Mistral,True,general,[],False,9
Compare the fat content in whole milk and skim milk,comparison,2,TinyLlama,False,recommendation,[],False,10
How much fiber should I eat daily for constipation?,recommendation,3,Mistral,True,therapy,[],False,9
What is the difference between saturated and unsaturated fats?,general,3,Mistral,False,comparison,[],False,9
Is coconut oil healthier than olive oil?,comparison,3,Mistral,True,therapy,[],False,7
How many carbohydrates should a diabetic eat per meal?,recommendation,4,Mistral,True,therapy,[],False,9
What are the symptoms of vitamin D deficiency?,general,2,TinyLlama,False,therapy,[],False,8
Compare the iron content in spinach and red meat,comparison,3,Mistral,True,therapy,[],False,9
How much vitamin D should I take in winter?,recommendation,3,Mistral,True,therapy,[],False,9
What is the best diet for weight loss?,recommendation,2,TinyLlama,True,therapy,[],False,8
Can I eat avocado if I'm trying to lose weight?,recommendation,2,TinyLlama,True,therapy,[],False,10
Compare the omega-3 content in salmon and tuna,comparison,3,Mistral,True,therapy,[],False,8
How much salt is in a teaspoon?,general,1,TinyLlama,False,recommendation,[],False,7
What foods are high in potassium?,general,2,TinyLlama,False,recommendation,[],False,6
Is it safe to follow a keto diet with kidney disease?,therapy,4,Mistral,True,general,[],False,11
How much sugar is in a can of soda?,general,1,TinyLlama,False,recommendation,[],False,9
What is the best time to eat carbohydrates?,general,3,Mistral,True,recommendation,[],False,8
Compare the calcium content in milk and almond milk,comparison,3,Mistral,True,therapy,[],False,9
How much water should pregnant women drink daily?,recommendation,3,Mistral,True,therapy,[],False,8
What are the health benefits of green tea?,general,2,TinyLlama,False,therapy,[],False,8
Can I drink alcohol while on blood pressure medication?,therapy,4,Mistral,True,general,[],False,9
Compare the protein quality of plant vs animal sources,comparison,4,Mistral,True,therapy,[],False,9
How much magnesium should I take for muscle cramps?,recommendation,4,Mistral,True,therapy,[],False,9
What foods should I eat before a marathon?,recommendation,4,Mistral,True,therapy,[],False,8
Is honey better than sugar for diabetics?,therapy,3,Mistral,True,general,[],False,7
How much vitamin C is in a glass of orange juice?,general,2,TinyLlama,False,recommendation,[],False,11
What is the difference between probiotics and prebiotics?,general,3,Mistral,False,comparison,[],False,8
Compare the antioxidant levels in blueberries and strawberries,comparison,3,Mistral,True,therapy,[],False,8
How much zinc should I take when I have a cold?,recommendation,4,Mistral,True,therapy,[],False,11
What is the best diet for PCOS?,therapy,4,Mistral,True,recommendation,[],False,7
Can I eat nuts if I have diverticulitis?,therapy,3,Mistral,True,general,[],False,8
Compare the glycemic load of white bread vs whole wheat,comparison,3,Mistral,True,therapy,[],False,10
How much protein is in a cup of quinoa?,general,2,TinyLlama,False,recommendation,[],False,9
What foods should I avoid with gout?,therapy,4,Mistral,True,recommendation,[],False,7
Is it healthy to skip breakfast?,general,2,TinyLlama,True,recommendation,[],False,6
How much fiber is in a medium apple?,general,2,TinyLlama,False,recommendation,[],False,8
What is the best diet for fatty liver disease?,therapy,4,Mistral,True,recommendation,[],False,9
Compare the vitamin D content in fortified milk and mushrooms,comparison,3,Mistral,True,therapy,[],False,10
How much omega-3 should I take for heart health?,recommendation,4,Mistral,True,therapy,[],False,9
What are the side effects of too much vitamin B12?,general,3,Mistral,False,therapy,[],False,10
Can I eat grapefruit while taking statins?,therapy,5,Mistral,True,general,[],True,7
Compare the potassium content in bananas and potatoes,comparison,3,Mistral,True,therapy,[],False,8
How much iron is in a 3-ounce serving of beef?,general,2,TinyLlama,False,recommendation,[],False,10
What is the best diet for managing IBS symptoms?,therapy,4,Mistral,True,recommendation,[],False,9
Is intermittent fasting safe for people with diabetes?,therapy,4,Mistral,True,general,[],False,8
How much calcium is in a cup of yogurt?,general,2,TinyLlama,False,recommendation,[],False,9
What foods are high in vitamin K?,general,2,TinyLlama,False,therapy,[],False,7
Compare the calorie content in beer vs wine,comparison,2,TinyLlama,False,recommendation,[],False,8
How much protein do I need to build muscle?,recommendation,3,Mistral,True,therapy,[],False,9
What is the best diet for high cholesterol?,therapy,3,Mistral,True,recommendation,[],False,8
Can I eat eggs every day?,general,2,TinyLlama,True,recommendation,[],False,6
Compare the sugar content in fruit juice vs soda,comparison,3,Mistral,True,therapy,[],False,9
How much vitamin D is in a serving of salmon?,general,2,TinyLlama,False,recommendation,[],False,10
What foods should I eat for healthy skin?,recommendation,3,Mistral,True,therapy,[],False,8
Is it safe to follow a vegan diet during pregnancy?,therapy,4,Mistral,True,general,[],False,10
How much magnesium is in a handful of almonds?,general,2,TinyLlama,False,recommendation,[],False,9
What is the best diet for autoimmune diseases?,therapy,4,Mistral,True,recommendation,[],False,8
Compare the iron absorption from plant vs animal sources,comparison,4,Mistral,True,therapy,[],False,9
How much water should I drink during exercise?,recommendation,3,Mistral,True,therapy,[],False,8
What foods are good for lowering blood pressure?,therapy,3,Mistral,True,recommendation,[],False,8
Can I eat cheese if I'm lactose intolerant?,general,2,TinyLlama,True,therapy,[],False,8
Compare the protein content in tofu and chicken,comparison,3,Mistral,True,therapy,[],False,8
How much fiber should I eat for IBS-C?,recommendation,4,Mistral,True,therapy,[],False,8
What is the best diet for managing menopause symptoms?,therapy,4,Mistral,True,recommendation,[],False,9
Is coconut sugar better than regular sugar?,general,2,TinyLlama,True,recommendation,[],False,7
How much vitamin E is in a tablespoon of olive oil?,general,2,TinyLlama,False,recommendation,[],False,11
What foods should I avoid if I have kidney stones?,therapy,4,Mistral,True,recommendation,[],False,10
Compare the glycemic index of sweet potatoes vs white potatoes,comparison,3,Mistral,True,therapy,[],False,10
How much zinc should I take for immune support?,recommendation,4,Mistral,True,therapy,[],False,9
What is the best diet for managing arthritis?,therapy,4,Mistral,True,recommendation,[],False,8
Can I eat popcorn if I have diverticulosis?,general,2,TinyLlama,True,therapy,[],False,8
Compare the antioxidant content in dark chocolate vs milk chocolate,comparison,3,Mistral,True,therapy,[],False,10
How much selenium is in a Brazil nut?,general,2,TinyLlama,False,recommendation,[],False,8
What foods are high in vitamin B12?,general,2,TinyLlama,False,therapy,[],False,7
Is it healthy to eat late at night?,general,2,TinyLlama,True,recommendation,[],False,8
How much protein is in a cup of lentils?,general,2,TinyLlama,False,recommendation,[],False,9
What is the best diet for managing anxiety?,therapy,4,Mistral,True,recommendation,[],False,8
Compare the omega-6 to omega-3 ratio in different cooking oils,comparison,4,Mistral,True,therapy,[],False,10
How much folate should I take during pregnancy?,recommendation,5,Mistral,True,therapy,[],False,8
What foods should I eat for better sleep?,recommendation,3,Mistral,True,therapy,[],False,8
Can I drink herbal tea while on blood thinners?,therapy,5,Mistral,True,general,[],True,9
Compare the phytate content in raw vs sprouted almonds,comparison,4,Mistral,True,therapy,[],False,9
How much chromium is in a cup of broccoli?,general,2,TinyLlama,False,recommendation,[],False,9
What is the best diet for managing Crohn's disease?,therapy,5,Mistral,True,recommendation,[],False,9
Is it safe to take vitamin D supplements daily?,general,3,Mistral,True,therapy,[],False,9
How much biotin is in a single egg?,general,2,TinyLlama,False,recommendation,[],False,8
How much phenylalanine should a child with PKU consume daily?,recommendation,5,Mistral,True,,"[""phenylalanine""]",True,10
What's the ideal protein intake for a child with propionic acidemia?,recommendation,5,Mistral,True,,"[""carnitine""]",True,11
How much ammonia should someone with urea cycle disorder maintain?,recommendation,5,Mistral,True,,"[""ammonia""]",True,10
What's the recommended daily homocysteine level for someone with homocystinuria?,recommendation,5,Mistral,True,,"[""homocysteine""]",True,10
How much succinylacetone should be present in a healthy individual?,recommendation,5,Mistral,True,,"[""succinylacetone""]",True,10
Compare C3 and C5 acylcarnitine levels in propionic vs methylmalonic acidemia,comparison,5,Mistral,True,,"[""c3_acylcarnitine"",c5_acylcarnitine]",True,11
What should I eat if I have HMG-CoA lyase deficiency with elevated 3-hydroxy-3-methylglutaric acid?,therapy,5,Mistral,False,,"[""hmg_acid""]",True,14
How much galactose-1-phosphate should a child with galactosemia maintain?,recommendation,5,Mistral,True,,"[""galactose_1_phosphate""]",True,9
What's the ideal orotic acid level for someone with OTC deficiency?,recommendation,5,Mistral,True,,"[""orotic_acid""]",True,11
How much VLCFA should be present in a healthy individual?,recommendation,5,Mistral,True,,"[""vlcfa""]",False,10
What should I eat if I have non-ketotic hyperglycinemia with elevated glycine levels?,therapy,5,Mistral,False,,"[""glycine""]",True,13
How much lactate should someone with mitochondrial disorder maintain?,recommendation,5,Mistral,True,,"[""lactate""]",True,9
What's the recommended alpha-fetoprotein level for someone with galactosemia?,recommendation,5,Mistral,True,,"[""afp""]",False,9
How much GAGs should be present in a healthy individual's urine?,recommendation,5,Mistral,True,,"[""gags""]",False,11
What's the ideal carnitine level for someone with carnitine transport defect?,recommendation,5,Mistral,True,,"[""carnitine""]",True,11
How much glucose should someone with glycogen storage disease maintain?,recommendation,5,Mistral,True,,"[""glucose""]",True,10
What's the recommended bilirubin level for someone with tyrosinemia?,recommendation,5,Mistral,True,,"[""bilirubin""]",True,9
How much creatine/creatinine ratio should be present in healthy individuals?,recommendation,5,Mistral,True,,"[""creatine""]",False,10
What's the ideal methylmalonic acid level for someone with methylmalonic acidemia?,recommendation,5,Mistral,True,,"[""methylmalonic_acid""]",True,11
How much 7-dehydrocholesterol should be present in healthy individuals?,recommendation,5,Mistral,True,,"[""7_dehydrocholesterol""]",False,9
What should I eat if I have phenylketonuria with phenylalanine 600 µmol/L?,therapy,5,Mistral,False,,"[""phenylalanine""]",True,12
How much leucine should someone with MSUD maintain?,recommendation,5,Mistral,True,,"[""leucine""]",True,8
What's the safe ammonia level for someone with urea cycle disorder?,recommendation,5,Mistral,True,,"[""ammonia""]",True,11
How much homocysteine is considered dangerous for someone with homocystinuria?,recommendation,5,Mistral,True,,"[""homocysteine""]",True,10
Is succinylacetone detectable in healthy individuals?,general,4,Mistral,False,,"[""succinylacetone""]",False,6
Compare C3/C5 ratios in different organic acidemias,comparison,5,Mistral,True,,"[""c3_acylcarnitine"",c5_acylcarnitine]",True,7
What should I eat if I have tyrosinemia with elevated succinylacetone?,therapy,5,Mistral,False,,"[""succinylacetone""]",True,11
How much galactose-1-phosphate is dangerous for a child with galactosemia?,recommendation,5,Mistral,True,,"[""galactose_1_phosphate""]",True,10
What's the critical orotic acid level for OTC deficiency?,recommendation,5,Mistral,True,,"[""orotic_acid""]",True,9
How much VLCFA elevation indicates X-ALD?,recommendation,5,Mistral,True,,"[""vlcfa""]",True,6
What should I eat if I have NKH with elevated glycine?,therapy,5,Mistral,False,,"[""glycine""]",True,11
How much lactate elevation indicates mitochondrial disorder?,recommendation,5,Mistral,True,,"[""lactate""]",True,7
What's the dangerous alpha-fetoprotein level for galactosemia?,recommendation,5,Mistral,True,,"[""afp""]",False,7
How much GAGs elevation indicates mucopolysaccharidosis?,recommendation,5,Mistral,True,,"[""gags""]",True,6
What's the critical carnitine level for carnitine transport defect?,recommendation,5,Mistral,True,,"[""carnitine""]",True,9
How much glucose fluctuation is dangerous for glycogen storage disease?,recommendation,5,Mistral,True,,"[""glucose""]",True,10
What's the critical bilirubin level for tyrosinemia?,recommendation,5,Mistral,True,,"[""bilirubin""]",True,7
How much creatine/creatinine ratio indicates creatine metabolism disorder?,recommendation,5,Mistral,True,,"[""creatine""]",True,8
What's the dangerous methylmalonic acid level for methylmalonic acidemia?,recommendation,5,Mistral,True,,"[""methylmalonic_acid""]",True,9
How much 7-dehydrocholesterol elevation indicates Smith-Lemli-Opitz Syndrome?,recommendation,5,Mistral,True,,"[""7_dehydrocholesterol""]",True,7
Compare the amino acid profiles in different inborn errors of metabolism,comparison,5,Mistral,True,,"[""amino_acids""]",True,11
What are the symptoms of elevated phenylalanine in PKU?,general,4,Mistral,False,,"[""phenylalanine""]",False,9
How does leucine accumulation affect MSUD patients?,general,5,Mistral,False,,"[""leucine""]",False,7
What happens when ammonia levels exceed 100 µmol/L in urea cycle disorders?,general,5,Mistral,False,,"[""ammonia""]",False,12
What are the consequences of high homocysteine in homocystinuria?,general,4,Mistral,False,,"[""homocysteine""]",False,9
Why is succinylacetone a diagnostic marker for tyrosinemia?,general,4,Mistral,False,,"[""succinylacetone""]",False,8
How do C3 and C5 acylcarnitines help diagnose organic acidemias?,general,5,Mistral,False,,"[""c3_acylcarnitine"",c5_acylcarnitine]",False,10
What is the biochemical basis of HMG-CoA lyase deficiency?,general,5,Mistral,False,,"[""hmg_acid""]",False,9
How does galactose-1-phosphate accumulation affect galactosemia patients?,general,4,Mistral,False,,"[""galactose_1_phosphate""]",False,7
Why is orotic acid elevated in OTC deficiency?,general,4,Mistral,False,,"[""orotic_acid""]",False,8
How do VLCFAs indicate peroxisomal disorders?,general,5,Mistral,False,,"[""vlcfa""]",False,6
What is the role of glycine in non-ketotic hyperglycinemia?,general,5,Mistral,False,,"[""glycine""]",False,9
How does lactate elevation indicate mitochondrial dysfunction?,general,4,Mistral,False,,"[""lactate""]",False,7
Why is AFP elevated in some inborn errors of metabolism?,general,4,Mistral,False,,"[""afp""]",False,10
How do GAGs help diagnose mucopolysaccharidoses?,general,5,Mistral,False,,"[""gags""]",False,6
What is the role of carnitine in fatty acid oxidation disorders?,general,4,Mistral,False,,"[""carnitine""]",False,11
How does glucose instability affect glycogen storage disease patients?,general,4,Mistral,False,,"[""glucose""]",False,9
Why is bilirubin elevated in tyrosinemia?,general,4,Mistral,False,,"[""bilirubin""]",False,6
How does creatine/creatinine ratio help diagnose creatine metabolism disorders?,general,5,Mistral,False,,"[""creatine""]",False,9
What is the biochemical basis of methylmalonic acidemia?,general,5,Mistral,False,,"[""methylmalonic_acid""]",False,8
Compare raw vs boiled bambara nut phytate content,comparison,3,TinyLlama,True,,[],False,8
Is millet or sorghum better for zinc absorption in children?,comparison,4,Mistral,True,,[],False,10
Compare vitamin K levels in raw kale vs fermented soy (natto),comparison,3,TinyLlama,True,,[],False,11
Which has lower phytate: unfermented ogi or sourdough bread?,comparison,4,Mistral,True,,[],False,9
Compare protein quality of cowpea vs bambara nut using PDCAAS,comparison,3,TinyLlama,True,,[],False,10
Is palm oil or shea butter better for vitamin E absorption?,comparison,2,TinyLlama,True,,[],False,11
Compare iron bioavailability in raw vs sprouted lentils,comparison,4,Mistral,True,,[],False,8
"Which African staple has lowest phytate: fufu,  ugali,  or banku?",comparison,3,TinyLlama,True,,[],False,10
Compare glycemic index of boiled yam vs roasted plantain,comparison,3,TinyLlama,True,,[],False,9
Is palm wine or fermented maize better for gut microbiome?,comparison,4,Mistral,True,,[],False,10
Compare calcium content in traditional Nigerian vs Ghanaian soups,comparison,3,TinyLlama,True,,[],False,9
Which has higher lysine: bambara nut or cowpea?,comparison,2,TinyLlama,True,,[],False,8
Compare vitamin C retention in sun-dried vs smoked tomatoes,comparison,3,TinyLlama,True,,[],False,9
Is unripe plantain or cassava better for blood sugar control?,comparison,3,TinyLlama,True,,[],False,10
Compare zinc levels in fresh vs dried fish from Lake Victoria,comparison,3,TinyLlama,True,,[],False,11
"Which traditional fermentation method reduces phytate most: ogi,  akamu,  or kenkey?",comparison,4,Mistral,True,,[],False,11
Compare protein digestibility of boiled vs roasted groundnuts,comparison,3,TinyLlama,True,,[],False,8
Is palm oil or coconut oil better for vitamin A absorption?,comparison,2,TinyLlama,True,,[],False,11
Compare iron content in fresh vs canned spinach,comparison,2,TinyLlama,True,,[],False,8
Which has lower oxalate: raw amaranth or cooked jute leaves?,comparison,3,TinyLlama,True,,[],False,10
Compare vitamin B12 in fortified vs unfortified plant milks,comparison,3,TinyLlama,True,,[],False,9
Is boiled egg or palm nut soup better for choline intake?,comparison,2,TinyLlama,True,,[],False,11
Compare magnesium bioavailability in raw vs roasted pumpkin seeds,comparison,4,Mistral,True,,[],False,9
Which has higher tryptophan: unfermented vs fermented soy?,comparison,3,TinyLlama,True,,[],False,8
Compare potassium content in fresh vs dried bananas,comparison,2,TinyLlama,True,,[],False,8
Is palm wine or fermented cassava better for gut health?,comparison,4,Mistral,True,,[],False,10
Compare vitamin D3 in fortified milk vs egg yolks,comparison,3,TinyLlama,True,,[],False,9
Which African legume has highest methionine: bambara nut or pigeon pea?,comparison,3,TinyLlama,True,,[],False,11
Compare calcium absorption from traditional vs commercial yogurts,comparison,4,Mistral,True,,[],False,8
Is palm oil or shea butter better for vitamin K2 absorption?,comparison,3,TinyLlama,True,,[],False,11
Compare phytate reduction: soaking vs sprouting vs fermenting cowpeas,comparison,4,Mistral,True,,[],False,9
Which has higher lycopene: fresh vs cooked tomatoes?,comparison,2,TinyLlama,True,,[],False,8
Compare iron content in traditional Nigerian vs Ghanaian soups,comparison,3,TinyLlama,True,,[],False,9
Is roasted or boiled yam better for blood sugar control?,comparison,3,TinyLlama,True,,[],False,10
Compare zinc levels in fresh vs dried crayfish,comparison,3,TinyLlama,True,,[],False,8
"Which traditional preparation lowers phytate most: ogi,  akamu,  or kenkey?",comparison,4,Mistral,True,,[],False,10
Compare protein quality: boiled vs roasted groundnuts,comparison,3,TinyLlama,True,,[],False,7
Is palm oil or coconut oil better for vitamin E absorption?,comparison,2,TinyLlama,True,,[],False,11
Compare iron bioavailability: fresh vs canned spinach,comparison,3,TinyLlama,True,,[],False,7
Which has lower oxalate: raw amaranth or cooked jute leaves?,comparison,3,TinyLlama,True,,[],False,10
Compare vitamin B12 in fortified vs unfortified plant milks,comparison,3,TinyLlama,True,,[],False,9
Is boiled egg or palm nut soup better for choline intake?,comparison,2,TinyLlama,True,,[],False,11
Compare magnesium bioavailability: raw vs roasted pumpkin seeds,comparison,4,Mistral,True,,[],False,8
Which has higher tryptophan: unfermented vs fermented soy?,comparison,3,TinyLlama,True,,[],False,8
Compare potassium content: fresh vs dried bananas,comparison,2,TinyLlama,True,,[],False,7
Is palm wine or fermented cassava better for gut health?,comparison,4,Mistral,True,,[],False,10
Compare vitamin D3: fortified milk vs egg yolks,comparison,3,TinyLlama,True,,[],False,8
Which African legume has highest methionine: bambara nut or pigeon pea?,comparison,3,TinyLlama,True,,[],False,11
Compare calcium absorption: traditional vs commercial yogurts,comparison,4,Mistral,True,,[],False,7
Is palm oil or shea butter better for vitamin K2 absorption?,comparison,3,TinyLlama,True,,[],False,11
Compare phytate reduction: soaking vs sprouting vs fermenting cowpeas,comparison,4,Mistral,True,,[],False,9
Which has higher lycopene: fresh vs cooked tomatoes?,comparison,2,TinyLlama,True,,[],False,8
Compare iron content: traditional Nigerian vs Ghanaian soups,comparison,3,TinyLlama,True,,[],False,8
Is roasted or boiled yam better for blood sugar control?,comparison,3,TinyLlama,True,,[],False,10
Compare zinc levels: fresh vs dried crayfish,comparison,3,TinyLlama,True,,[],False,7
"Which traditional preparation lowers phytate most: ogi,  akamu,  or kenkey?",comparison,4,Mistral,True,,[],False,10
Compare protein quality: boiled vs roasted groundnuts,comparison,3,TinyLlama,True,,[],False,7
Is palm oil or coconut oil better for vitamin E absorption?,comparison,2,TinyLlama,True,,[],False,11
Compare iron bioavailability: fresh vs canned spinach,comparison,3,TinyLlama,True,,[],False,7
Which has lower oxalate: raw amaranth or cooked jute leaves?,comparison,3,TinyLlama,True,,[],False,10
Compare vitamin B12: fortified vs unfortified plant milks,comparison,3,TinyLlama,True,,[],False,8
Is boiled egg or palm nut soup better for choline intake?,comparison,2,TinyLlama,True,,[],False,11
Compare magnesium bioavailability: raw vs roasted pumpkin seeds,comparison,4,Mistral,True,,[],False,8
Which has higher tryptophan: unfermented vs fermented soy?,comparison,3,TinyLlama,True,,[],False,8
Compare potassium content: fresh vs dried bananas,comparison,2,TinyLlama,True,,[],False,7
Is palm wine or fermented cassava better for gut health?,comparison,4,Mistral,True,,[],False,10
Compare vitamin D3: fortified milk vs egg yolks,comparison,3,TinyLlama,True,,[],False,8
Which African legume has highest methionine: bambara nut or pigeon pea?,comparison,3,TinyLlama,True,,[],False,11
Compare calcium absorption: traditional vs commercial yogurts,comparison,4,Mistral,True,,[],False,7
Is palm oil or shea butter better for vitamin K2 absorption?,comparison,3,TinyLlama,True,,[],False,11
Compare phytate reduction: soaking vs sprouting vs fermenting cowpeas,comparison,4,Mistral,True,,[],False,9
Which has higher lycopene: fresh vs cooked tomatoes?,comparison,2,TinyLlama,True,,[],False,8
Compare iron content: traditional Nigerian vs Ghanaian soups,comparison,3,TinyLlama,True,,[],False,8
Is roasted or boiled yam better for blood sugar control?,comparison,3,TinyLlama,True,,[],False,10
Compare zinc levels: fresh vs dried crayfish,comparison,3,TinyLlama,True,,[],False,7
"Which traditional preparation lowers phytate most: ogi,  akamu,  or kenkey?",comparison,4,Mistral,True,,[],False,10
Compare protein quality: boiled vs roasted groundnuts,comparison,3,TinyLlama,True,,[],False,7
Is palm oil or coconut oil better for vitamin E absorption?,comparison,2,TinyLlama,True,,[],False,11
Compare iron bioavailability: fresh vs canned spinach,comparison,3,TinyLlama,True,,[],False,7
Which has lower oxalate: raw amaranth or cooked jute leaves?,comparison,3,TinyLlama,True,,[],False,10
Compare vitamin B12 in fortified vs unfortified soy milk,comparison,3,TinyLlama,True,,[],False,9
Is boiled egg or palm nut soup better for choline intake?,comparison,2,TinyLlama,True,,[],False,11
Compare magnesium bioavailability in raw vs roasted sesame seeds,comparison,4,Mistral,True,,[],False,9
Which has higher tryptophan: unfermented vs fermented cowpea?,comparison,3,TinyLlama,True,,[],False,8
Compare potassium content in fresh vs dried mango,comparison,2,TinyLlama,True,,[],False,8
Is palm wine or fermented cassava better for butyrate production?,comparison,4,Mistral,True,,[],False,10
Compare vitamin D3 in fortified milk vs fatty fish,comparison,3,TinyLlama,True,,[],False,9
Which African legume has highest cysteine: bambara nut or cowpea?,comparison,3,TinyLlama,True,,[],False,10
Compare calcium absorption from traditional vs fortified plant milks,comparison,4,Mistral,True,,[],False,9
Is palm oil or coconut oil better for vitamin K1 absorption?,comparison,3,TinyLlama,True,,[],False,11
Compare phytate reduction: 4h soak vs 12h soak vs fermentation,comparison,4,Mistral,True,,[],False,10
Which has higher beta-carotene: fresh vs cooked carrots?,comparison,2,TinyLlama,True,,[],False,8
Compare iron content in Nigerian egusi soup vs Ghanaian groundnut soup,comparison,3,TinyLlama,True,,[],False,11
Is roasted plantain or boiled cassava better for glycemic control?,comparison,3,TinyLlama,True,,[],False,10
Compare zinc levels in fresh vs dried mushrooms,comparison,3,TinyLlama,True,,[],False,8
Which traditional preparation lowers phytate most: ogi vs akamu?,comparison,4,Mistral,True,,[],False,9
Compare protein quality of boiled vs roasted melon seeds,comparison,3,TinyLlama,True,,[],False,9
Is palm oil or shea butter better for vitamin E absorption?,comparison,2,TinyLlama,True,,[],False,11
Compare iron bioavailability in fresh vs frozen spinach,comparison,3,TinyLlama,True,,[],False,8
Which has lower phytic acid: raw amaranth or cooked bitter leaf?,comparison,3,TinyLlama,True,,[],False,11
Compare vitamin B12 in fortified nutritional yeast vs animal sources,comparison,3,TinyLlama,True,,[],False,10
Is boiled egg or palm nut soup better for choline bioavailability?,comparison,2,TinyLlama,True,,[],False,11
Compare magnesium bioavailability in raw vs roasted melon seeds,comparison,4,Mistral,True,,[],False,9
Which has higher tryptophan: unfermented vs fermented bambara nut?,comparison,3,TinyLlama,True,,[],False,9
Compare potassium content in fresh vs dried plantain,comparison,2,TinyLlama,True,,[],False,8
Is palm wine or fermented millet better for gut microbiome diversity?,comparison,4,Mistral,True,,[],False,11
Compare vitamin D3 in fortified milk vs mushrooms exposed to UV,comparison,3,TinyLlama,True,,[],False,11
Which African legume has highest methionine: cowpea or pigeon pea?,comparison,3,TinyLlama,True,,[],False,10
Compare calcium absorption from traditional vs commercial cheese,comparison,4,Mistral,True,,[],False,8
Is palm oil or coconut oil better for vitamin K2 (MK-7) absorption?,comparison,3,TinyLlama,True,,[],False,12
Compare phytate reduction: soaking in acidic water vs alkaline water,comparison,4,Mistral,True,,[],False,10
Which has higher lycopene: fresh tomatoes or tomato paste?,comparison,2,TinyLlama,True,,[],False,9
Compare iron content in traditional Nigerian vs Kenyan stews,comparison,3,TinyLlama,True,,[],False,9
Is roasted yam or boiled cocoyam better for blood sugar control?,comparison,3,TinyLlama,True,,[],False,11
Compare zinc levels in fresh vs dried oysters,comparison,3,TinyLlama,True,,[],False,8
Which traditional preparation lowers phytate most: kenkey vs banku?,comparison,4,Mistral,True,,[],False,9
Compare protein quality: boiled vs roasted soybeans,comparison,3,TinyLlama,True,,[],False,7
Is palm oil or shea butter better for vitamin E absorption?,comparison,2,TinyLlama,True,,[],False,11
Compare iron bioavailability: fresh spinach vs cooked spinach,comparison,3,TinyLlama,True,,[],False,8
Which has lower oxalate: raw pumpkin leaves or cooked pumpkin leaves?,comparison,3,TinyLlama,True,,[],False,11
Compare vitamin B12 in fortified plant milks vs animal milks,comparison,3,TinyLlama,True,,[],False,10
Is boiled egg or palm nut soup better for choline bioavailability?,comparison,2,TinyLlama,True,,[],False,11
Compare magnesium bioavailability: raw vs roasted cashews,comparison,4,Mistral,True,,[],False,7
Which has higher tryptophan: unfermented vs fermented pigeon pea?,comparison,3,TinyLlama,True,,[],False,9
Compare potassium content: fresh vs dried guava,comparison,2,TinyLlama,True,,[],False,7
Is palm wine or fermented cassava better for SCFA production?,comparison,4,Mistral,True,,[],False,10
Compare vitamin D3: fortified milk vs egg yolks from pasture-raised chickens,comparison,3,TinyLlama,True,,[],False,11
Which African legume has highest methionine: bambara nut or cowpea?,comparison,3,TinyLlama,True,,[],False,10
Compare calcium absorption: traditional vs commercial yogurt,comparison,4,Mistral,True,,[],False,7
Is palm oil or coconut oil better for vitamin K1 absorption?,comparison,3,TinyLlama,True,,[],False,11
How much zinc should a 3-year-old child consume daily?,recommendation,4,Mistral,True,,[],False,9
What's the recommended daily fiber intake for an adult with constipation?,recommendation,3,Mistral,True,,[],False,11
How much vitamin C should a smoker consume daily?,recommendation,3,Mistral,True,,[],False,9
What's the ideal protein intake for a 70kg Nigerian bodybuilder?,recommendation,4,Mistral,True,,[],False,10
How much iron should a menstruating woman consume daily?,recommendation,3,Mistral,True,,[],False,9
What's the recommended daily water intake for someone in Ghanaian climate?,recommendation,3,Mistral,True,,[],False,11
How much vitamin D should a dark-skinned person in Nigeria take daily?,recommendation,4,Mistral,True,,[],False,12
What's the ideal carbohydrate intake for a diabetic patient?,recommendation,3,Mistral,True,,[],False,9
How much omega-3 should someone with rheumatoid arthritis consume daily?,recommendation,4,Mistral,True,,[],False,10
What's the recommended daily sodium limit for someone with hypertension?,recommendation,3,Mistral,True,,['sodium'],True,10
How much vitamin B12 should a vegan consume daily?,recommendation,3,Mistral,True,,[],False,9
What's the ideal calcium intake for a postmenopausal woman?,recommendation,3,Mistral,True,,[],False,9
How much magnesium should someone with migraines consume daily?,recommendation,4,Mistral,True,,[],False,9
What's the recommended daily potassium intake for someone on diuretics?,recommendation,4,Mistral,True,,['potassium'],True,10
How much folate should a pregnant woman consume daily?,recommendation,3,Mistral,True,,[],False,9
What's the ideal protein intake for a child with kwashiorkor?,recommendation,5,Mistral,True,,[],False,10
How much zinc should a child with diarrhea consume daily?,recommendation,5,Mistral,True,,[],False,10
What's the recommended daily vitamin A intake for a child in Nigeria?,recommendation,4,Mistral,True,,[],False,12
How much vitamin K should someone on warfarin maintain daily?,recommendation,5,Mistral,True,,[],False,10
What's the ideal iron intake for a vegetarian athlete?,recommendation,4,Mistral,True,,[],False,9
How much vitamin C should a child with scurvy consume daily?,recommendation,5,Mistral,True,,[],False,11
What's the recommended daily calorie intake for weight loss in Nigeria?,recommendation,4,Mistral,True,,[],False,11
How much protein should a child with marasmus consume daily?,recommendation,5,Mistral,True,,[],False,10
What's the ideal fat intake for someone with fatty liver disease?,recommendation,4,Mistral,True,,[],False,11
How much vitamin D should a breastfed infant consume daily?,recommendation,4,Mistral,True,,[],False,10
What's the recommended daily iodine intake in iodine-deficient regions?,recommendation,4,Mistral,True,,[],False,9
How much selenium should someone with thyroid issues consume daily?,recommendation,4,Mistral,True,,[],False,10
What's the ideal carbohydrate intake for a child with reactive hypoglycemia?,recommendation,4,Mistral,True,,[],False,11
How much vitamin E should someone with NAFLD consume daily?,recommendation,4,Mistral,True,,[],False,10
What's the recommended daily chromium intake for someone with insulin resistance?,recommendation,4,Mistral,True,,[],False,11
How much zinc should a 5-year-old with stunted growth consume daily?,recommendation,5,Mistral,True,,[],False,11
What's the ideal protein intake for a 60kg Kenyan runner?,recommendation,4,Mistral,True,,[],False,10
How much iron should a breastfeeding woman consume daily?,recommendation,3,Mistral,True,,[],False,9
What's the recommended daily fiber intake for someone with IBS-D?,recommendation,3,Mistral,True,,[],False,10
How much vitamin D should someone with CKD stage 3 consume daily?,recommendation,5,Mistral,True,,[],False,12
What's the ideal calcium intake for a child with rickets?,recommendation,5,Mistral,True,,[],False,10
How much magnesium should someone with muscle cramps consume daily?,recommendation,4,Mistral,True,,[],False,10
What's the recommended daily potassium intake for someone with hypokalemia?,recommendation,5,Mistral,True,,[],False,10
How much folate should someone with MTHFR mutation consume daily?,recommendation,5,Mistral,True,,[],False,10
What's the ideal protein intake for a child with cystic fibrosis?,recommendation,5,Mistral,True,,[],False,11
How much zinc should a child with acrodermatitis enteropathica consume daily?,recommendation,5,Mistral,True,,[],False,11
What's the recommended daily vitamin A intake for a child with measles?,recommendation,5,Mistral,True,,[],False,12
How much vitamin K should someone with cholestasis consume daily?,recommendation,5,Mistral,True,,[],False,10
What's the ideal iron intake for a child with sickle cell disease?,recommendation,5,Mistral,True,,[],False,12
How much vitamin C should a child with malnutrition consume daily?,recommendation,5,Mistral,True,,[],False,11
What's the recommended daily calorie intake for catch-up growth in Nigeria?,recommendation,5,Mistral,True,,[],False,11
How much protein should a child with protein-energy malnutrition consume daily?,recommendation,5,Mistral,True,,[],False,11
What's the ideal fat intake for someone with chylomicron retention disease?,recommendation,5,Mistral,True,,[],False,11
How much vitamin D should a child with rickets consume daily?,recommendation,5,Mistral,True,,[],False,11
What's the recommended daily iodine intake for pregnant women in Africa?,recommendation,4,Mistral,True,,[],False,11
How much selenium should someone with Keshan disease consume daily?,recommendation,5,Mistral,True,,[],False,10
What's the ideal carbohydrate intake for a child with glycogen storage disease?,recommendation,5,Mistral,True,,[],False,12
How much vitamin E should someone with ataxia consume daily?,recommendation,5,Mistral,True,,[],False,10
What's the recommended daily chromium intake for someone with metabolic syndrome?,recommendation,4,Mistral,True,,[],False,11
How much zinc should a 2-year-old with chronic diarrhea consume daily?,recommendation,5,Mistral,True,,[],False,11
What's the ideal protein intake for a 50kg Ghanaian weightlifter?,recommendation,4,Mistral,True,,[],False,10
How much iron should a pregnant woman in Nigeria consume daily?,recommendation,4,Mistral,True,,[],False,11
What's the recommended daily fiber intake for someone with IBS-C?,recommendation,3,Mistral,True,,[],False,10
How much vitamin D should someone with osteoporosis consume daily?,recommendation,4,Mistral,True,,[],False,10
What's the ideal calcium intake for a child with hypocalcemia?,recommendation,5,Mistral,True,,[],False,10
How much magnesium should someone with insulin resistance consume daily?,recommendation,4,Mistral,True,,[],False,10
What's the recommended daily potassium intake for someone with hypertension?,recommendation,4,Mistral,True,,['potassium'],True,10
How much folate should someone with elevated homocysteine consume daily?,recommendation,5,Mistral,True,,[],False,10
What's the ideal protein intake for a child with MSUD?,recommendation,5,Mistral,True,,[],False,10
How much zinc should a child with zinc deficiency consume daily?,recommendation,5,Mistral,True,,[],False,11
What's the recommended daily vitamin A intake for a child with xerophthalmia?,recommendation,5,Mistral,True,,[],False,12
How much vitamin K should someone with vitamin K deficiency bleeding consume daily?,recommendation,5,Mistral,True,,[],False,13
What's the ideal iron intake for a child with thalassemia?,recommendation,5,Mistral,True,,[],False,10
How much vitamin C should a child with scurvy consume daily?,recommendation,5,Mistral,True,,[],False,11
What's the recommended daily calorie intake for weight gain in Nigeria?,recommendation,4,Mistral,True,,[],False,11
How much protein should a child with marasmus consume daily?,recommendation,5,Mistral,True,,[],False,10
What's the ideal fat intake for someone with short bowel syndrome?,recommendation,5,Mistral,True,,[],False,11
How much vitamin D should a child with hypocalcemic seizures consume daily?,recommendation,5,Mistral,True,,[],False,12
What's the recommended daily iodine intake for breastfeeding women?,recommendation,4,Mistral,True,,[],False,9
How much selenium should someone with Kashin-Beck disease consume daily?,recommendation,5,Mistral,True,,[],False,10
What's the ideal carbohydrate intake for someone with reactive hypoglycemia?,recommendation,4,Mistral,True,,[],False,10
How much vitamin E should someone with hemolytic anemia consume daily?,recommendation,5,Mistral,True,,[],False,11
What's the recommended daily chromium intake for someone with prediabetes?,recommendation,4,Mistral,True,,[],False,10
How much zinc should a 4-year-old with impaired immunity consume daily?,recommendation,5,Mistral,True,,[],False,11
What's the ideal protein intake for a 55kg South African cyclist?,recommendation,4,Mistral,True,,[],False,11
How much iron should a vegetarian consume daily?,recommendation,3,Mistral,True,,[],False,8
What's the recommended daily fiber intake for someone with diverticulosis?,recommendation,3,Mistral,True,,[],False,10
How much vitamin D should someone with sarcopenia consume daily?,recommendation,4,Mistral,True,,[],False,10
What's the ideal calcium intake for a child with osteogenesis imperfecta?,recommendation,5,Mistral,True,,[],False,11
How much magnesium should someone with migraines consume daily?,recommendation,4,Mistral,True,,[],False,9
What's the recommended daily potassium intake for someone with hypokalemia?,recommendation,5,Mistral,True,,[],False,10
How much folate should someone with neural tube defect history consume daily?,recommendation,5,Mistral,True,,[],False,12
What's the ideal protein intake for a child with PKU?,recommendation,5,Mistral,True,,[],False,10
How much zinc should a child with diarrhea consume daily?,recommendation,5,Mistral,True,,[],False,10
What's the recommended daily vitamin A intake for a child with measles complications?,recommendation,5,Mistral,True,,[],False,13
How much vitamin K should someone with liver disease consume daily?,recommendation,5,Mistral,True,,[],False,11
What's the ideal iron intake for someone with hemochromatosis?,recommendation,5,Mistral,True,,[],False,9
How much vitamin C should a child with malnutrition consume daily?,recommendation,5,Mistral,True,,[],False,11
What's the recommended daily calorie intake for athletes in hot climates?,recommendation,4,Mistral,True,,[],False,11
How much protein should a child with kwashiorkor consume daily?,recommendation,5,Mistral,True,,[],False,10
What's the ideal fat intake for someone with pancreatic insufficiency?,recommendation,5,Mistral,True,,[],False,10
How much vitamin D should a child with rickets consume daily?,recommendation,5,Mistral,True,,[],False,11
What's the recommended daily iodine intake for infants?,recommendation,4,Mistral,True,,[],False,8
How much selenium should someone with thyroiditis consume daily?,recommendation,4,Mistral,True,,[],False,9
What's the ideal carbohydrate intake for someone with type 1 diabetes?,recommendation,4,Mistral,True,,[],False,11
How much zinc should a 3-year-old with stunted growth consume daily?,recommendation,5,Mistral,True,,[],False,11
What's the ideal protein intake for a 65kg Nigerian basketball player?,recommendation,4,Mistral,True,,[],False,11
How much iron should a menstruating woman in Ghana consume daily?,recommendation,4,Mistral,True,,[],False,11
What's the recommended daily fiber intake for someone with ulcerative colitis?,recommendation,3,Mistral,True,,[],False,11
How much vitamin D should someone with CKD stage 2 consume daily?,recommendation,5,Mistral,True,,[],False,12
What's the ideal calcium intake for a child with hypophosphatemic rickets?,recommendation,5,Mistral,True,,[],False,11
How much magnesium should someone with muscle spasms consume daily?,recommendation,4,Mistral,True,,[],False,10
What's the recommended daily potassium intake for someone with hyperkalemia?,recommendation,5,Mistral,True,,[],False,10
How much folate should someone with MTHFR C677T genotype consume daily?,recommendation,5,Mistral,True,,[],False,11
What's the ideal protein intake for a child with cystic fibrosis?,recommendation,5,Mistral,True,,[],False,11
How much zinc should a child with acrodermatitis enteropathica consume daily?,recommendation,5,Mistral,True,,[],False,11
What's the recommended daily vitamin A intake for a child with night blindness?,recommendation,5,Mistral,True,,[],False,13
How much vitamin K should someone with cholestasis consume daily?,recommendation,5,Mistral,True,,[],False,10
What's the ideal iron intake for a child with sickle cell disease on hydroxyurea?,recommendation,5,Mistral,True,,[],False,14
How much vitamin C should a child with scurvy consume daily?,recommendation,5,Mistral,True,,[],False,11
What's the recommended daily calorie intake for weight maintenance in Nigeria?,recommendation,4,Mistral,True,,[],False,11
How much protein should a child with marasmus consume daily?,recommendation,5,Mistral,True,,[],False,10
What's the ideal fat intake for someone with chylomicron retention disease?,recommendation,5,Mistral,True,,[],False,11
How much vitamin D should a child with hypocalcemia consume daily?,recommendation,5,Mistral,True,,[],False,11
What's the recommended daily iodine intake for pregnant women?,recommendation,4,Mistral,True,,[],False,9
How much selenium should someone with Keshan disease consume daily?,recommendation,5,Mistral,True,,[],False,10
What's the ideal carbohydrate intake for a child with glycogen storage disease type I?,recommendation,5,Mistral,True,,[],False,14
How much vitamin E should someone with ataxia-telangiectasia consume daily?,recommendation,5,Mistral,True,,[],False,10
What's the recommended daily chromium intake for someone with metabolic syndrome?,recommendation,4,Mistral,True,,[],False,11
How much zinc should a 2-year-old with chronic diarrhea consume daily?,recommendation,5,Mistral,True,,[],False,11
What's the ideal protein intake for a 50kg Ghanaian weightlifter?,recommendation,4,Mistral,True,,[],False,10
How much iron should a pregnant woman in Nigeria consume daily?,recommendation,4,Mistral,True,,[],False,11
What's the recommended daily fiber intake for someone with IBS-C?,recommendation,3,Mistral,True,,[],False,10
How much vitamin D should someone with osteoporosis consume daily?,recommendation,4,Mistral,True,,[],False,10
What's the ideal calcium intake for a child with hypocalcemia?,recommendation,5,Mistral,True,,[],False,10
How much magnesium should someone with insulin resistance consume daily?,recommendation,4,Mistral,True,,[],False,10
What's the recommended daily potassium intake for someone with hypertension?,recommendation,4,Mistral,True,,['potassium'],True,10
How much folate should someone with elevated homocysteine consume daily?,recommendation,5,Mistral,True,,[],False,10
What's the ideal protein intake for a child with MSUD?,recommendation,5,Mistral,True,,[],False,10
How much zinc should a child with zinc deficiency consume daily?,recommendation,5,Mistral,True,,[],False,11
What's the recommended daily vitamin A intake for a child with xerophthalmia?,recommendation,5,Mistral,True,,[],False,12
How much vitamin K should someone with vitamin K deficiency bleeding consume daily?,recommendation,5,Mistral,True,,[],False,13
What's the ideal iron intake for a child with thalassemia?,recommendation,5,Mistral,True,,[],False,10
How much vitamin C should a child with scurvy consume daily?,recommendation,5,Mistral,True,,[],False,11
What's the recommended daily calorie intake for weight gain in Nigeria?,recommendation,4,Mistral,True,,[],False,11
How much protein should a child with marasmus consume daily?,recommendation,5,Mistral,True,,[],False,10
What's the ideal fat intake for someone with short bowel syndrome?,recommendation,5,Mistral,True,,[],False,11
How much vitamin D should a child with hypocalcemic seizures consume daily?,recommendation,5,Mistral,True,,[],False,12
What's the recommended daily iodine intake for breastfeeding women?,recommendation,4,Mistral,True,,[],False,9
How much selenium should someone with Kashin-Beck disease consume daily?,recommendation,5,Mistral,True,,[],False,10
What's the ideal carbohydrate intake for someone with reactive hypoglycemia?,recommendation,4,Mistral,True,,[],False,10
How much vitamin E should someone with hemolytic anemia consume daily?,recommendation,5,Mistral,True,,[],False,11
What's the recommended daily chromium intake for someone with prediabetes?,recommendation,4,Mistral,True,,[],False,10
How much zinc should a 4-year-old with impaired immunity consume daily?,recommendation,5,Mistral,True,,[],False,11
What's the ideal protein intake for a 55kg South African cyclist?,recommendation,4,Mistral,True,,[],False,11
Nutrition therapy for hypertension with creatinine 1.2 mg/dL,therapy,5,Mistral,False,,['creatinine'],True,8
Diet plan for type 2 diabetes with HbA1c 8.5% and on metformin,therapy,5,Mistral,False,,"['glucose', 'hba1c']",True,12
What should I eat if I have CKD stage 3 with urea 55 mg/dL?,therapy,5,Mistral,False,,"['uric_acid', 'calcium', 'oxalate', 'urea']",True,14
Nutrition therapy for autoimmune disorder (Grave's disease) with TSH 0.1,therapy,5,Mistral,False,,[],True,10
"My patient has gout with uric acid 9.2 mg/dL,  what diet therapy should I prescribe?",therapy,5,Mistral,False,,[],True,15
Dietary management for rheumatoid arthritis with CRP 15 mg/L,therapy,5,Mistral,False,,[],True,9
Nutrition plan for NAFLD with ALT 65 U/L and BMI 32,therapy,5,Mistral,False,,[],True,11
Diet therapy for ulcerative colitis in remission with calprotectin 120 µg/g,therapy,5,Mistral,False,,[],True,11
What to eat with celiac disease and iron deficiency anemia (ferritin 8 ng/mL)?,therapy,5,Mistral,False,,['ferritin'],True,13
Nutrition management for heart failure with ejection fraction 35%,therapy,5,Mistral,False,,[],True,9
Diet plan for type 1 diabetes with frequent hypoglycemia episodes,therapy,5,Mistral,False,,[],True,10
Nutrition therapy for osteoporosis with T-score -2.8,therapy,5,Mistral,False,,"['calcium', 'vitamin_d']",True,7
Dietary management for IBS-D with positive lactose breath test,therapy,5,Mistral,False,,[],True,9
What should I eat if I have PKU with blood Phe 450 µmol/L?,therapy,5,Mistral,False,,[],True,13
Nutrition therapy for MSUD with leucine 800 µmol/L,therapy,5,Mistral,False,,[],True,8
Diet plan for cystic fibrosis with fecal elastase 80 µg/g,therapy,5,Mistral,False,,[],True,10
Nutrition management for anorexia nervosa with BMI 15.2,therapy,5,Mistral,False,,[],True,8
Diet therapy for Crohn's disease with CRP 25 mg/L,therapy,5,Mistral,False,,[],True,9
What to eat with hemochromatosis and ferritin 1500 ng/mL?,therapy,5,Mistral,False,,['ferritin'],True,9
Nutrition plan for sarcopenia in elderly with SPPB score 6/12,therapy,5,Mistral,False,,[],True,10
Diet therapy for hypertension and high cholesterol with LDL 160 mg/dL,therapy,5,Mistral,False,,[],True,11
Nutrition management for diabetic nephropathy with albumin:creatinine ratio 350 mg/g,therapy,5,Mistral,False,,[],True,10
What should I eat if I have gluten ataxia with positive anti-gliadin antibodies?,therapy,5,Mistral,False,,[],True,13
Diet plan for phenylketonuria with blood phenylalanine 600 µmol/L,therapy,5,Mistral,False,,[],True,9
Nutrition therapy for short bowel syndrome with D-xylose test 5 mg/dL,therapy,5,Mistral,False,,[],True,11
Dietary management for chronic pancreatitis with fecal elastase 40 µg/g,therapy,5,Mistral,False,,[],True,10
What to eat with Wilson's disease and ceruloplasmin 10 mg/dL?,therapy,5,Mistral,False,,[],True,10
Nutrition plan for Marfan syndrome with aortic root dilation,therapy,5,Mistral,False,,[],True,9
Diet therapy for Ehlers-Danlos syndrome with POTS,therapy,5,Mistral,False,,[],True,7
What should I eat if I have hereditary hemochromatosis and ferritin 2000 ng/mL?,therapy,5,Mistral,False,,['ferritin'],True,13
Nutrition management for NAFLD with fibrosis stage 2 on FibroScan,therapy,5,Mistral,False,,[],True,10
Diet plan for type 2 diabetes with CKD stage 3 (eGFR 45 mL/min),therapy,5,Mistral,False,,"['glucose', 'calcium', 'uric_acid', 'hba1c', 'oxalate']",True,13
Nutrition therapy for ulcerative colitis flare with Mayo score 9,therapy,5,Mistral,False,,[],True,10
Dietary management for celiac disease with persistent symptoms despite gluten-free diet,therapy,5,Mistral,False,,[],True,11
What should I eat if I have Sjögren's syndrome with dry mouth?,therapy,5,Mistral,False,,[],True,12
Diet therapy for rheumatoid arthritis with methotrexate treatment,therapy,5,Mistral,False,,[],True,8
Nutrition plan for osteopenia with vitamin D 18 ng/mL,therapy,5,Mistral,False,,[],True,9
What to eat with hyperthyroidism and on methimazole treatment?,therapy,5,Mistral,False,,[],True,9
Diet management for Crohn's disease with stricturing phenotype,therapy,5,Mistral,False,,[],True,8
Nutrition therapy for anorexia nervosa with refeeding syndrome risk,therapy,5,Mistral,False,,[],True,9
What should I eat if I have chylomicron retention disease with vitamin E 3 µg/mL?,therapy,5,Mistral,False,,[],True,15
Diet plan for MSUD with valine 400 µmol/L,therapy,5,Mistral,False,,[],True,8
Nutrition management for cystic fibrosis with pancreatic insufficiency,therapy,5,Mistral,False,,[],True,8
Diet therapy for hypertension with potassium 3.2 mmol/L,therapy,5,Mistral,False,,[],True,8
What to eat with type 2 diabetes and GLP-1 agonist treatment?,therapy,5,Mistral,False,,"['glucose', 'hba1c']",True,11
Nutrition plan for NAFLD with NASH confirmed by biopsy,therapy,5,Mistral,False,,[],True,9
Diet therapy for ulcerative colitis with primary sclerosing cholangitis,therapy,5,Mistral,False,,[],True,9
What should I eat if I have celiac disease and concurrent IgA deficiency?,therapy,5,Mistral,False,,[],True,13
Nutrition management for rheumatoid arthritis with TNF inhibitor treatment,therapy,5,Mistral,False,,[],True,9
Diet plan for osteoporosis with history of fragility fracture,therapy,5,Mistral,False,,"['calcium', 'vitamin_d']",True,9
Nutrition therapy for hypertension with sodium 150 mmol/L,therapy,5,Mistral,False,,[],True,8
What to eat with type 1 diabetes and celiac disease comorbidity?,therapy,5,Mistral,False,,[],True,11
Diet management for IBD with iron deficiency anemia (ferritin 10 ng/mL),therapy,5,Mistral,False,,['ferritin'],True,11
Nutrition plan for CKD stage 4 with phosphorus 5.2 mg/dL,therapy,5,Mistral,False,,"['uric_acid', 'calcium', 'oxalate']",True,10
Diet therapy for autoimmune hepatitis with ALT 120 U/L,therapy,5,Mistral,False,,[],True,9
What should I eat if I have MCAD deficiency with carnitine 15 µmol/L?,therapy,5,Mistral,False,,[],True,13
Nutrition management for anorexia nervosa with hypokalemia (K+ 2.8 mmol/L),therapy,5,Mistral,False,,[],True,10
Diet plan for PKU with tyrosine 30 µmol/L,therapy,5,Mistral,False,,[],True,8
Nutrition therapy for MSUD with isoleucine 300 µmol/L,therapy,5,Mistral,False,,[],True,8
What to eat with cystic fibrosis and CFRD (cystic fibrosis-related diabetes)?,therapy,5,Mistral,False,,[],True,11
Diet management for heart failure with hyponatremia (Na+ 128 mmol/L),therapy,5,Mistral,False,,[],True,10
Nutrition plan for NAFLD with T2DM and obesity (BMI 38),therapy,5,Mistral,False,,[],True,10
Diet therapy for ulcerative colitis with pouchitis,therapy,5,Mistral,False,,[],True,7
What should I eat if I have celiac disease and concurrent SIBO?,therapy,5,Mistral,False,,[],True,12
Nutrition management for rheumatoid arthritis with tocilizumab treatment,therapy,5,Mistral,False,,[],True,8
Diet plan for osteoporosis with history of vertebral fracture,therapy,5,Mistral,False,,"['calcium', 'vitamin_d']",True,9
Nutrition therapy for hypertension with magnesium 1.2 mg/dL,therapy,5,Mistral,False,,[],True,8
What to eat with type 2 diabetes and SGLT2 inhibitor treatment?,therapy,5,Mistral,False,,"['glucose', 'hba1c']",True,11
Diet management for IBD with vitamin B12 deficiency (200 pg/mL),therapy,5,Mistral,False,,[],True,10
Nutrition plan for CKD stage 3 with potassium 5.8 mg/dL,therapy,5,Mistral,False,,"['uric_acid', 'calcium', 'oxalate']",True,10
Diet therapy for autoimmune hepatitis with bilirubin 2.5 mg/dL,therapy,5,Mistral,False,,[],True,9
What should I eat if I have propionic acidemia with carnitine 10 µmol/L?,therapy,5,Mistral,False,,[],True,13
Nutrition management for anorexia nervosa with refeeding syndrome risk,therapy,5,Mistral,False,,[],True,9
Diet plan for PKU with phenylalanine 500 µmol/L,therapy,5,Mistral,False,,[],True,8
Nutrition therapy for MSUD with leucine 700 µmol/L,therapy,5,Mistral,False,,[],True,8
What to eat with cystic fibrosis and pancreatic enzyme replacement therapy?,therapy,5,Mistral,False,,[],True,11
Diet management for heart failure with hyperkalemia (K+ 5.8 mmol/L),therapy,5,Mistral,False,,[],True,10
Nutrition plan for NAFLD with metabolic syndrome,therapy,5,Mistral,False,,[],True,7
Diet therapy for ulcerative colitis with primary sclerosing cholangitis,therapy,5,Mistral,False,,[],True,9
What should I eat if I have celiac disease and concurrent IgA deficiency?,therapy,5,Mistral,False,,[],True,13
Nutrition management for rheumatoid arthritis with TNF inhibitor treatment,therapy,5,Mistral,False,,[],True,9
Diet plan for osteoporosis with history of fragility fracture,therapy,5,Mistral,False,,"['calcium', 'vitamin_d']",True,9
Nutrition therapy for hypertension with sodium 150 mmol/L,therapy,5,Mistral,False,,[],True,8
What to eat with type 1 diabetes and celiac disease comorbidity?,therapy,5,Mistral,False,,[],True,11
Diet management for IBD with iron deficiency anemia (ferritin 10 ng/mL),therapy,5,Mistral,False,,['ferritin'],True,11
Nutrition plan for CKD stage 4 with phosphorus 5.2 mg/dL,therapy,5,Mistral,False,,"['uric_acid', 'calcium', 'oxalate']",True,10
Diet therapy for autoimmune hepatitis with ALT 120 U/L,therapy,5,Mistral,False,,[],True,9
What should I eat if I have MCAD deficiency with carnitine 15 µmol/L?,therapy,5,Mistral,False,,[],True,13
Nutrition management for anorexia nervosa with hypokalemia (K+ 2.8 mmol/L),therapy,5,Mistral,False,,[],True,10
Diet plan for PKU with tyrosine 30 µmol/L,therapy,5,Mistral,False,,[],True,8
Nutrition therapy for MSUD with isoleucine 300 µmol/L,therapy,5,Mistral,False,,[],True,8
What to eat with cystic fibrosis and CFRD (cystic fibrosis-related diabetes)?,therapy,5,Mistral,False,,[],True,11
Diet management for heart failure with hyponatremia (Na+ 128 mmol/L),therapy,5,Mistral,False,,[],True,10
Nutrition plan for NAFLD with T2DM and obesity (BMI 38),therapy,5,Mistral,False,,[],True,10
Diet therapy for ulcerative colitis with pouchitis,therapy,5,Mistral,False,,[],True,7
What should I eat if I have celiac disease and concurrent SIBO?,therapy,5,Mistral,False,,[],True,12
Nutrition management for rheumatoid arthritis with tocilizumab treatment,therapy,5,Mistral,False,,[],True,8
Diet plan for osteoporosis with history of vertebral fracture,therapy,5,Mistral,False,,"['calcium', 'vitamin_d']",True,9
Nutrition therapy for hypertension with magnesium 1.2 mg/dL,therapy,5,Mistral,False,,[],True,8
What to eat with type 2 diabetes and SGLT2 inhibitor treatment?,therapy,5,Mistral,False,,"['glucose', 'hba1c']",True,11
Diet management for IBD with vitamin B12 deficiency (200 pg/mL),therapy,5,Mistral,False,,[],True,10
Nutrition plan for CKD stage 3 with potassium 5.8 mg/dL,therapy,5,Mistral,False,,"['uric_acid', 'calcium', 'oxalate']",True,10
Diet therapy for autoimmune hepatitis with bilirubin 2.5 mg/dL,therapy,5,Mistral,False,,[],True,9
What should I eat if I have propionic acidemia with carnitine 10 µmol/L?,therapy,5,Mistral,False,,[],True,13
Nutrition management for anorexia nervosa with refeeding syndrome risk,therapy,5,Mistral,False,,[],True,9
Diet plan for PKU with phenylalanine 500 µmol/L,therapy,5,Mistral,False,,[],True,8
Nutrition therapy for MSUD with leucine 700 µmol/L,therapy,5,Mistral,False,,[],True,8
What to eat with cystic fibrosis and pancreatic enzyme replacement therapy?,therapy,5,Mistral,False,,[],True,11
Diet management for heart failure with hyperkalemia (K+ 5.8 mmol/L),therapy,5,Mistral,False,,[],True,10
Nutrition plan for NAFLD with metabolic syndrome,therapy,5,Mistral,False,,[],True,7
Diet therapy for ulcerative colitis with primary sclerosing cholangitis,therapy,5,Mistral,False,,[],True,9
What should I eat if I have celiac disease and concurrent IgA deficiency?,therapy,5,Mistral,False,,[],True,13
Nutrition management for rheumatoid arthritis with TNF inhibitor treatment,therapy,5,Mistral,False,,[],True,9
Diet plan for osteoporosis with history of fragility fracture,therapy,5,Mistral,False,,"['calcium', 'vitamin_d']",True,9
Nutrition therapy for hypertension with sodium 150 mmol/L,therapy,5,Mistral,False,,[],True,8
What to eat with type 1 diabetes and celiac disease comorbidity?,therapy,5,Mistral,False,,[],True,11
Diet management for IBD with iron deficiency anemia (ferritin 10 ng/mL),therapy,5,Mistral,False,,['ferritin'],True,11
Nutrition plan for CKD stage 4 with phosphorus 5.2 mg/dL,therapy,5,Mistral,False,,"['uric_acid', 'calcium', 'oxalate']",True,10
Nutrient composition of 100g of boiled bambara nut,general,2,TinyLlama,False,,[],False,8
"Tell me what's in avocado — vitamins,  minerals,  etc.",general,2,TinyLlama,False,,[],False,9
Give me the amino acid breakdown of soybean,general,3,Mistral,False,,[],False,8
What is the phytate content of unfermented ogi?,general,3,Mistral,False,,[],False,8
Explain how vitamin K helps with blood clotting,general,4,Mistral,False,,[],False,8
What foods contain the most vitamin C?,general,2,TinyLlama,False,,[],False,7
How does thiamine work in the body?,general,4,Mistral,False,,[],False,7
What is the role of zinc in immune function?,general,4,Mistral,False,,[],False,9
How does the urea cycle work?,general,5,Mistral,False,,[],False,6
What are the biochemical functions of magnesium?,general,4,Mistral,False,,[],False,7
Explain the Krebs cycle in simple terms,general,4,Mistral,False,,[],False,7
What is the chemical structure of vitamin B12?,general,4,Mistral,False,,[],False,8
How does iron get absorbed in the gut?,general,4,Mistral,False,,[],False,8
What is the role of folate in DNA synthesis?,general,4,Mistral,False,,[],False,9
Explain how omega-3 fatty acids reduce inflammation,general,4,Mistral,False,,[],False,7
What is the biochemical mechanism of scurvy?,general,4,Mistral,False,,[],False,7
How does vitamin D regulate calcium absorption?,general,4,Mistral,False,,[],False,7
What is the role of selenium in thyroid function?,general,4,Mistral,False,,[],False,9
Explain the methylation cycle and its importance,general,5,Mistral,False,,[],False,7
What is the biochemical basis of beriberi?,general,4,Mistral,False,,[],False,7
How does carnitine shuttle work for fatty acid oxidation?,general,5,Mistral,False,,[],False,9
What is the role of glutathione in the body?,general,5,Mistral,False,,[],False,9
Explain how insulin regulates blood sugar,general,4,Mistral,False,,[],False,6
What is the biochemical mechanism of diabetes complications?,general,5,Mistral,False,,[],False,8
How does the body process alcohol biochemically?,general,4,Mistral,False,,[],False,7
What is the role of vitamin A in vision?,general,4,Mistral,False,,[],False,9
Explain the biochemical basis of kwashiorkor,general,5,Mistral,False,,[],False,6
How does the body synthesize collagen?,general,4,Mistral,False,,[],False,6
What is the role of biotin in metabolism?,general,4,Mistral,False,,[],False,8
Explain how the gut microbiome produces butyrate,general,5,Mistral,False,,[],False,7
What is the nutrient composition of traditional Nigerian egusi soup?,general,3,Mistral,False,,[],False,10
How much phytate is in 100g of fermented maize?,general,3,Mistral,False,,[],False,9
What is the vitamin K content of natto?,general,3,Mistral,False,,[],False,8
What are the mineral contents of palm oil?,general,3,Mistral,False,,[],False,8
How much zinc is in 100g of dried crayfish?,general,3,Mistral,False,,[],False,9
What is the amino acid profile of cowpea?,general,3,Mistral,False,,[],False,8
How much vitamin C is in fresh vs frozen spinach?,general,3,Mistral,False,,[],False,10
What is the iron content of traditional Ghanaian groundnut soup?,general,3,Mistral,False,,[],False,10
How much magnesium is in roasted pumpkin seeds?,general,3,Mistral,False,,[],False,8
What is the calcium content of traditional African fermented milk?,general,3,Mistral,False,,[],False,10
Compare the iron content of palm oil and shea butter,comparison,2,TinyLlama,True,,[],False,10
Is palm wine or fermented maize better for gut microbiome health?,comparison,4,Mistral,True,,[],False,11
Compare vitamin K levels in raw kale versus fermented soy products,comparison,3,TinyLlama,True,,[],False,11
Which has lower phytate: unfermented ogi or sourdough bread?,comparison,4,Mistral,True,,[],False,9
Compare protein quality of cowpea versus bambara nut using PDCAAS,comparison,3,TinyLlama,True,,[],False,10
Is palm oil or shea butter better for vitamin E absorption?,comparison,2,TinyLlama,True,,[],False,11
Compare iron bioavailability in raw versus sprouted lentils,comparison,4,Mistral,True,,[],False,8
"Which African staple has the lowest phytate: fufu,  ugali,  or banku?",comparison,3,TinyLlama,True,,[],False,11
Compare glycemic index of boiled yam versus roasted plantain,comparison,3,TinyLlama,True,,[],False,9
Is palm wine or fermented cassava better for gut microbiome?,comparison,4,Mistral,True,,[],False,10
Compare calcium content in traditional Nigerian versus Ghanaian soups,comparison,3,TinyLlama,True,,[],False,9
Which has higher lysine: bambara nut or cowpea?,comparison,2,TinyLlama,True,,[],False,8
How much zinc should a 3-year-old child consume daily?,recommendation,4,Mistral,True,,[],False,9
What's the recommended daily fiber intake for an adult with constipation?,recommendation,3,Mistral,True,,[],False,11
How much vitamin C should a smoker consume daily?,recommendation,3,Mistral,True,,[],False,9
What's the ideal protein intake for a 70kg Nigerian bodybuilder?,recommendation,4,Mistral,True,,[],False,10
How much iron should a menstruating woman consume daily?,recommendation,3,Mistral,True,,[],False,9
What's the recommended daily water intake for someone in Ghanaian climate?,recommendation,3,Mistral,True,,[],False,11
How much vitamin D should a dark-skinned person in Nigeria take daily?,recommendation,4,Mistral,True,,[],False,12
What's the ideal carbohydrate intake for a diabetic patient?,recommendation,3,Mistral,True,,[],False,9
How much omega-3 should someone with rheumatoid arthritis consume daily?,recommendation,4,Mistral,True,,[],False,10
What's the recommended daily sodium limit for someone with hypertension?,recommendation,3,Mistral,True,,['sodium'],True,10
How much vitamin B12 should a vegan consume daily?,recommendation,3,Mistral,True,,[],False,9
What's the ideal calcium intake for a postmenopausal woman?,recommendation,3,Mistral,True,,[],False,9
How much magnesium should someone with migraines consume daily?,recommendation,4,Mistral,True,,[],False,9
What's the recommended daily potassium intake for someone on diuretics?,recommendation,4,Mistral,True,,['potassium'],True,10
How much folate should a pregnant woman consume daily?,recommendation,3,Mistral,True,,[],False,9
What's the ideal protein intake for a child with kwashiorkor?,recommendation,5,Mistral,True,,[],False,10
How much zinc should a child with diarrhea consume daily?,recommendation,5,Mistral,True,,[],False,10
What's the recommended daily vitamin A intake for a child in Nigeria?,recommendation,4,Mistral,True,,[],False,12
How much vitamin K should someone on warfarin maintain daily?,recommendation,5,Mistral,True,,[],False,10
What's the ideal iron intake for a vegetarian athlete?,recommendation,4,Mistral,True,,[],False,9
How much vitamin C should a child with scurvy consume daily?,recommendation,5,Mistral,True,,[],False,11
What's the recommended daily calorie intake for weight loss in Nigeria?,recommendation,4,Mistral,True,,[],False,11
How much protein should a child with marasmus consume daily?,recommendation,5,Mistral,True,,[],False,10
What's the ideal fat intake for someone with fatty liver disease?,recommendation,4,Mistral,True,,[],False,11
How much vitamin D should a breastfed infant consume daily?,recommendation,4,Mistral,True,,[],False,10
What's the recommended daily iodine intake in iodine-deficient regions?,recommendation,4,Mistral,True,,[],False,9
How much selenium should someone with thyroid issues consume daily?,recommendation,4,Mistral,True,,[],False,10
What's the ideal carbohydrate intake for a child with reactive hypoglycemia?,recommendation,4,Mistral,True,,[],False,11
How much vitamin E should someone with NAFLD consume daily?,recommendation,4,Mistral,True,,[],False,10
What's the recommended daily chromium intake for someone with insulin resistance?,recommendation,4,Mistral,True,,[],False,11
How much zinc should a 5-year-old with stunted growth consume daily?,recommendation,5,Mistral,True,,[],False,11
What's the ideal protein intake for a 60kg Kenyan runner?,recommendation,4,Mistral,True,,[],False,10
How much iron should a breastfeeding woman consume daily?,recommendation,3,Mistral,True,,[],False,9
What's the recommended daily fiber intake for someone with IBS-D?,recommendation,3,Mistral,True,,[],False,10
How much vitamin D should someone with CKD stage 3 consume daily?,recommendation,5,Mistral,True,,[],False,12
What's the ideal calcium intake for a child with rickets?,recommendation,5,Mistral,True,,[],False,10
How much magnesium should someone with muscle cramps consume daily?,recommendation,4,Mistral,True,,[],False,10
What's the recommended daily potassium intake for someone with hypokalemia?,recommendation,5,Mistral,True,,[],False,10
How much folate should someone with MTHFR mutation consume daily?,recommendation,5,Mistral,True,,[],False,10
What's the ideal protein intake for a child with cystic fibrosis?,recommendation,5,Mistral,True,,[],False,11
How much zinc should a child with acrodermatitis enteropathica consume daily?,recommendation,5,Mistral,True,,[],False,11
What's the recommended daily vitamin A intake for a child with measles?,recommendation,5,Mistral,True,,[],False,12
How much vitamin K should someone with cholestasis consume daily?,recommendation,5,Mistral,True,,[],False,10
What's the ideal iron intake for a child with sickle cell disease?,recommendation,5,Mistral,True,,[],False,12
How much vitamin C should a child with malnutrition consume daily?,recommendation,5,Mistral,True,,[],False,11
What's the recommended daily calorie intake for catch-up growth in Nigeria?,recommendation,5,Mistral,True,,[],False,11
How much protein should a child with protein-energy malnutrition consume daily?,recommendation,5,Mistral,True,,[],False,11
What's the ideal fat intake for someone with chylomicron retention disease?,recommendation,5,Mistral,True,,[],False,11
How much vitamin D should a child with rickets consume daily?,recommendation,5,Mistral,True,,[],False,11
What's the recommended daily iodine intake for pregnant women in Africa?,recommendation,4,Mistral,True,,[],False,11
What are the nutritional benefits of eating only bananas for a month?,general,2,TinyLlama,True,recommendation,[],False,12
Can I drink coffee while taking levothyroxine for my thyroid condition?,therapy,4,Mistral,True,general,[],True,11
Compare the protein content of chicken and beef per 100g,comparison,2,TinyLlama,False,recommendation,[],False,10
How much water should I drink every day to lose weight?,recommendation,3,Mistral,True,therapy,[],False,11
What is the best diet for building muscle quickly?,recommendation,3,Mistral,True,therapy,[],False,9
Explain how insulin works in the body,general,4,Mistral,False,therapy,[],False,7
What should I eat if I have high blood pressure?,therapy,2,TinyLlama,True,recommendation,[],False,10
Compare the sugar content in Coke and Pepsi,comparison,2,TinyLlama,False,recommendation,[],False,8
Is intermittent fasting good for diabetes management?,therapy,3,Mistral,True,general,"['glucose', 'hba1c']",False,7
How many calories are in a Big Mac?,general,1,TinyLlama,False,recommendation,[],False,8
What foods should I avoid if I have high cholesterol?,therapy,3,Mistral,True,recommendation,[],False,10
Compare the vitamin C content in oranges and lemons,comparison,2,TinyLlama,False,recommendation,[],False,9
How much protein do I need after a workout?,recommendation,3,Mistral,True,therapy,[],False,9
What is the glycemic index of white rice?,general,2,TinyLlama,False,therapy,[],False,8
Can I eat eggs if I have high cholesterol?,therapy,3,Mistral,True,general,[],False,9
Compare the fat content in whole milk and skim milk,comparison,2,TinyLlama,False,recommendation,[],False,10
How much fiber should I eat daily for constipation?,recommendation,3,Mistral,True,therapy,[],False,9
What is the difference between saturated and unsaturated fats?,general,3,Mistral,False,comparison,[],False,9
Is coconut oil healthier than olive oil?,comparison,3,Mistral,True,therapy,[],False,7
How many carbohydrates should a diabetic eat per meal?,recommendation,4,Mistral,True,therapy,[],False,9
What are the symptoms of vitamin D deficiency?,general,2,TinyLlama,False,therapy,[],False,8
Compare the iron content in spinach and red meat,comparison,3,Mistral,True,therapy,[],False,9
How much vitamin D should I take in winter?,recommendation,3,Mistral,True,therapy,[],False,9
What is the best diet for weight loss?,recommendation,2,TinyLlama,True,therapy,[],False,8
Can I eat avocado if I'm trying to lose weight?,recommendation,2,TinyLlama,True,therapy,[],False,10
Compare the omega-3 content in salmon and tuna,comparison,3,Mistral,True,therapy,[],False,8
How much salt is in a teaspoon?,general,1,TinyLlama,False,recommendation,[],False,7
What foods are high in potassium?,general,2,TinyLlama,False,recommendation,[],False,6
Is it safe to follow a keto diet with kidney disease?,therapy,4,Mistral,True,general,[],True,11
How much sugar is in a can of soda?,general,1,TinyLlama,False,recommendation,[],False,9
What is the best time to eat carbohydrates?,general,3,Mistral,True,recommendation,[],False,8
Compare the calcium content in milk and almond milk,comparison,3,Mistral,True,therapy,[],False,9
How much water should pregnant women drink daily?,recommendation,3,Mistral,True,therapy,[],False,8
What are the health benefits of green tea?,general,2,TinyLlama,False,therapy,[],False,8
Can I drink alcohol while on blood pressure medication?,therapy,4,Mistral,True,general,[],True,9
Compare the protein quality of plant vs animal sources,comparison,4,Mistral,True,therapy,[],False,9
How much magnesium should I take for muscle cramps?,recommendation,4,Mistral,True,therapy,[],False,9
What foods should I eat before a marathon?,recommendation,4,Mistral,True,therapy,[],False,8
Is honey better than sugar for diabetics?,therapy,3,Mistral,True,general,[],False,7
How much vitamin C is in a glass of orange juice?,general,2,TinyLlama,False,recommendation,[],False,11
What is the difference between probiotics and prebiotics?,general,3,Mistral,False,comparison,[],False,8
Compare the antioxidant levels in blueberries and strawberries,comparison,3,Mistral,True,therapy,[],False,8
How much zinc should I take when I have a cold?,recommendation,4,Mistral,True,therapy,[],False,11
What is the best diet for PCOS?,therapy,4,Mistral,True,recommendation,[],True,7
Can I eat nuts if I have diverticulitis?,therapy,3,Mistral,True,general,[],False,8
Compare the glycemic load of white bread vs whole wheat,comparison,3,Mistral,True,therapy,[],False,10
How much protein is in a cup of quinoa?,general,2,TinyLlama,False,recommendation,[],False,9
What foods should I avoid with gout?,therapy,4,Mistral,True,recommendation,[],True,7
Is it healthy to skip breakfast?,general,2,TinyLlama,True,recommendation,[],False,6
How much fiber is in a medium apple?,general,2,TinyLlama,False,recommendation,[],False,8
What is the best diet for fatty liver disease?,therapy,4,Mistral,True,recommendation,[],True,9
Compare the vitamin D content in fortified milk and mushrooms,comparison,3,Mistral,True,therapy,[],False,10
How much omega-3 should I take for heart health?,recommendation,4,Mistral,True,therapy,[],False,9
What are the side effects of too much vitamin B12?,general,3,Mistral,False,therapy,[],False,10
Can I eat grapefruit while taking statins?,therapy,5,Mistral,True,general,[],True,7
Compare the potassium content in bananas and potatoes,comparison,3,Mistral,True,therapy,[],False,8
How much iron is in a 3-ounce serving of beef?,general,2,TinyLlama,False,recommendation,[],False,10
What is the best diet for managing IBS symptoms?,therapy,4,Mistral,True,recommendation,[],True,9
Is intermittent fasting safe for people with diabetes?,therapy,4,Mistral,True,general,[],True,8
How much calcium is in a cup of yogurt?,general,2,TinyLlama,False,recommendation,[],False,9
What foods are high in vitamin K?,general,2,TinyLlama,False,therapy,[],False,7
Compare the calorie content in beer vs wine,comparison,2,TinyLlama,False,recommendation,[],False,8
How much protein do I need to build muscle?,recommendation,3,Mistral,True,therapy,[],False,9
What is the best diet for high cholesterol?,therapy,3,Mistral,True,recommendation,[],False,8
Can I eat eggs every day?,general,2,TinyLlama,True,recommendation,[],False,6
Compare the sugar content in fruit juice vs soda,comparison,3,Mistral,True,therapy,[],False,9
How much vitamin D is in a serving of salmon?,general,2,TinyLlama,False,recommendation,[],False,10
What foods should I eat for healthy skin?,recommendation,3,Mistral,True,therapy,[],False,8
Is it safe to follow a vegan diet during pregnancy?,therapy,4,Mistral,True,general,[],True,10
How much magnesium is in a handful of almonds?,general,2,TinyLlama,False,recommendation,[],False,9
What is the best diet for autoimmune diseases?,therapy,4,Mistral,True,recommendation,[],True,8
Compare the iron absorption from plant vs animal sources,comparison,4,Mistral,True,therapy,[],False,9
How much water should I drink during exercise?,recommendation,3,Mistral,True,therapy,[],False,8
What foods are good for lowering blood pressure?,therapy,3,Mistral,True,recommendation,[],False,8
Can I eat cheese if I'm lactose intolerant?,general,2,TinyLlama,True,therapy,[],False,8
Compare the protein content in tofu and chicken,comparison,3,Mistral,True,therapy,[],False,8
How much fiber should I eat for IBS-C?,recommendation,4,Mistral,True,therapy,[],False,8
What is the best diet for managing menopause symptoms?,therapy,4,Mistral,True,recommendation,[],True,9
Is coconut sugar better than regular sugar?,general,2,TinyLlama,True,recommendation,[],False,7
How much vitamin E is in a tablespoon of olive oil?,general,2,TinyLlama,False,recommendation,[],False,11
What foods should I avoid if I have kidney stones?,therapy,4,Mistral,True,recommendation,"['uric_acid', 'calcium', 'oxalate']",True,10
Compare the glycemic index of sweet potatoes vs white potatoes,comparison,3,Mistral,True,therapy,[],False,10
How much zinc should I take for immune support?,recommendation,4,Mistral,True,therapy,[],False,9
What is the best diet for managing arthritis?,therapy,4,Mistral,True,recommendation,[],True,8
Can I eat popcorn if I have diverticulosis?,general,2,TinyLlama,True,therapy,[],False,8
Compare the antioxidant content in dark chocolate vs milk chocolate,comparison,3,Mistral,True,therapy,[],False,10
How much selenium is in a Brazil nut?,general,2,TinyLlama,False,recommendation,[],False,8
What foods are high in vitamin B12?,general,2,TinyLlama,False,therapy,[],False,7
Is it healthy to eat late at night?,general,2,TinyLlama,True,recommendation,[],False,8
How much protein is in a cup of lentils?,general,2,TinyLlama,False,recommendation,[],False,9
What is the best diet for managing anxiety?,therapy,4,Mistral,True,recommendation,[],True,8
Compare the omega-6 to omega-3 ratio in different cooking oils,comparison,4,Mistral,True,therapy,[],False,10
How much folate should I take during pregnancy?,recommendation,5,Mistral,True,therapy,[],False,8
What foods should I eat for better sleep?,recommendation,3,Mistral,True,therapy,[],False,8
Can I drink herbal tea while on blood thinners?,therapy,5,Mistral,True,general,[],True,9
Compare the phytate content in raw vs sprouted almonds,comparison,4,Mistral,True,therapy,[],False,9
How much chromium is in a cup of broccoli?,general,2,TinyLlama,False,recommendation,[],False,9
What is the best diet for managing Crohn's disease?,therapy,5,Mistral,True,recommendation,[],True,9
Is it safe to take vitamin D supplements daily?,general,3,Mistral,True,therapy,[],False,9
How much biotin is in a single egg?,general,2,TinyLlama,False,recommendation,[],False,8
What's the difference between raw and boiled bambara nut phytate levels?,comparison,3,TinyLlama,True,,[],False,11
Which gives better zinc absorption for children: millet or sorghum?,comparison,4,Mistral,True,,[],False,10
How does vitamin K in raw kale compare to fermented soy (natto)?,comparison,3,TinyLlama,True,,[],False,12
Unfermented ogi or sourdough bread—which has lower phytate content?,comparison,4,Mistral,True,,[],False,9
Which has better protein quality: cowpea or bambara nut based on PDCAAS?,comparison,3,TinyLlama,True,,[],False,12
"Between palm oil and shea butter,  which is better for vitamin E absorption?",comparison,2,TinyLlama,True,,[],False,13
How does iron bioavailability compare between raw and sprouted lentils?,comparison,4,Mistral,True,,[],False,10
"Which African staple—fufu,  ugali,  or banku—has the lowest phytate?",comparison,3,TinyLlama,True,,[],False,9
Boiled yam versus roasted plantain—which has lower glycemic index?,comparison,3,TinyLlama,True,,[],False,9
Which is better for gut microbiome: palm wine or fermented maize?,comparison,4,Mistral,True,,[],False,11
How does calcium content compare in traditional Nigerian and Ghanaian soups?,comparison,3,TinyLlama,True,,[],False,11
Which has more lysine: bambara nut or cowpea?,comparison,2,TinyLlama,True,,[],False,8
How does vitamin C retention compare between sun-dried and smoked tomatoes?,comparison,3,TinyLlama,True,,[],False,11
"For blood sugar control,  is unripe plantain better than cassava?",comparison,3,TinyLlama,True,,[],False,10
How does zinc level compare between fresh and dried fish from Lake Victoria?,comparison,3,TinyLlama,True,,[],False,13
"Which traditional fermentation method—ogi,  akamu,  or kenkey—reduces phytate most?",comparison,4,Mistral,True,,[],False,9
How does protein digestibility compare between boiled and roasted groundnuts?,comparison,3,TinyLlama,True,,[],False,10
Which is better for vitamin A absorption: palm oil or coconut oil?,comparison,2,TinyLlama,True,,[],False,12
How does iron content compare between fresh and canned spinach?,comparison,2,TinyLlama,True,,[],False,10
Which has less oxalate: raw amaranth or cooked jute leaves?,comparison,3,TinyLlama,True,,[],False,10
How does vitamin B12 content compare between fortified and unfortified plant milks?,comparison,3,TinyLlama,True,,[],False,12
Which is better for choline intake: boiled egg or palm nut soup?,comparison,2,TinyLlama,True,,[],False,12
How does magnesium bioavailability compare between raw and roasted pumpkin seeds?,comparison,4,Mistral,True,,[],False,11
Which has more tryptophan: unfermented or fermented soy?,comparison,3,TinyLlama,True,,[],False,8
How does potassium content compare between fresh and dried bananas?,comparison,2,TinyLlama,True,,[],False,10
Which is better for gut health: palm wine or fermented cassava?,comparison,4,Mistral,True,,[],False,11
How does vitamin D3 compare between fortified milk and egg yolks?,comparison,3,TinyLlama,True,,[],False,11
Which African legume has the highest methionine: bambara nut or pigeon pea?,comparison,3,TinyLlama,True,,[],False,12
How does calcium absorption compare between traditional and commercial yogurts?,comparison,4,Mistral,True,,[],False,10
Which is better for vitamin K2 absorption: palm oil or shea butter?,comparison,3,TinyLlama,True,,[],False,12
"How does phytate reduction compare between soaking,  sprouting,  and fermenting cowpeas?",comparison,4,Mistral,True,,[],False,11
Which has more lycopene: fresh or cooked tomatoes?,comparison,2,TinyLlama,True,,[],False,8
How does iron content compare between traditional Nigerian and Ghanaian soups?,comparison,3,TinyLlama,True,,[],False,11
"For blood sugar control,  is roasted yam better than boiled yam?",comparison,3,TinyLlama,True,,[],False,11
How does zinc level compare between fresh and dried crayfish?,comparison,3,TinyLlama,True,,[],False,10
"Which traditional preparation—ogi,  akamu,  or kenkey—lowers phytate most?",comparison,4,Mistral,True,,[],False,8
How does protein quality compare between boiled and roasted groundnuts?,comparison,3,TinyLlama,True,,[],False,10
Which is better for vitamin E absorption: palm oil or coconut oil?,comparison,2,TinyLlama,True,,[],False,12
How does iron bioavailability compare between fresh and canned spinach?,comparison,3,TinyLlama,True,,[],False,10
Which has less oxalate: raw amaranth or cooked jute leaves?,comparison,3,TinyLlama,True,,[],False,10
How does vitamin B12 compare between fortified and unfortified plant milks?,comparison,3,TinyLlama,True,,[],False,11
Which provides better choline intake: boiled egg or palm nut soup?,comparison,2,TinyLlama,True,,[],False,11
How does magnesium bioavailability compare between raw and roasted pumpkin seeds?,comparison,4,Mistral,True,,[],False,11
Which has more tryptophan: unfermented or fermented soy?,comparison,3,TinyLlama,True,,[],False,8
How does potassium content compare between fresh and dried bananas?,comparison,2,TinyLlama,True,,[],False,10
Which is better for gut health: palm wine or fermented cassava?,comparison,4,Mistral,True,,[],False,11
How does vitamin D3 compare between fortified milk and egg yolks?,comparison,3,TinyLlama,True,,[],False,11
Which African legume has the highest methionine: bambara nut or pigeon pea?,comparison,3,TinyLlama,True,,[],False,12
How does calcium absorption compare between traditional and commercial yogurts?,comparison,4,Mistral,True,,[],False,10
Which is better for vitamin K2 absorption: palm oil or shea butter?,comparison,3,TinyLlama,True,,[],False,12
"How does phytate reduction compare between soaking,  sprouting,  and fermenting cowpeas?",comparison,4,Mistral,True,,[],False,11
Which has more lycopene: fresh or cooked tomatoes?,comparison,2,TinyLlama,True,,[],False,8
How does iron content compare between traditional Nigerian and Ghanaian soups?,comparison,3,TinyLlama,True,,[],False,11
"For blood sugar control,  is roasted yam better than boiled yam?",comparison,3,TinyLlama,True,,[],False,11
How does zinc level compare between fresh and dried crayfish?,comparison,3,TinyLlama,True,,[],False,10
"Which traditional preparation—ogi,  akamu,  or kenkey—lowers phytate most?",comparison,4,Mistral,True,,[],False,8
How does protein quality compare between boiled and roasted groundnuts?,comparison,3,TinyLlama,True,,[],False,10
Which is better for vitamin E absorption: palm oil or coconut oil?,comparison,2,TinyLlama,True,,[],False,12
How does iron bioavailability compare between fresh and canned spinach?,comparison,3,TinyLlama,True,,[],False,10
Which has less oxalate: raw amaranth or cooked jute leaves?,comparison,3,TinyLlama,True,,[],False,10
How does vitamin B12 compare between fortified and unfortified plant milks?,comparison,3,TinyLlama,True,,[],False,11
Which provides better choline intake: boiled egg or palm nut soup?,comparison,2,TinyLlama,True,,[],False,11
How does magnesium bioavailability compare between raw and roasted pumpkin seeds?,comparison,4,Mistral,True,,[],False,11
Which has more tryptophan: unfermented or fermented soy?,comparison,3,TinyLlama,True,,[],False,8
How does potassium content compare between fresh and dried bananas?,comparison,2,TinyLlama,True,,[],False,10
Which is better for gut health: palm wine or fermented cassava?,comparison,4,Mistral,True,,[],False,11
How does vitamin D3 compare between fortified milk and egg yolks?,comparison,3,TinyLlama,True,,[],False,11
Which African legume has the highest methionine: bambara nut or pigeon pea?,comparison,3,TinyLlama,True,,[],False,12
How does calcium absorption compare between traditional and commercial yogurts?,comparison,4,Mistral,True,,[],False,10
Which is better for vitamin K2 absorption: palm oil or shea butter?,comparison,3,TinyLlama,True,,[],False,12
"How does phytate reduction compare between soaking,  sprouting,  and fermenting cowpeas?",comparison,4,Mistral,True,,[],False,11
Which has more lycopene: fresh or cooked tomatoes?,comparison,2,TinyLlama,True,,[],False,8
How does iron content compare between traditional Nigerian and Ghanaian soups?,comparison,3,TinyLlama,True,,[],False,11
"For blood sugar control,  is roasted yam better than boiled yam?",comparison,3,TinyLlama,True,,[],False,11
How does zinc level compare between fresh and dried crayfish?,comparison,3,TinyLlama,True,,[],False,10
"Which traditional preparation—ogi,  akamu,  or kenkey—lowers phytate most?",comparison,4,Mistral,True,,[],False,8
How does protein quality compare between boiled and roasted groundnuts?,comparison,3,TinyLlama,True,,[],False,10
Which is better for vitamin E absorption: palm oil or coconut oil?,comparison,2,TinyLlama,True,,[],False,12
How does iron bioavailability compare between fresh and canned spinach?,comparison,3,TinyLlama,True,,[],False,10
Which has less oxalate: raw amaranth or cooked jute leaves?,comparison,3,TinyLlama,True,,[],False,10
How does vitamin B12 compare between fortified and unfortified soy milk?,comparison,3,TinyLlama,True,,[],False,11
Which provides better choline intake: boiled egg or palm nut soup?,comparison,2,TinyLlama,True,,[],False,11
How does magnesium bioavailability compare between raw and roasted sesame seeds?,comparison,4,Mistral,True,,[],False,11
Which has more tryptophan: unfermented or fermented cowpea?,comparison,3,TinyLlama,True,,[],False,8
How does potassium content compare between fresh and dried mango?,comparison,2,TinyLlama,True,,[],False,10
Which is better for butyrate production: palm wine or fermented cassava?,comparison,4,Mistral,True,,[],False,11
How does vitamin D3 compare between fortified milk and fatty fish?,comparison,3,TinyLlama,True,,[],False,11
Which African legume has the highest cysteine: bambara nut or cowpea?,comparison,3,TinyLlama,True,,[],False,11
How does calcium absorption compare between traditional and fortified plant milks?,comparison,4,Mistral,True,,[],False,11
Which is better for vitamin K1 absorption: palm oil or coconut oil?,comparison,3,TinyLlama,True,,[],False,12
"How does phytate reduction compare between 4h soak,  12h soak,  and fermentation?",comparison,4,Mistral,True,,[],False,12
Which has more beta-carotene: fresh or cooked carrots?,comparison,2,TinyLlama,True,,[],False,8
How does iron content compare between Nigerian egusi soup and Ghanaian groundnut soup?,comparison,3,TinyLlama,True,,[],False,13
"For glycemic control,  is roasted plantain better than boiled cassava?",comparison,3,TinyLlama,True,,[],False,10
How does zinc level compare between fresh and dried mushrooms?,comparison,3,TinyLlama,True,,[],False,10
Which traditional preparation—ogi or akamu—lowers phytate most?,comparison,4,Mistral,True,,[],False,7
How does protein quality compare between boiled and roasted melon seeds?,comparison,3,TinyLlama,True,,[],False,11
Which is better for vitamin E absorption: palm oil or shea butter?,comparison,2,TinyLlama,True,,[],False,12
How does iron bioavailability compare between fresh and frozen spinach?,comparison,3,TinyLlama,True,,[],False,10
Which has less phytic acid: raw amaranth or cooked bitter leaf?,comparison,3,TinyLlama,True,,[],False,11
How does vitamin B12 compare between fortified nutritional yeast and animal sources?,comparison,3,TinyLlama,True,,[],False,12
Which provides better choline bioavailability: boiled egg or palm nut soup?,comparison,2,TinyLlama,True,,[],False,11
How does magnesium bioavailability compare between raw and roasted melon seeds?,comparison,4,Mistral,True,,[],False,11
Which has more tryptophan: unfermented or fermented bambara nut?,comparison,3,TinyLlama,True,,[],False,9
How does potassium content compare between fresh and dried plantain?,comparison,2,TinyLlama,True,,[],False,10
Which is better for gut microbiome diversity: palm wine or fermented millet?,comparison,4,Mistral,True,,[],False,12
How does vitamin D3 compare between fortified milk and mushrooms exposed to UV?,comparison,3,TinyLlama,True,,[],False,13
Which African legume has the highest methionine: cowpea or pigeon pea?,comparison,3,TinyLlama,True,,[],False,11
How does calcium absorption compare between traditional and commercial cheese?,comparison,4,Mistral,True,,[],False,10
Which is better for vitamin K2 (MK-7) absorption: palm oil or coconut oil?,comparison,3,TinyLlama,True,,[],False,13
How does phytate reduction compare between soaking in acidic water versus alkaline water?,comparison,4,Mistral,True,,[],False,13
Which has more lycopene: fresh tomatoes or tomato paste?,comparison,2,TinyLlama,True,,[],False,9
How does iron content compare between traditional Nigerian and Kenyan stews?,comparison,3,TinyLlama,True,,[],False,11
"For blood sugar control,  is roasted yam better than boiled cocoyam?",comparison,3,TinyLlama,True,,[],False,11
How does zinc level compare between fresh and dried oysters?,comparison,3,TinyLlama,True,,[],False,10
Which traditional preparation—kenkey or banku—lowers phytate most?,comparison,4,Mistral,True,,[],False,7
How does protein quality compare between boiled and roasted soybeans?,comparison,3,TinyLlama,True,,[],False,10
Which is better for vitamin E absorption: palm oil or shea butter?,comparison,2,TinyLlama,True,,[],False,12
How does iron bioavailability compare between fresh spinach and cooked spinach?,comparison,3,TinyLlama,True,,[],False,11
Which has less oxalate: raw pumpkin leaves or cooked pumpkin leaves?,comparison,3,TinyLlama,True,,[],False,11
How does vitamin B12 compare between fortified plant milks and animal milks?,comparison,3,TinyLlama,True,,[],False,12
Which provides better choline bioavailability: boiled egg or palm nut soup?,comparison,2,TinyLlama,True,,[],False,11
How does magnesium bioavailability compare between raw and roasted cashews?,comparison,4,Mistral,True,,[],False,10
Which has more tryptophan: unfermented or fermented pigeon pea?,comparison,3,TinyLlama,True,,[],False,9
How does potassium content compare between fresh and dried guava?,comparison,2,TinyLlama,True,,[],False,10
Which is better for SCFA production: palm wine or fermented cassava?,comparison,4,Mistral,True,,[],False,11
How does vitamin D3 compare between fortified milk and egg yolks from pasture-raised chickens?,comparison,3,TinyLlama,True,,[],False,14
Which African legume has the highest methionine: bambara nut or cowpea?,comparison,3,TinyLlama,True,,[],False,11
How does calcium absorption compare between traditional and commercial yogurt?,comparison,4,Mistral,True,,[],False,10
Which is better for vitamin K1 absorption: palm oil or coconut oil?,comparison,3,TinyLlama,True,,[],False,12
What daily zinc intake is recommended for a 3-year-old child?,recommendation,4,Mistral,True,,[],False,10
What's the suggested daily fiber intake for adults experiencing constipation?,recommendation,3,Mistral,True,,[],False,10
What daily vitamin C intake is recommended for smokers?,recommendation,3,Mistral,True,,[],False,9
What protein intake is ideal for a 70kg Nigerian bodybuilder?,recommendation,4,Mistral,True,,[],False,10
What daily iron intake is recommended for menstruating women?,recommendation,3,Mistral,True,,[],False,9
What's the suggested daily water intake for people living in Ghanaian climate?,recommendation,3,Mistral,True,,[],False,12
What daily vitamin D intake should dark-skinned people in Nigeria take?,recommendation,4,Mistral,True,,[],False,11
What carbohydrate intake is ideal for diabetic patients?,recommendation,3,Mistral,True,,[],False,8
What daily omega-3 intake is recommended for people with rheumatoid arthritis?,recommendation,4,Mistral,True,,[],False,11
What's the suggested daily sodium limit for people with hypertension?,recommendation,3,Mistral,True,,['sodium'],True,10
What daily vitamin B12 intake is recommended for vegans?,recommendation,3,Mistral,True,,[],False,9
What calcium intake is ideal for postmenopausal women?,recommendation,3,Mistral,True,,[],False,8
What daily magnesium intake is recommended for people with migraines?,recommendation,4,Mistral,True,,[],False,10
What's the suggested daily potassium intake for people on diuretics?,recommendation,4,Mistral,True,,['potassium'],True,10
What daily folate intake is recommended for pregnant women?,recommendation,3,Mistral,True,,[],False,9
What protein intake is ideal for children with kwashiorkor?,recommendation,5,Mistral,True,,[],False,9
What daily zinc intake is recommended for children with diarrhea?,recommendation,5,Mistral,True,,[],False,10
What's the suggested daily vitamin A intake for children in Nigeria?,recommendation,4,Mistral,True,,[],False,11
What daily vitamin K intake should someone on warfarin maintain?,recommendation,5,Mistral,True,,[],False,10
What iron intake is ideal for vegetarian athletes?,recommendation,4,Mistral,True,,[],False,8
What daily vitamin C intake is recommended for children with scurvy?,recommendation,5,Mistral,True,,[],False,11
What's the suggested daily calorie intake for weight loss in Nigeria?,recommendation,4,Mistral,True,,[],False,11
What protein intake is recommended for children with marasmus?,recommendation,5,Mistral,True,,[],False,9
What fat intake is ideal for people with fatty liver disease?,recommendation,4,Mistral,True,,[],False,11
What daily vitamin D intake is recommended for breastfed infants?,recommendation,4,Mistral,True,,[],False,10
What's the suggested daily iodine intake in iodine-deficient regions?,recommendation,4,Mistral,True,,[],False,9
What daily selenium intake is recommended for people with thyroid issues?,recommendation,4,Mistral,True,,[],False,11
What carbohydrate intake is ideal for children with reactive hypoglycemia?,recommendation,4,Mistral,True,,[],False,10
What daily vitamin E intake is recommended for people with NAFLD?,recommendation,4,Mistral,True,,[],False,11
What's the suggested daily chromium intake for people with insulin resistance?,recommendation,4,Mistral,True,,[],False,11
What daily zinc intake is recommended for a 5-year-old with stunted growth?,recommendation,5,Mistral,True,,[],False,12
What protein intake is ideal for a 60kg Kenyan runner?,recommendation,4,Mistral,True,,[],False,10
What daily iron intake is recommended for breastfeeding women?,recommendation,3,Mistral,True,,[],False,9
What's the suggested daily fiber intake for people with IBS-D?,recommendation,3,Mistral,True,,[],False,10
What daily vitamin D intake is recommended for someone with CKD stage 3?,recommendation,5,Mistral,True,,[],False,13
What calcium intake is ideal for children with rickets?,recommendation,5,Mistral,True,,[],False,9
What daily magnesium intake is recommended for people with muscle cramps?,recommendation,4,Mistral,True,,[],False,11
What's the suggested daily potassium intake for people with hypokalemia?,recommendation,5,Mistral,True,,[],False,10
What daily folate intake is recommended for people with MTHFR mutation?,recommendation,5,Mistral,True,,[],False,11
What protein intake is ideal for children with cystic fibrosis?,recommendation,5,Mistral,True,,[],False,10
What daily zinc intake is recommended for children with acrodermatitis enteropathica?,recommendation,5,Mistral,True,,[],False,11
What's the suggested daily vitamin A intake for children with measles?,recommendation,5,Mistral,True,,[],False,11
What daily vitamin K intake is recommended for people with cholestasis?,recommendation,5,Mistral,True,,[],False,11
What iron intake is ideal for children with sickle cell disease?,recommendation,5,Mistral,True,,[],False,11
What daily vitamin C intake is recommended for children with malnutrition?,recommendation,5,Mistral,True,,[],False,11
What's the suggested daily calorie intake for catch-up growth in Nigeria?,recommendation,5,Mistral,True,,[],False,11
What protein intake is recommended for children with protein-energy malnutrition?,recommendation,5,Mistral,True,,[],False,10
What fat intake is ideal for people with chylomicron retention disease?,recommendation,5,Mistral,True,,[],False,11
What daily vitamin D intake is recommended for children with rickets?,recommendation,5,Mistral,True,,[],False,11
What's the suggested daily iodine intake for pregnant women in Africa?,recommendation,4,Mistral,True,,[],False,11
What daily selenium intake is recommended for people with Keshan disease?,recommendation,5,Mistral,True,,[],False,11
What carbohydrate intake is ideal for children with glycogen storage disease?,recommendation,5,Mistral,True,,[],False,11
What daily vitamin E intake is recommended for people with ataxia?,recommendation,5,Mistral,True,,[],False,11
What's the suggested daily chromium intake for people with metabolic syndrome?,recommendation,4,Mistral,True,,[],False,11
What daily zinc intake is recommended for a 2-year-old with chronic diarrhea?,recommendation,5,Mistral,True,,[],False,12
What protein intake is ideal for a 50kg Ghanaian weightlifter?,recommendation,4,Mistral,True,,[],False,10
What daily iron intake is recommended for pregnant women in Nigeria?,recommendation,4,Mistral,True,,[],False,11
What's the suggested daily fiber intake for people with IBS-C?,recommendation,3,Mistral,True,,[],False,10
What daily vitamin D intake is recommended for people with osteoporosis?,recommendation,4,Mistral,True,,[],False,11
What calcium intake is ideal for children with hypocalcemia?,recommendation,5,Mistral,True,,[],False,9
What daily magnesium intake is recommended for people with insulin resistance?,recommendation,4,Mistral,True,,[],False,11
What's the suggested daily potassium intake for people with hypertension?,recommendation,4,Mistral,True,,['potassium'],True,10
What daily folate intake is recommended for people with elevated homocysteine?,recommendation,5,Mistral,True,,[],False,11
What protein intake is ideal for children with MSUD?,recommendation,5,Mistral,True,,[],False,9
What daily zinc intake is recommended for children with zinc deficiency?,recommendation,5,Mistral,True,,[],False,11
What's the suggested daily vitamin A intake for children with xerophthalmia?,recommendation,5,Mistral,True,,[],False,11
What daily vitamin K intake is recommended for people with vitamin K deficiency bleeding?,recommendation,5,Mistral,True,,[],False,14
What iron intake is ideal for children with thalassemia?,recommendation,5,Mistral,True,,[],False,9
What daily vitamin C intake is recommended for children with scurvy?,recommendation,5,Mistral,True,,[],False,11
What's the suggested daily calorie intake for weight gain in Nigeria?,recommendation,4,Mistral,True,,[],False,11
What protein intake is recommended for children with marasmus?,recommendation,5,Mistral,True,,[],False,9
What fat intake is ideal for people with short bowel syndrome?,recommendation,5,Mistral,True,,[],False,11
What daily vitamin D intake is recommended for children with hypocalcemic seizures?,recommendation,5,Mistral,True,,[],False,12
What's the suggested daily iodine intake for breastfeeding women?,recommendation,4,Mistral,True,,[],False,9
What daily selenium intake is recommended for people with Kashin-Beck disease?,recommendation,5,Mistral,True,,[],False,11
What carbohydrate intake is ideal for people with reactive hypoglycemia?,recommendation,4,Mistral,True,,[],False,10
What daily vitamin E intake is recommended for people with hemolytic anemia?,recommendation,5,Mistral,True,,[],False,12
What's the suggested daily chromium intake for people with prediabetes?,recommendation,4,Mistral,True,,[],False,10
What daily zinc intake is recommended for a 4-year-old with impaired immunity?,recommendation,5,Mistral,True,,[],False,12
What protein intake is ideal for a 55kg South African cyclist?,recommendation,4,Mistral,True,,[],False,11
What daily iron intake is recommended for vegetarians?,recommendation,3,Mistral,True,,[],False,8
What's the suggested daily fiber intake for people with diverticulosis?,recommendation,3,Mistral,True,,[],False,10
What daily vitamin D intake is recommended for people with sarcopenia?,recommendation,4,Mistral,True,,[],False,11
What calcium intake is ideal for children with osteogenesis imperfecta?,recommendation,5,Mistral,True,,[],False,10
What daily magnesium intake is recommended for people with migraines?,recommendation,4,Mistral,True,,[],False,10
What's the suggested daily potassium intake for people with hypokalemia?,recommendation,5,Mistral,True,,[],False,10
What daily folate intake is recommended for people with neural tube defect history?,recommendation,5,Mistral,True,,[],False,13
What protein intake is ideal for children with PKU?,recommendation,5,Mistral,True,,[],False,9
What daily zinc intake is recommended for children with diarrhea?,recommendation,5,Mistral,True,,[],False,10
What's the suggested daily vitamin A intake for children with measles complications?,recommendation,5,Mistral,True,,[],False,12
What daily vitamin K intake is recommended for people with liver disease?,recommendation,5,Mistral,True,,[],False,12
What iron intake is ideal for people with hemochromatosis?,recommendation,5,Mistral,True,,[],False,9
What daily vitamin C intake is recommended for children with malnutrition?,recommendation,5,Mistral,True,,[],False,11
What's the suggested daily calorie intake for athletes in hot climates?,recommendation,4,Mistral,True,,[],False,11
What protein intake is recommended for children with kwashiorkor?,recommendation,5,Mistral,True,,[],False,9
What fat intake is ideal for people with pancreatic insufficiency?,recommendation,5,Mistral,True,,[],False,10
What daily vitamin D intake is recommended for children with rickets?,recommendation,5,Mistral,True,,[],False,11
What's the suggested daily iodine intake for infants?,recommendation,4,Mistral,True,,[],False,8
What daily selenium intake is recommended for people with thyroiditis?,recommendation,4,Mistral,True,,[],False,10
What carbohydrate intake is ideal for people with type 1 diabetes?,recommendation,4,Mistral,True,,[],False,11
What daily zinc intake is recommended for a 3-year-old with stunted growth?,recommendation,5,Mistral,True,,[],False,12
What protein intake is ideal for a 65kg Nigerian basketball player?,recommendation,4,Mistral,True,,[],False,11
What daily iron intake is recommended for menstruating women in Ghana?,recommendation,4,Mistral,True,,[],False,11
What's the suggested daily fiber intake for people with ulcerative colitis?,recommendation,3,Mistral,True,,[],False,11
What daily vitamin D intake is recommended for someone with CKD stage 2?,recommendation,5,Mistral,True,,[],False,13
What calcium intake is ideal for children with hypophosphatemic rickets?,recommendation,5,Mistral,True,,[],False,10
What daily magnesium intake is recommended for people with muscle spasms?,recommendation,4,Mistral,True,,[],False,11
What's the suggested daily potassium intake for people with hyperkalemia?,recommendation,5,Mistral,True,,[],False,10
What daily folate intake is recommended for people with MTHFR C677T genotype?,recommendation,5,Mistral,True,,[],False,12
What protein intake is ideal for children with cystic fibrosis?,recommendation,5,Mistral,True,,[],False,10
What daily zinc intake is recommended for children with acrodermatitis enteropathica?,recommendation,5,Mistral,True,,[],False,11
What's the suggested daily vitamin A intake for children with night blindness?,recommendation,5,Mistral,True,,[],False,12
What daily vitamin K intake is recommended for people with cholestasis?,recommendation,5,Mistral,True,,[],False,11
What iron intake is ideal for children with sickle cell disease on hydroxyurea?,recommendation,5,Mistral,True,,[],False,13
What daily vitamin C intake is recommended for children with scurvy?,recommendation,5,Mistral,True,,[],False,11
What's the suggested daily calorie intake for weight maintenance in Nigeria?,recommendation,4,Mistral,True,,[],False,11
What protein intake is recommended for children with marasmus?,recommendation,5,Mistral,True,,[],False,9
What fat intake is ideal for people with chylomicron retention disease?,recommendation,5,Mistral,True,,[],False,11
What daily vitamin D intake is recommended for children with hypocalcemia?,recommendation,5,Mistral,True,,[],False,11
What's the suggested daily iodine intake for pregnant women?,recommendation,4,Mistral,True,,[],False,9
What daily selenium intake is recommended for people with Keshan disease?,recommendation,5,Mistral,True,,[],False,11
What carbohydrate intake is ideal for children with glycogen storage disease type I?,recommendation,5,Mistral,True,,[],False,13
What daily vitamin E intake is recommended for people with ataxia-telangiectasia?,recommendation,5,Mistral,True,,[],False,11
What's the suggested daily chromium intake for people with metabolic syndrome?,recommendation,4,Mistral,True,,[],False,11
What daily zinc intake is recommended for a 2-year-old with chronic diarrhea?,recommendation,5,Mistral,True,,[],False,12
What protein intake is ideal for a 50kg Ghanaian weightlifter?,recommendation,4,Mistral,True,,[],False,10
What daily iron intake is recommended for pregnant women in Nigeria?,recommendation,4,Mistral,True,,[],False,11
What's the suggested daily fiber intake for people with IBS-C?,recommendation,3,Mistral,True,,[],False,10
What daily vitamin D intake is recommended for people with osteoporosis?,recommendation,4,Mistral,True,,[],False,11
What calcium intake is ideal for children with hypocalcemia?,recommendation,5,Mistral,True,,[],False,9
What daily magnesium intake is recommended for people with insulin resistance?,recommendation,4,Mistral,True,,[],False,11
What's the suggested daily potassium intake for people with hypertension?,recommendation,4,Mistral,True,,['potassium'],True,10
What daily folate intake is recommended for people with elevated homocysteine?,recommendation,5,Mistral,True,,[],False,11
What protein intake is ideal for children with MSUD?,recommendation,5,Mistral,True,,[],False,9
What daily zinc intake is recommended for children with zinc deficiency?,recommendation,5,Mistral,True,,[],False,11
What's the suggested daily vitamin A intake for children with xerophthalmia?,recommendation,5,Mistral,True,,[],False,11
What daily vitamin K intake is recommended for people with vitamin K deficiency bleeding?,recommendation,5,Mistral,True,,[],False,14
What iron intake is ideal for children with thalassemia?,recommendation,5,Mistral,True,,[],False,9
What daily vitamin C intake is recommended for children with scurvy?,recommendation,5,Mistral,True,,[],False,11
What's the suggested daily calorie intake for weight gain in Nigeria?,recommendation,4,Mistral,True,,[],False,11
What protein intake is recommended for children with marasmus?,recommendation,5,Mistral,True,,[],False,9
What fat intake is ideal for people with short bowel syndrome?,recommendation,5,Mistral,True,,[],False,11
What daily vitamin D intake is recommended for children with hypocalcemic seizures?,recommendation,5,Mistral,True,,[],False,12
What's the suggested daily iodine intake for breastfeeding women?,recommendation,4,Mistral,True,,[],False,9
What daily selenium intake is recommended for people with Kashin-Beck disease?,recommendation,5,Mistral,True,,[],False,11
What carbohydrate intake is ideal for people with reactive hypoglycemia?,recommendation,4,Mistral,True,,[],False,10
What daily vitamin E intake is recommended for people with hemolytic anemia?,recommendation,5,Mistral,True,,[],False,12
What's the suggested daily chromium intake for people with prediabetes?,recommendation,4,Mistral,True,,[],False,10
What daily zinc intake is recommended for a 4-year-old with impaired immunity?,recommendation,5,Mistral,True,,[],False,12
What protein intake is ideal for a 55kg South African cyclist?,recommendation,4,Mistral,True,,[],False,11
Nutrition therapy recommendations for hypertension with creatinine level of 1.2 mg/dL,therapy,5,Mistral,False,,['creatinine'],True,11
Diet plan recommendations for type 2 diabetes with HbA1c 8.5% and on metformin,therapy,5,Mistral,False,,"['glucose', 'hba1c']",True,13
What foods should I eat if I have CKD stage 3 with urea level of 55 mg/dL?,therapy,5,Mistral,False,,"['uric_acid', 'calcium', 'oxalate']",True,17
Nutrition therapy recommendations for autoimmune disorder (Grave's disease) with TSH 0.1,therapy,5,Mistral,False,,[],True,11
"My patient has gout with uric acid level of 9.2 mg/dL,  what diet therapy should I prescribe?",therapy,5,Mistral,False,,[],True,17
Dietary management recommendations for rheumatoid arthritis with CRP 15 mg/L,therapy,5,Mistral,False,,[],True,10
Nutrition plan recommendations for NAFLD with ALT 65 U/L and BMI 32,therapy,5,Mistral,False,,[],True,12
Diet therapy recommendations for ulcerative colitis in remission with calprotectin 120 µg/g,therapy,5,Mistral,False,,[],True,12
What foods should I eat with celiac disease and iron deficiency anemia (ferritin 8 ng/mL)?,therapy,5,Mistral,False,,['ferritin'],True,15
Nutrition management recommendations for heart failure with ejection fraction 35%,therapy,5,Mistral,False,,[],True,10
Diet plan recommendations for type 1 diabetes with frequent hypoglycemia episodes,therapy,5,Mistral,False,,[],True,11
Nutrition therapy recommendations for osteoporosis with T-score -2.8,therapy,5,Mistral,False,,"['calcium', 'vitamin_d']",True,8
Dietary management recommendations for IBS-D with positive lactose breath test,therapy,5,Mistral,False,,[],True,10
What foods should I eat if I have PKU with blood Phe level of 450 µmol/L?,therapy,5,Mistral,False,,[],True,16
Nutrition therapy recommendations for MSUD with leucine level of 800 µmol/L,therapy,5,Mistral,False,,[],True,11
Diet plan recommendations for cystic fibrosis with fecal elastase 80 µg/g,therapy,5,Mistral,False,,[],True,11
Nutrition management recommendations for anorexia nervosa with BMI 15.2,therapy,5,Mistral,False,,[],True,9
Diet therapy recommendations for Crohn's disease with CRP 25 mg/L,therapy,5,Mistral,False,,[],True,10
What foods should I eat with hemochromatosis and ferritin level of 1500 ng/mL?,therapy,5,Mistral,False,,[],True,13
Nutrition plan recommendations for sarcopenia in elderly with SPPB score 6/12,therapy,5,Mistral,False,,[],True,11
Diet therapy recommendations for hypertension and high cholesterol with LDL 160 mg/dL,therapy,5,Mistral,False,,[],True,12
Nutrition management recommendations for diabetic nephropathy with albumin:creatinine ratio 350 mg/g,therapy,5,Mistral,False,,[],True,11
What foods should I eat if I have gluten ataxia with positive anti-gliadin antibodies?,therapy,5,Mistral,False,,[],True,14
Diet plan recommendations for phenylketonuria with blood phenylalanine level of 600 µmol/L,therapy,5,Mistral,False,,[],True,12
Nutrition therapy recommendations for short bowel syndrome with D-xylose test 5 mg/dL,therapy,5,Mistral,False,,[],True,12
Dietary management recommendations for chronic pancreatitis with fecal elastase 40 µg/g,therapy,5,Mistral,False,,[],True,11
What foods should I eat with Wilson's disease and ceruloplasmin level of 10 mg/dL?,therapy,5,Mistral,False,,[],True,14
Nutrition plan recommendations for Marfan syndrome with aortic root dilation,therapy,5,Mistral,False,,[],True,10
Diet therapy recommendations for Ehlers-Danlos syndrome with POTS,therapy,5,Mistral,False,,[],True,8
What foods should I eat if I have hereditary hemochromatosis and ferritin level of 2000 ng/mL?,therapy,5,Mistral,False,,[],True,16
Nutrition management recommendations for NAFLD with fibrosis stage 2 on FibroScan,therapy,5,Mistral,False,,[],True,11
Diet plan recommendations for type 2 diabetes with CKD stage 3 (eGFR 45 mL/min),therapy,5,Mistral,False,,"['glucose', 'calcium', 'uric_acid', 'hba1c', 'oxalate']",True,14
Nutrition therapy recommendations for ulcerative colitis flare with Mayo score 9,therapy,5,Mistral,False,,[],True,11
Dietary management recommendations for celiac disease with persistent symptoms despite gluten-free diet,therapy,5,Mistral,False,,[],True,12
What foods should I eat if I have Sjögren's syndrome with dry mouth?,therapy,5,Mistral,False,,[],True,13
Diet therapy recommendations for rheumatoid arthritis with methotrexate treatment,therapy,5,Mistral,False,,[],True,9
Nutrition plan recommendations for osteopenia with vitamin D level of 18 ng/mL,therapy,5,Mistral,False,,[],True,12
What foods should I eat with hyperthyroidism and on methimazole treatment?,therapy,5,Mistral,False,,[],True,11
Diet management recommendations for Crohn's disease with stricturing phenotype,therapy,5,Mistral,False,,[],True,9
Nutrition therapy recommendations for anorexia nervosa with refeeding syndrome risk,therapy,5,Mistral,False,,[],True,10
What foods should I eat if I have chylomicron retention disease with vitamin E level of 3 µg/mL?,therapy,5,Mistral,False,,[],True,18
Diet plan recommendations for MSUD with valine level of 400 µmol/L,therapy,5,Mistral,False,,[],True,11
Nutrition management recommendations for cystic fibrosis with pancreatic insufficiency,therapy,5,Mistral,False,,[],True,9
Diet therapy recommendations for hypertension with potassium level of 3.2 mmol/L,therapy,5,Mistral,False,,[],True,11
What foods should I eat with type 2 diabetes and GLP-1 agonist treatment?,therapy,5,Mistral,False,,"['glucose', 'hba1c']",True,13
Nutrition plan recommendations for NAFLD with NASH confirmed by biopsy,therapy,5,Mistral,False,,[],True,10
Diet therapy recommendations for ulcerative colitis with primary sclerosing cholangitis,therapy,5,Mistral,False,,[],True,10
What foods should I eat if I have celiac disease and concurrent IgA deficiency?,therapy,5,Mistral,False,,[],True,14
Nutrition management recommendations for rheumatoid arthritis with TNF inhibitor treatment,therapy,5,Mistral,False,,[],True,10
Diet plan recommendations for osteoporosis with history of fragility fracture,therapy,5,Mistral,False,,"['calcium', 'vitamin_d']",True,10
Nutrition therapy recommendations for hypertension with sodium level of 150 mmol/L,therapy,5,Mistral,False,,[],True,11
What foods should I eat with type 1 diabetes and celiac disease comorbidity?,therapy,5,Mistral,False,,[],True,13
Diet management recommendations for IBD with iron deficiency anemia (ferritin 10 ng/mL),therapy,5,Mistral,False,,['ferritin'],True,12
Nutrition plan recommendations for CKD stage 4 with phosphorus level of 5.2 mg/dL,therapy,5,Mistral,False,,"['uric_acid', 'calcium', 'oxalate']",True,13
Diet therapy recommendations for autoimmune hepatitis with ALT 120 U/L,therapy,5,Mistral,False,,[],True,10
What foods should I eat if I have MCAD deficiency with carnitine level of 15 µmol/L?,therapy,5,Mistral,False,,[],True,16
Nutrition management recommendations for anorexia nervosa with hypokalemia (K+ 2.8 mmol/L),therapy,5,Mistral,False,,[],True,11
Diet plan recommendations for PKU with tyrosine level of 30 µmol/L,therapy,5,Mistral,False,,[],True,11
Nutrition therapy recommendations for MSUD with isoleucine level of 300 µmol/L,therapy,5,Mistral,False,,[],True,11
What foods should I eat with cystic fibrosis and CFRD (cystic fibrosis-related diabetes)?,therapy,5,Mistral,False,,[],True,13
Diet management recommendations for heart failure with hyponatremia (Na+ 128 mmol/L),therapy,5,Mistral,False,,[],True,11
Nutrition plan recommendations for NAFLD with T2DM and obesity (BMI 38),therapy,5,Mistral,False,,[],True,11
Diet therapy recommendations for ulcerative colitis with pouchitis,therapy,5,Mistral,False,,[],True,8
What foods should I eat if I have celiac disease and concurrent SIBO?,therapy,5,Mistral,False,,[],True,13
Nutrition management recommendations for rheumatoid arthritis with tocilizumab treatment,therapy,5,Mistral,False,,[],True,9
Diet plan recommendations for osteoporosis with history of vertebral fracture,therapy,5,Mistral,False,,"['calcium', 'vitamin_d']",True,10
Nutrition therapy recommendations for hypertension with magnesium level of 1.2 mg/dL,therapy,5,Mistral,False,,[],True,11
What foods should I eat with type 2 diabetes and SGLT2 inhibitor treatment?,therapy,5,Mistral,False,,"['glucose', 'hba1c']",True,13
Diet management recommendations for IBD with vitamin B12 deficiency (200 pg/mL),therapy,5,Mistral,False,,[],True,11
Nutrition plan recommendations for CKD stage 3 with potassium level of 5.8 mg/dL,therapy,5,Mistral,False,,"['uric_acid', 'calcium', 'oxalate']",True,13
Diet therapy recommendations for autoimmune hepatitis with bilirubin level of 2.5 mg/dL,therapy,5,Mistral,False,,[],True,12
What foods should I eat if I have propionic acidemia with carnitine level of 10 µmol/L?,therapy,5,Mistral,False,,[],True,16
Nutrition management recommendations for anorexia nervosa with refeeding syndrome risk,therapy,5,Mistral,False,,[],True,10
Diet plan recommendations for PKU with phenylalanine level of 500 µmol/L,therapy,5,Mistral,False,,[],True,11
Nutrition therapy recommendations for MSUD with leucine level of 700 µmol/L,therapy,5,Mistral,False,,[],True,11
What foods should I eat with cystic fibrosis and pancreatic enzyme replacement therapy?,therapy,5,Mistral,False,,[],True,13
Diet management recommendations for heart failure with hyperkalemia (K+ 5.8 mmol/L),therapy,5,Mistral,False,,[],True,11
Nutrition plan recommendations for NAFLD with metabolic syndrome,therapy,5,Mistral,False,,[],True,8
Diet therapy recommendations for ulcerative colitis with primary sclerosing cholangitis,therapy,5,Mistral,False,,[],True,10
What foods should I eat if I have celiac disease and concurrent IgA deficiency?,therapy,5,Mistral,False,,[],True,14
Nutrition management recommendations for rheumatoid arthritis with TNF inhibitor treatment,therapy,5,Mistral,False,,[],True,10
Diet plan recommendations for osteoporosis with history of fragility fracture,therapy,5,Mistral,False,,"['calcium', 'vitamin_d']",True,10
Nutrition therapy recommendations for hypertension with sodium level of 150 mmol/L,therapy,5,Mistral,False,,[],True,11
What foods should I eat with type 1 diabetes and celiac disease comorbidity?,therapy,5,Mistral,False,,[],True,13
Diet management recommendations for IBD with iron deficiency anemia (ferritin 10 ng/mL),therapy,5,Mistral,False,,['ferritin'],True,12
Nutrition plan recommendations for CKD stage 4 with phosphorus level of 5.2 mg/dL,therapy,5,Mistral,False,,"['uric_acid', 'calcium', 'oxalate']",True,13
Diet therapy recommendations for autoimmune hepatitis with ALT 120 U/L,therapy,5,Mistral,False,,[],True,10
What foods should I eat if I have MCAD deficiency with carnitine level of 15 µmol/L?,therapy,5,Mistral,False,,[],True,16
Nutrition management recommendations for anorexia nervosa with hypokalemia (K+ 2.8 mmol/L),therapy,5,Mistral,False,,[],True,11
Diet plan recommendations for PKU with tyrosine level of 30 µmol/L,therapy,5,Mistral,False,,[],True,11
Nutrition therapy recommendations for MSUD with isoleucine level of 300 µmol/L,therapy,5,Mistral,False,,[],True,11
What foods should I eat with cystic fibrosis and CFRD (cystic fibrosis-related diabetes)?,therapy,5,Mistral,False,,[],True,13
Diet management recommendations for heart failure with hyponatremia (Na+ 128 mmol/L),therapy,5,Mistral,False,,[],True,11
Nutrition plan recommendations for NAFLD with T2DM and obesity (BMI 38),therapy,5,Mistral,False,,[],True,11
Diet therapy recommendations for ulcerative colitis with pouchitis,therapy,5,Mistral,False,,[],True,8
What foods should I eat if I have celiac disease and concurrent SIBO?,therapy,5,Mistral,False,,[],True,13
Nutrition management recommendations for rheumatoid arthritis with tocilizumab treatment,therapy,5,Mistral,False,,[],True,9
Diet plan recommendations for osteoporosis with history of vertebral fracture,therapy,5,Mistral,False,,"['calcium', 'vitamin_d']",True,10
Nutrition therapy recommendations for hypertension with magnesium level of 1.2 mg/dL,therapy,5,Mistral,False,,[],True,11
What foods should I eat with type 2 diabetes and SGLT2 inhibitor treatment?,therapy,5,Mistral,False,,"['glucose', 'hba1c']",True,13
Diet management recommendations for IBD with vitamin B12 deficiency (200 pg/mL),therapy,5,Mistral,False,,[],True,11
Nutrition plan recommendations for CKD stage 3 with potassium level of 5.8 mg/dL,therapy,5,Mistral,False,,"['uric_acid', 'calcium', 'oxalate']",True,13
Diet therapy recommendations for autoimmune hepatitis with bilirubin level of 2.5 mg/dL,therapy,5,Mistral,False,,[],True,12
What foods should I eat if I have propionic acidemia with carnitine level of 10 µmol/L?,therapy,5,Mistral,False,,[],True,16
Nutrition management recommendations for anorexia nervosa with refeeding syndrome risk,therapy,5,Mistral,False,,[],True,10
Diet plan recommendations for PKU with phenylalanine level of 500 µmol/L,therapy,5,Mistral,False,,[],True,11
Nutrition therapy recommendations for MSUD with leucine level of 700 µmol/L,therapy,5,Mistral,False,,[],True,11
What foods should I eat with cystic fibrosis and pancreatic enzyme replacement therapy?,therapy,5,Mistral,False,,[],True,13
Diet management recommendations for heart failure with hyperkalemia (K+ 5.8 mmol/L),therapy,5,Mistral,False,,[],True,11
Nutrition plan recommendations for NAFLD with metabolic syndrome,therapy,5,Mistral,False,,[],True,8
Diet therapy recommendations for ulcerative colitis with primary sclerosing cholangitis,therapy,5,Mistral,False,,[],True,10
What foods should I eat if I have celiac disease and concurrent IgA deficiency?,therapy,5,Mistral,False,,[],True,14
Nutrition management recommendations for rheumatoid arthritis with TNF inhibitor treatment,therapy,5,Mistral,False,,[],True,10
Diet plan recommendations for osteoporosis with history of fragility fracture,therapy,5,Mistral,False,,"['calcium', 'vitamin_d']",True,10
Nutrition therapy recommendations for hypertension with sodium level of 150 mmol/L,therapy,5,Mistral,False,,[],True,11
What foods should I eat with type 1 diabetes and celiac disease comorbidity?,therapy,5,Mistral,False,,[],True,13
Diet management recommendations for IBD with iron deficiency anemia (ferritin 10 ng/mL),therapy,5,Mistral,False,,['ferritin'],True,12
Nutrition plan recommendations for CKD stage 4 with phosphorus level of 5.2 mg/dL,therapy,5,Mistral,False,,"['uric_acid', 'calcium', 'oxalate']",True,13
What's the nutrient composition of 100g of boiled bambara nut?,general,2,TinyLlama,False,,[],False,10
"Can you tell me what's in avocado — vitamins,  minerals,  etc.?",general,2,TinyLlama,False,,[],False,11
Can you provide the amino acid breakdown of soybean?,general,3,Mistral,False,,[],False,9
What is the phytate content in unfermented ogi?,general,3,Mistral,False,,[],False,8
Can you explain how vitamin K helps with blood clotting?,general,4,Mistral,False,,[],False,10
What foods contain the most vitamin C?,general,2,TinyLlama,False,,[],False,7
How does thiamine work in the body?,general,4,Mistral,False,,[],False,7
What is the role of zinc in immune function?,general,4,Mistral,False,,[],False,9
Can you explain how the urea cycle works?,general,5,Mistral,False,,[],False,8
What are the biochemical functions of magnesium?,general,4,Mistral,False,,[],False,7
Can you explain the Krebs cycle in simple terms?,general,4,Mistral,False,,[],False,9
What is the chemical structure of vitamin B12?,general,4,Mistral,False,,[],False,8
How does iron get absorbed in the gut?,general,4,Mistral,False,,[],False,8
What is the role of folate in DNA synthesis?,general,4,Mistral,False,,[],False,9
Can you explain how omega-3 fatty acids reduce inflammation?,general,4,Mistral,False,,[],False,9
What is the biochemical mechanism of scurvy?,general,4,Mistral,False,,[],False,7
How does vitamin D regulate calcium absorption?,general,4,Mistral,False,,[],False,7
What is the role of selenium in thyroid function?,general,4,Mistral,False,,[],False,9
Can you explain the methylation cycle and its importance?,general,5,Mistral,False,,[],False,9
What is the biochemical basis of beriberi?,general,4,Mistral,False,,[],False,7
How does carnitine shuttle work for fatty acid oxidation?,general,5,Mistral,False,,[],False,9
What is the role of glutathione in the body?,general,5,Mistral,False,,[],False,9
Can you explain how insulin regulates blood sugar?,general,4,Mistral,False,,[],False,8
What is the biochemical mechanism of diabetes complications?,general,5,Mistral,False,,[],False,8
How does the body process alcohol biochemically?,general,4,Mistral,False,,[],False,7
What is the role of vitamin A in vision?,general,4,Mistral,False,,[],False,9
Can you explain the biochemical basis of kwashiorkor?,general,5,Mistral,False,,[],False,8
How does the body synthesize collagen?,general,4,Mistral,False,,[],False,6
What is the role of biotin in metabolism?,general,4,Mistral,False,,[],False,8
Can you explain how the gut microbiome produces butyrate?,general,5,Mistral,False,,[],False,9
What is the nutrient composition of traditional Nigerian egusi soup?,general,3,Mistral,False,,[],False,10
How much phytate is in 100g of fermented maize?,general,3,Mistral,False,,[],False,9
What is the vitamin K content of natto?,general,3,Mistral,False,,[],False,8
What are the mineral contents of palm oil?,general,3,Mistral,False,,[],False,8
How much zinc is in 100g of dried crayfish?,general,3,Mistral,False,,[],False,9
What is the amino acid profile of cowpea?,general,3,Mistral,False,,[],False,8
How much vitamin C is in fresh versus frozen spinach?,general,3,Mistral,False,,[],False,10
What is the iron content of traditional Ghanaian groundnut soup?,general,3,Mistral,False,,[],False,10
How much magnesium is in roasted pumpkin seeds?,general,3,Mistral,False,,[],False,8
What is the calcium content of traditional African fermented milk?,general,3,Mistral,False,,[],False,10
How does the iron content of palm oil compare to shea butter?,comparison,2,TinyLlama,True,,[],False,12
Which is better for gut microbiome health: palm wine or fermented maize?,comparison,4,Mistral,True,,[],False,12
How do vitamin K levels compare between raw kale and fermented soy products?,comparison,3,TinyLlama,True,,[],False,13
Which has lower phytate: unfermented ogi or sourdough bread?,comparison,4,Mistral,True,,[],False,9
How does protein quality compare between cowpea and bambara nut using PDCAAS?,comparison,3,TinyLlama,True,,[],False,12
Which is better for vitamin E absorption: palm oil or shea butter?,comparison,2,TinyLlama,True,,[],False,12
How does iron bioavailability compare between raw and sprouted lentils?,comparison,4,Mistral,True,,[],False,10
"Which African staple has the lowest phytate: fufu,  ugali,  or banku?",comparison,3,TinyLlama,True,,[],False,11
How does glycemic index compare between boiled yam and roasted plantain?,comparison,3,TinyLlama,True,,[],False,11
Which is better for gut microbiome: palm wine or fermented cassava?,comparison,4,Mistral,True,,[],False,11
How does calcium content compare between traditional Nigerian and Ghanaian soups?,comparison,3,TinyLlama,True,,[],False,11
Which has more lysine: bambara nut or cowpea?,comparison,2,TinyLlama,True,,[],False,8
What daily zinc intake is recommended for a 3-year-old child?,recommendation,4,Mistral,True,,[],False,10
What's the suggested daily fiber intake for adults with constipation?,recommendation,3,Mistral,True,,[],False,10
What daily vitamin C intake is recommended for smokers?,recommendation,3,Mistral,True,,[],False,9
What protein intake is ideal for a 70kg Nigerian bodybuilder?,recommendation,4,Mistral,True,,[],False,10
What daily iron intake is recommended for menstruating women?,recommendation,3,Mistral,True,,[],False,9
What's the suggested daily water intake for people in Ghanaian climate?,recommendation,3,Mistral,True,,[],False,11
What daily vitamin D intake should dark-skinned people in Nigeria take?,recommendation,4,Mistral,True,,[],False,11
What carbohydrate intake is ideal for diabetic patients?,recommendation,3,Mistral,True,,[],False,8
What daily omega-3 intake is recommended for people with rheumatoid arthritis?,recommendation,4,Mistral,True,,[],False,11
What's the suggested daily sodium limit for people with hypertension?,recommendation,3,Mistral,True,,['sodium'],True,10
What daily vitamin B12 intake is recommended for vegans?,recommendation,3,Mistral,True,,[],False,9
What calcium intake is ideal for postmenopausal women?,recommendation,3,Mistral,True,,[],False,8
What daily magnesium intake is recommended for people with migraines?,recommendation,4,Mistral,True,,[],False,10
What's the suggested daily potassium intake for people on diuretics?,recommendation,4,Mistral,True,,['potassium'],True,10
What daily folate intake is recommended for pregnant women?,recommendation,3,Mistral,True,,[],False,9
What protein intake is ideal for children with kwashiorkor?,recommendation,5,Mistral,True,,[],False,9
What daily zinc intake is recommended for children with diarrhea?,recommendation,5,Mistral,True,,[],False,10
What's the suggested daily vitamin A intake for children in Nigeria?,recommendation,4,Mistral,True,,[],False,11
What daily vitamin K intake should someone on warfarin maintain?,recommendation,5,Mistral,True,,[],False,10
What iron intake is ideal for vegetarian athletes?,recommendation,4,Mistral,True,,[],False,8
What daily vitamin C intake is recommended for children with scurvy?,recommendation,5,Mistral,True,,[],False,11
What's the suggested daily calorie intake for weight loss in Nigeria?,recommendation,4,Mistral,True,,[],False,11
What protein intake is recommended for children with marasmus?,recommendation,5,Mistral,True,,[],False,9
What fat intake is ideal for people with fatty liver disease?,recommendation,4,Mistral,True,,[],False,11
What daily vitamin D intake is recommended for breastfed infants?,recommendation,4,Mistral,True,,[],False,10
What's the suggested daily iodine intake in iodine-deficient regions?,recommendation,4,Mistral,True,,[],False,9
What daily selenium intake is recommended for people with thyroid issues?,recommendation,4,Mistral,True,,[],False,11
What carbohydrate intake is ideal for children with reactive hypoglycemia?,recommendation,4,Mistral,True,,[],False,10
What daily vitamin E intake is recommended for people with NAFLD?,recommendation,4,Mistral,True,,[],False,11
What's the suggested daily chromium intake for people with insulin resistance?,recommendation,4,Mistral,True,,[],False,11
What daily zinc intake is recommended for a 5-year-old with stunted growth?,recommendation,5,Mistral,True,,[],False,12
What protein intake is ideal for a 60kg Kenyan runner?,recommendation,4,Mistral,True,,[],False,10
What daily iron intake is recommended for breastfeeding women?,recommendation,3,Mistral,True,,[],False,9
What's the suggested daily fiber intake for people with IBS-D?,recommendation,3,Mistral,True,,[],False,10
What daily vitamin D intake is recommended for someone with CKD stage 3?,recommendation,5,Mistral,True,,[],False,13
What calcium intake is ideal for children with rickets?,recommendation,5,Mistral,True,,[],False,9
What daily magnesium intake is recommended for people with muscle cramps?,recommendation,4,Mistral,True,,[],False,11
What's the suggested daily potassium intake for people with hypokalemia?,recommendation,5,Mistral,True,,[],False,10
What daily folate intake is recommended for people with MTHFR mutation?,recommendation,5,Mistral,True,,[],False,11
What protein intake is ideal for children with cystic fibrosis?,recommendation,5,Mistral,True,,[],False,10
What daily zinc intake is recommended for children with acrodermatitis enteropathica?,recommendation,5,Mistral,True,,[],False,11
What's the suggested daily vitamin A intake for children with measles?,recommendation,5,Mistral,True,,[],False,11
What daily vitamin K intake is recommended for people with cholestasis?,recommendation,5,Mistral,True,,[],False,11
What iron intake is ideal for children with sickle cell disease?,recommendation,5,Mistral,True,,[],False,11
What daily vitamin C intake is recommended for children with malnutrition?,recommendation,5,Mistral,True,,[],False,11
What's the suggested daily calorie intake for catch-up growth in Nigeria?,recommendation,5,Mistral,True,,[],False,11
What protein intake is recommended for children with protein-energy malnutrition?,recommendation,5,Mistral,True,,[],False,10
What fat intake is ideal for people with chylomicron retention disease?,recommendation,5,Mistral,True,,[],False,11
What daily vitamin D intake is recommended for children with rickets?,recommendation,5,Mistral,True,,[],False,11
What's the suggested daily iodine intake for pregnant women in Africa?,recommendation,4,Mistral,True,,[],False,11
Are there any nutritional benefits to eating only bananas for a month?,general,2,TinyLlama,True,recommendation,[],False,12
Is it safe to drink coffee while taking levothyroxine for thyroid condition?,therapy,4,Mistral,True,general,[],True,12
How does the protein content of chicken compare to beef per 100g?,comparison,2,TinyLlama,False,recommendation,[],False,12
How much water should I drink daily to lose weight?,recommendation,3,Mistral,True,therapy,[],False,10
What diet is best for building muscle quickly?,recommendation,3,Mistral,True,therapy,[],False,8
Can you explain how insulin works in the body?,general,4,Mistral,False,therapy,[],False,9
What foods should I eat if I have high blood pressure?,therapy,2,TinyLlama,True,recommendation,[],False,11
How does the sugar content in Coke compare to Pepsi?,comparison,2,TinyLlama,False,recommendation,[],False,10
Is intermittent fasting beneficial for diabetes management?,therapy,3,Mistral,True,general,"['glucose', 'hba1c']",False,7
How many calories are in a Big Mac?,general,1,TinyLlama,False,recommendation,[],False,8
What foods should I avoid if I have high cholesterol?,therapy,3,Mistral,True,recommendation,[],False,10
How does the vitamin C content in oranges compare to lemons?,comparison,2,TinyLlama,False,recommendation,[],False,11
How much protein do I need after a workout?,recommendation,3,Mistral,True,therapy,[],False,9
What is the glycemic index of white rice?,general,2,TinyLlama,False,therapy,[],False,8
Can I eat eggs if I have high cholesterol?,therapy,3,Mistral,True,general,[],False,9
How does the fat content in whole milk compare to skim milk?,comparison,2,TinyLlama,False,recommendation,[],False,12
How much fiber should I eat daily to manage constipation?,recommendation,3,Mistral,True,therapy,[],False,10
What's the difference between saturated and unsaturated fats?,general,3,Mistral,False,comparison,[],False,8
Is coconut oil healthier than olive oil for cooking?,comparison,3,Mistral,True,therapy,[],False,9
How many carbohydrates should a diabetic eat per meal?,recommendation,4,Mistral,True,therapy,[],False,9
What are the symptoms of vitamin D deficiency?,general,2,TinyLlama,False,therapy,[],False,8
How does the iron content in spinach compare to red meat?,comparison,3,Mistral,True,therapy,[],False,11
How much vitamin D should I take during winter months?,recommendation,3,Mistral,True,therapy,[],False,10
What is the best diet for weight loss?,recommendation,2,TinyLlama,True,therapy,[],False,8
Can I eat avocado while trying to lose weight?,recommendation,2,TinyLlama,True,therapy,[],False,9
How does the omega-3 content in salmon compare to tuna?,comparison,3,Mistral,True,therapy,[],False,10
How much salt is in a teaspoon of table salt?,general,1,TinyLlama,False,recommendation,[],False,10
What foods are high in potassium content?,general,2,TinyLlama,False,recommendation,[],False,7
Is it safe to follow a keto diet with kidney disease?,therapy,4,Mistral,True,general,[],True,11
How much sugar is in a standard can of soda?,general,1,TinyLlama,False,recommendation,[],False,10
What is the best time to consume carbohydrates?,general,3,Mistral,True,recommendation,[],False,8
How does the calcium content in milk compare to almond milk?,comparison,3,Mistral,True,therapy,[],False,11
How much water should pregnant women drink daily?,recommendation,3,Mistral,True,therapy,[],False,8
What are the health benefits of drinking green tea?,general,2,TinyLlama,False,therapy,[],False,9
Can I drink alcohol while taking blood pressure medication?,therapy,4,Mistral,True,general,[],True,9
How does the protein quality of plant sources compare to animal sources?,comparison,4,Mistral,True,therapy,[],False,12
How much magnesium should I take to relieve muscle cramps?,recommendation,4,Mistral,True,therapy,[],False,10
What foods should I eat before running a marathon?,recommendation,4,Mistral,True,therapy,[],False,9
Is honey better than sugar for diabetics?,therapy,3,Mistral,True,general,[],False,7
How much vitamin C is in a glass of freshly squeezed orange juice?,general,2,TinyLlama,False,recommendation,[],False,13
What's the difference between probiotics and prebiotics?,general,3,Mistral,False,comparison,[],False,7
How does the antioxidant level in blueberries compare to strawberries?,comparison,3,Mistral,True,therapy,[],False,10
How much zinc should I take when I have a cold?,recommendation,4,Mistral,True,therapy,[],False,11
What is the best diet for managing PCOS symptoms?,therapy,4,Mistral,True,recommendation,[],True,9
Can I eat nuts if I have diverticulitis?,therapy,3,Mistral,True,general,[],False,8
How does the glycemic load of white bread compare to whole wheat bread?,comparison,3,Mistral,True,therapy,[],False,13
How much protein is in a cup of cooked quinoa?,general,2,TinyLlama,False,recommendation,[],False,10
What foods should I avoid if I have gout?,therapy,4,Mistral,True,recommendation,[],True,9
Is it healthy to skip breakfast regularly?,general,2,TinyLlama,True,recommendation,[],False,7
How much fiber is in a medium-sized apple?,general,2,TinyLlama,False,recommendation,[],False,8
What is the best diet for managing fatty liver disease?,therapy,4,Mistral,True,recommendation,[],True,10
How does the vitamin D content in fortified milk compare to mushrooms?,comparison,3,Mistral,True,therapy,[],False,12
How much omega-3 should I take for heart health benefits?,recommendation,4,Mistral,True,therapy,[],False,10
What are the side effects of consuming too much vitamin B12?,general,3,Mistral,False,therapy,[],False,11
Can I eat grapefruit while taking statin medications?,therapy,5,Mistral,True,general,[],True,8
How does the potassium content in bananas compare to potatoes?,comparison,3,Mistral,True,therapy,[],False,10
How much iron is in a 3-ounce serving of cooked beef?,general,2,TinyLlama,False,recommendation,[],False,11
What is the best diet for managing IBS symptoms?,therapy,4,Mistral,True,recommendation,[],True,9
Is intermittent fasting safe for people with diabetes?,therapy,4,Mistral,True,general,[],True,8
How much calcium is in a cup of plain yogurt?,general,2,TinyLlama,False,recommendation,[],False,10
What foods are high in vitamin K content?,general,2,TinyLlama,False,therapy,[],False,8
How does the calorie content in beer compare to wine?,comparison,2,TinyLlama,False,recommendation,[],False,10
How much protein do I need daily to build muscle?,recommendation,3,Mistral,True,therapy,[],False,10
What is the best diet for managing high cholesterol?,therapy,3,Mistral,True,recommendation,[],False,9
Can I eat eggs every day without health concerns?,general,2,TinyLlama,True,recommendation,[],False,9
How does the sugar content in fruit juice compare to soda?,comparison,3,Mistral,True,therapy,[],False,11
How much vitamin D is in a 4-ounce serving of salmon?,general,2,TinyLlama,False,recommendation,[],False,11
What foods are good for promoting healthy skin?,recommendation,3,Mistral,True,therapy,[],False,8
Is it safe to follow a vegan diet during pregnancy?,therapy,4,Mistral,True,general,[],True,10
How much magnesium is in a small handful of almonds?,general,2,TinyLlama,False,recommendation,[],False,10
What is the best diet for managing autoimmune diseases?,therapy,4,Mistral,True,recommendation,[],True,9
How does iron absorption compare between plant and animal sources?,comparison,4,Mistral,True,therapy,[],False,10
How much water should I drink during physical exercise?,recommendation,3,Mistral,True,therapy,[],False,9
What foods are good for lowering blood pressure naturally?,therapy,3,Mistral,True,recommendation,[],False,9
Can I eat cheese if I'm lactose intolerant?,general,2,TinyLlama,True,therapy,[],False,8
How does the protein content in tofu compare to chicken?,comparison,3,Mistral,True,therapy,[],False,10
How much fiber should I eat daily for IBS-C management?,recommendation,4,Mistral,True,therapy,[],False,10
What is the best diet for managing menopause symptoms?,therapy,4,Mistral,True,recommendation,[],True,9
Is coconut sugar better than regular table sugar?,general,2,TinyLlama,True,recommendation,[],False,8
How much vitamin E is in a tablespoon of extra virgin olive oil?,general,2,TinyLlama,False,recommendation,[],False,13
What foods should I avoid if I have kidney stones?,therapy,4,Mistral,True,recommendation,"['uric_acid', 'calcium', 'oxalate']",True,10
How does the glycemic index of sweet potatoes compare to white potatoes?,comparison,3,Mistral,True,therapy,[],False,12
How much zinc should I take for immune system support?,recommendation,4,Mistral,True,therapy,[],False,10
What is the best diet for managing arthritis symptoms?,therapy,4,Mistral,True,recommendation,[],True,9
Can I eat popcorn if I have diverticulosis?,general,2,TinyLlama,True,therapy,[],False,8
How does the antioxidant content in dark chocolate compare to milk chocolate?,comparison,3,Mistral,True,therapy,[],False,12
How much selenium is in a single Brazil nut?,general,2,TinyLlama,False,recommendation,[],False,9
What foods are high in vitamin B12 content?,general,2,TinyLlama,False,therapy,[],False,8
Is it healthy to eat late at night before bed?,general,2,TinyLlama,True,recommendation,[],False,10
How much protein is in a cup of cooked lentils?,general,2,TinyLlama,False,recommendation,[],False,10
What is the best diet for managing anxiety symptoms?,therapy,4,Mistral,True,recommendation,[],True,9
How does the omega-6 to omega-3 ratio compare in different cooking oils?,comparison,4,Mistral,True,therapy,[],False,12
How much folate should I take during pregnancy?,recommendation,5,Mistral,True,therapy,[],False,8
What foods should I eat for better sleep quality?,recommendation,3,Mistral,True,therapy,[],False,9
Can I drink herbal tea while taking blood thinners?,therapy,5,Mistral,True,general,[],True,9
How does the phytate content compare between raw and sprouted almonds?,comparison,4,Mistral,True,therapy,[],False,11
How much chromium is in a cup of cooked broccoli?,general,2,TinyLlama,False,recommendation,[],False,10
What is the best diet for managing Crohn's disease symptoms?,therapy,5,Mistral,True,recommendation,[],True,10
Is it safe to take vitamin D supplements daily without medical supervision?,general,3,Mistral,True,therapy,[],False,12
How much biotin is in a single large egg?,general,2,TinyLlama,False,recommendation,[],False,9
Compare the phytate levels in brown rice and maize flour based on the Food Composition Table.,comparison,5,Mistral,True,,[],False,16
Compare the phytate levels in brown rice and quinoa based on the Food Composition Table.,comparison,5,Mistral,True,,[],False,15
Which has higher protein digestibility: lentils or maize flour?,comparison,2,Mistral,True,,[],False,9
Compare the phytate levels in cassava flour and oats based on the Food Composition Table.,comparison,5,TinyLlama,False,,[],False,15
Compare the phytate levels in lentils and maize flour based on the Food Composition Table.,comparison,2,Mistral,True,,[],False,15
How do the biochemical impacts of polyphenol differ from protein in pediatric diets?,comparison,2,Mistral,True,,[],False,13
Compare the effects of zinc gluconate and folic acid on calcium absorption.,comparison,2,Mistral,True,,[],False,12
How do the biochemical impacts of fiber differ from magnesium in pediatric diets?,comparison,2,Mistral,False,,[],False,13
Which has higher protein digestibility: wheat bread or maize flour?,comparison,4,Mistral,False,,[],False,10
How do the biochemical impacts of fiber differ from iron in pediatric diets?,comparison,4,TinyLlama,False,,[],False,13
Which has higher protein digestibility: lentils or yam flour?,comparison,3,Mistral,True,,[],False,9
Compare ketogenic vs omnivorous for iron bioavailability in patients with anemia.,comparison,1,Mistral,True,,[],False,11
How do the biochemical impacts of zinc differ from vitamin C in pediatric diets?,comparison,1,TinyLlama,False,,[],False,14
Compare vegetarian vs vegan for iron bioavailability in patients with anemia.,comparison,5,TinyLlama,True,,[],False,11
Which has higher protein digestibility: lentils or quinoa?,comparison,2,Mistral,False,,[],False,8
Compare Mediterranean vs paleo for iron bioavailability in patients with anemia.,comparison,1,TinyLlama,True,,[],False,11
Compare the phytate levels in brown rice and oats based on the Food Composition Table.,comparison,2,Mistral,False,,[],False,15
How do the biochemical impacts of zinc differ from vitamin C in pediatric diets?,comparison,2,TinyLlama,True,,[],False,14
Which has higher protein digestibility: millet porridge or yam flour?,comparison,3,TinyLlama,True,,[],False,10
How do the biochemical impacts of fiber differ from calcium in pediatric diets?,comparison,2,TinyLlama,False,,[],False,13
Compare the effects of magnesium citrate and fish oil on calcium absorption.,comparison,4,Mistral,True,,[],False,12
Which has higher protein digestibility: brown rice or quinoa?,comparison,4,Mistral,True,,[],False,9
How do the biochemical impacts of phytate differ from vitamin C in pediatric diets?,comparison,1,Mistral,True,,[],False,14
Compare the phytate levels in lentils and oats based on the Food Composition Table.,comparison,1,TinyLlama,True,,[],False,14
Compare the effects of zinc gluconate and vitamin K2 on calcium absorption.,comparison,3,TinyLlama,False,,[],False,12
Which has higher protein digestibility: wheat bread or maize flour?,comparison,5,TinyLlama,True,,[],False,10
Compare the effects of magnesium citrate and potassium chloride on calcium absorption.,comparison,3,TinyLlama,False,,[],False,12
Compare the effects of vitamin D and vitamin K2 on calcium absorption.,comparison,3,TinyLlama,True,,[],False,12
Compare the effects of magnesium citrate and potassium chloride on calcium absorption.,comparison,5,Mistral,False,,[],False,12
Compare the phytate levels in brown rice and yam flour based on the Food Composition Table.,comparison,2,Mistral,False,,[],False,16
Compare the effects of zinc gluconate and folic acid on calcium absorption.,comparison,5,TinyLlama,False,,[],False,12
How do the biochemical impacts of polyphenol differ from iron in pediatric diets?,comparison,3,Mistral,True,,[],False,13
How do the biochemical impacts of fiber differ from iron in pediatric diets?,comparison,3,TinyLlama,True,,[],False,13
Which has higher protein digestibility: brown rice or yam flour?,comparison,2,TinyLlama,True,,[],False,10
Which has higher protein digestibility: millet porridge or maize flour?,comparison,3,TinyLlama,True,,[],False,10
Compare vegetarian vs omnivorous for iron bioavailability in patients with anemia.,comparison,3,Mistral,True,,[],False,11
Which has higher protein digestibility: lentils or quinoa?,comparison,2,Mistral,False,,[],False,8
Compare the phytate levels in millet porridge and sorghum based on the Food Composition Table.,comparison,3,Mistral,False,,[],False,15
Compare the effects of ferrous sulfate and potassium chloride on calcium absorption.,comparison,4,TinyLlama,False,,[],False,12
Compare ketogenic vs low-carb for iron bioavailability in patients with anemia.,comparison,2,Mistral,True,,[],False,11
Compare the phytate levels in millet porridge and sorghum based on the Food Composition Table.,comparison,2,TinyLlama,True,,[],False,15
Compare the phytate levels in wheat bread and yam flour based on the Food Composition Table.,comparison,4,Mistral,False,,[],False,16
How do the biochemical impacts of phytate differ from protein in pediatric diets?,comparison,1,TinyLlama,True,,[],False,13
Which has higher protein digestibility: wheat bread or yam flour?,comparison,5,Mistral,False,,[],False,10
How do the biochemical impacts of polyphenol differ from calcium in pediatric diets?,comparison,3,Mistral,True,,[],False,13
Compare high-fiber vs vegan for iron bioavailability in patients with anemia.,comparison,2,Mistral,True,,[],False,11
How do the biochemical impacts of fiber differ from magnesium in pediatric diets?,comparison,2,Mistral,False,,[],False,13
Compare the effects of zinc gluconate and fish oil on calcium absorption.,comparison,4,TinyLlama,False,,[],False,12
How do the biochemical impacts of fiber differ from iron in pediatric diets?,comparison,4,TinyLlama,True,,[],False,13
Which has higher protein digestibility: lentils or sorghum?,comparison,1,Mistral,False,,[],False,8
Compare low-phytate vs DASH for iron bioavailability in patients with anemia.,comparison,1,Mistral,True,,[],False,11
Compare the effects of magnesium citrate and vitamin K2 on calcium absorption.,comparison,1,TinyLlama,True,,[],False,12
How do the biochemical impacts of zinc differ from calcium in pediatric diets?,comparison,5,TinyLlama,True,,[],False,13
Compare high-fiber vs low-carb for iron bioavailability in patients with anemia.,comparison,1,TinyLlama,True,,[],False,11
Compare ketogenic vs omnivorous for iron bioavailability in patients with anemia.,comparison,1,Mistral,True,,[],False,11
Which has higher protein digestibility: cassava flour or oats?,comparison,5,Mistral,False,,[],False,9
Which has higher protein digestibility: cassava flour or sorghum?,comparison,2,Mistral,False,,[],False,9
Compare low-phytate vs paleo for iron bioavailability in patients with anemia.,comparison,3,Mistral,False,,[],False,11
Compare the effects of calcium carbonate and folic acid on calcium absorption.,comparison,2,Mistral,False,,[],False,12
Which has higher protein digestibility: brown rice or oats?,comparison,3,Mistral,False,,[],False,9
Which has higher protein digestibility: lentils or maize flour?,comparison,1,TinyLlama,False,,[],False,9
Compare the phytate levels in lentils and quinoa based on the Food Composition Table.,comparison,5,Mistral,True,,[],False,14
How do the biochemical impacts of polyphenol differ from calcium in pediatric diets?,comparison,3,TinyLlama,True,,[],False,13
Compare the effects of zinc gluconate and fish oil on calcium absorption.,comparison,4,Mistral,False,,[],False,12
How do the biochemical impacts of fiber differ from iron in pediatric diets?,comparison,5,TinyLlama,True,,[],False,13
How do the biochemical impacts of phytate differ from calcium in pediatric diets?,comparison,5,TinyLlama,False,,[],False,13
Which has higher protein digestibility: cassava flour or maize flour?,comparison,5,TinyLlama,True,,[],False,10
How do the biochemical impacts of oxalate differ from calcium in pediatric diets?,comparison,1,Mistral,False,,[],False,13
Compare the effects of calcium carbonate and ascorbic acid on calcium absorption.,comparison,2,Mistral,True,,[],False,12
Which has higher protein digestibility: brown rice or sorghum?,comparison,2,Mistral,False,,[],False,9
Which has higher protein digestibility: brown rice or yam flour?,comparison,4,TinyLlama,True,,[],False,10
Which has higher protein digestibility: millet porridge or sorghum?,comparison,1,Mistral,True,,[],False,9
How do the biochemical impacts of fiber differ from magnesium in pediatric diets?,comparison,1,Mistral,False,,[],False,13
Which has higher protein digestibility: millet porridge or maize flour?,comparison,4,TinyLlama,False,,[],False,10
Compare the phytate levels in millet porridge and maize flour based on the Food Composition Table.,comparison,4,Mistral,True,,[],False,16
How do the biochemical impacts of zinc differ from protein in pediatric diets?,comparison,5,TinyLlama,False,,[],False,13
Which has higher protein digestibility: cassava flour or oats?,comparison,1,Mistral,True,,[],False,9
How do the biochemical impacts of phytate differ from calcium in pediatric diets?,comparison,4,Mistral,False,,[],False,13
How do the biochemical impacts of oxalate differ from protein in pediatric diets?,comparison,1,Mistral,False,,[],False,13
Compare ketogenic vs omnivorous for iron bioavailability in patients with anemia.,comparison,2,Mistral,False,,[],False,11
Compare low-phytate vs DASH for iron bioavailability in patients with anemia.,comparison,5,Mistral,True,,[],False,11
Which has higher protein digestibility: brown rice or maize flour?,comparison,2,Mistral,True,,[],False,10
Which has higher protein digestibility: brown rice or sorghum?,comparison,4,Mistral,False,,[],False,9
Compare the effects of calcium carbonate and folic acid on calcium absorption.,comparison,1,TinyLlama,True,,[],False,12
Compare vegetarian vs low-carb for iron bioavailability in patients with anemia.,comparison,1,TinyLlama,False,,[],False,11
Compare the phytate levels in millet porridge and maize flour based on the Food Composition Table.,comparison,5,TinyLlama,True,,[],False,16
How do the biochemical impacts of fiber differ from vitamin C in pediatric diets?,comparison,2,Mistral,False,,[],False,14
Which has higher protein digestibility: millet porridge or oats?,comparison,3,Mistral,False,,[],False,9
Compare low-phytate vs vegan for iron bioavailability in patients with anemia.,comparison,5,Mistral,False,,[],False,11
Compare high-fiber vs vegan for iron bioavailability in patients with anemia.,comparison,3,TinyLlama,False,,[],False,11
How do the biochemical impacts of polyphenol differ from calcium in pediatric diets?,comparison,1,Mistral,True,,[],False,13
Compare the phytate levels in millet porridge and maize flour based on the Food Composition Table.,comparison,5,Mistral,True,,[],False,16
Compare low-phytate vs vegan for iron bioavailability in patients with anemia.,comparison,4,Mistral,True,,[],False,11
Which has higher protein digestibility: brown rice or maize flour?,comparison,4,Mistral,True,,[],False,10
How do the biochemical impacts of zinc differ from vitamin C in pediatric diets?,comparison,4,Mistral,False,,[],False,14
Compare the phytate levels in wheat bread and oats based on the Food Composition Table.,comparison,5,TinyLlama,False,,[],False,15
Which has higher protein digestibility: millet porridge or sorghum?,comparison,5,Mistral,False,,[],False,9
Compare the phytate levels in millet porridge and quinoa based on the Food Composition Table.,comparison,5,Mistral,True,,[],False,15
Which has higher protein digestibility: millet porridge or quinoa?,comparison,1,Mistral,True,,[],False,9
How do the biochemical impacts of phytate differ from vitamin C in pediatric diets?,comparison,3,TinyLlama,True,,[],False,14
Compare Mediterranean vs vegan for iron bioavailability in patients with anemia.,comparison,1,Mistral,True,,[],False,11
Compare the effects of calcium carbonate and folic acid on calcium absorption.,comparison,1,TinyLlama,False,,[],False,12
Which has higher protein digestibility: millet porridge or sorghum?,comparison,1,Mistral,False,,[],False,9
Compare the phytate levels in brown rice and yam flour based on the Food Composition Table.,comparison,1,Mistral,True,,[],False,16
Compare the phytate levels in wheat bread and maize flour based on the Food Composition Table.,comparison,5,Mistral,False,,[],False,16
Compare the effects of calcium carbonate and fish oil on calcium absorption.,comparison,2,Mistral,False,,[],False,12
Which has higher protein digestibility: cassava flour or yam flour?,comparison,2,Mistral,True,,[],False,10
Compare the phytate levels in brown rice and oats based on the Food Composition Table.,comparison,5,Mistral,True,,[],False,15
Which has higher protein digestibility: millet porridge or yam flour?,comparison,5,TinyLlama,True,,[],False,10
Which has higher protein digestibility: wheat bread or oats?,comparison,2,Mistral,True,,[],False,9
Compare the effects of zinc gluconate and ascorbic acid on calcium absorption.,comparison,2,TinyLlama,False,,[],False,12
Compare the phytate levels in wheat bread and oats based on the Food Composition Table.,comparison,3,TinyLlama,False,,[],False,15
Compare vegetarian vs paleo for iron bioavailability in patients with anemia.,comparison,1,TinyLlama,False,,[],False,11
Which has higher protein digestibility: cassava flour or yam flour?,comparison,1,Mistral,False,,[],False,10
Compare the phytate levels in millet porridge and sorghum based on the Food Composition Table.,comparison,5,TinyLlama,True,,[],False,15
How do the biochemical impacts of oxalate differ from magnesium in pediatric diets?,comparison,4,Mistral,True,,[],False,13
How do the biochemical impacts of oxalate differ from vitamin C in pediatric diets?,comparison,1,Mistral,True,,[],False,14
Which has higher protein digestibility: brown rice or maize flour?,comparison,1,Mistral,True,,[],False,10
Compare vegetarian vs low-carb for iron bioavailability in patients with anemia.,comparison,4,Mistral,True,,[],False,11
Which has higher protein digestibility: millet porridge or maize flour?,comparison,5,TinyLlama,False,,[],False,10
Compare ketogenic vs paleo for iron bioavailability in patients with anemia.,comparison,2,TinyLlama,True,,[],False,11
Which has higher protein digestibility: cassava flour or sorghum?,comparison,2,Mistral,True,,[],False,9
Which has higher protein digestibility: cassava flour or maize flour?,comparison,3,Mistral,False,,[],False,10
Compare the phytate levels in brown rice and maize flour based on the Food Composition Table.,comparison,4,Mistral,True,,[],False,16
Which has higher protein digestibility: lentils or quinoa?,comparison,4,TinyLlama,False,,[],False,8
Recommend dietary changes for reducing phytate intake in adolescents.,recommendation,2,Mistral,False,,[],False,9
Suggest plant-based alternatives high in vitamin B12 for osteoporosis.,recommendation,3,Mistral,False,,[],False,9
What is the best way to enhance calcium absorption for elderly patients?,recommendation,1,Mistral,True,,[],False,12
Recommend a supplementation strategy for improving vitamin B12 status in chronic kidney disease.,recommendation,3,Mistral,True,,[],False,13
Recommend a supplementation strategy for improving vitamin B12 status in osteoporosis.,recommendation,3,Mistral,False,,[],False,11
Suggest foods from the Food Composition Table rich in iron for adolescents.,recommendation,5,Mistral,False,,[],False,12
Suggest foods from the Food Composition Table rich in iron for adolescents.,recommendation,5,Mistral,True,,[],False,12
Recommend a supplementation strategy for improving zinc status in osteoporosis.,recommendation,3,Mistral,True,,[],False,10
Suggest foods from the Food Composition Table rich in zinc for children under 5.,recommendation,3,TinyLlama,True,,[],False,14
Recommend a supplementation strategy for improving zinc status in malnutrition.,recommendation,4,TinyLlama,True,,[],False,10
Suggest foods from the Food Composition Table rich in zinc for adolescents.,recommendation,1,Mistral,False,,[],False,12
Suggest foods from the Food Composition Table rich in vitamin B12 for elderly patients.,recommendation,4,TinyLlama,True,,[],False,14
Recommend a supplementation strategy for improving zinc status in stunted growth.,recommendation,5,Mistral,False,,[],False,11
Recommend a supplementation strategy for improving vitamin B12 status in malnutrition.,recommendation,4,TinyLlama,True,,[],False,11
Suggest plant-based alternatives high in calcium for iron-deficiency anemia.,recommendation,4,Mistral,True,,[],False,9
Suggest plant-based alternatives high in calcium for iron-deficiency anemia.,recommendation,2,Mistral,False,,[],False,9
Suggest plant-based alternatives high in magnesium for iron-deficiency anemia.,recommendation,2,Mistral,False,,[],False,9
Recommend dietary changes for reducing phytate intake in elderly patients.,recommendation,5,Mistral,True,,[],False,10
What is the best way to enhance calcium absorption for pregnant women?,recommendation,1,Mistral,True,,[],False,12
Recommend a supplementation strategy for improving zinc status in iron-deficiency anemia.,recommendation,3,Mistral,True,,[],False,11
What is the best way to enhance vitamin B12 absorption for elderly patients?,recommendation,1,TinyLlama,False,,[],False,13
Suggest foods from the Food Composition Table rich in vitamin B12 for children under 5.,recommendation,5,Mistral,True,,[],False,15
Recommend a supplementation strategy for improving calcium status in iron-deficiency anemia.,recommendation,1,TinyLlama,False,,[],False,11
Suggest plant-based alternatives high in iron for iron-deficiency anemia.,recommendation,4,TinyLlama,True,,[],False,9
Suggest foods from the Food Composition Table rich in magnesium for athletes.,recommendation,5,Mistral,True,,[],False,12
Suggest plant-based alternatives high in zinc for iron-deficiency anemia.,recommendation,5,Mistral,True,,[],False,9
Suggest plant-based alternatives high in vitamin B12 for malnutrition.,recommendation,5,TinyLlama,False,,[],False,9
What is the best way to enhance magnesium absorption for pregnant women?,recommendation,3,TinyLlama,False,,[],False,12
Recommend dietary changes for reducing phytate intake in athletes.,recommendation,5,Mistral,True,,[],False,9
Recommend dietary changes for reducing phytate intake in athletes.,recommendation,2,Mistral,False,,[],False,9
Suggest foods from the Food Composition Table rich in iron for children under 5.,recommendation,1,Mistral,True,,[],False,14
Recommend dietary changes for reducing phytate intake in children under 5.,recommendation,3,Mistral,False,,[],False,11
Recommend a supplementation strategy for improving zinc status in stunted growth.,recommendation,3,TinyLlama,False,,[],False,11
Recommend a supplementation strategy for improving calcium status in chronic kidney disease.,recommendation,4,Mistral,False,,[],False,12
Recommend a supplementation strategy for improving magnesium status in chronic kidney disease.,recommendation,3,Mistral,True,,[],False,12
What is the best way to enhance magnesium absorption for pregnant women?,recommendation,2,Mistral,False,,[],False,12
Recommend dietary changes for reducing phytate intake in pregnant women.,recommendation,3,Mistral,False,,[],False,10
Suggest foods from the Food Composition Table rich in calcium for elderly patients.,recommendation,1,Mistral,False,,[],False,13
Recommend a supplementation strategy for improving iron status in chronic kidney disease.,recommendation,3,TinyLlama,True,,[],False,12
Suggest foods from the Food Composition Table rich in magnesium for adolescents.,recommendation,2,TinyLlama,True,,[],False,12
Recommend a supplementation strategy for improving magnesium status in malnutrition.,recommendation,1,TinyLlama,False,,[],False,10
Recommend a supplementation strategy for improving magnesium status in iron-deficiency anemia.,recommendation,5,TinyLlama,False,,[],False,11
What is the best way to enhance calcium absorption for athletes?,recommendation,1,TinyLlama,True,,[],False,11
What is the best way to enhance magnesium absorption for adolescents?,recommendation,1,Mistral,False,,[],False,11
What is the best way to enhance vitamin B12 absorption for children under 5?,recommendation,4,TinyLlama,True,,[],False,14
Suggest foods from the Food Composition Table rich in magnesium for pregnant women.,recommendation,4,TinyLlama,False,,[],False,13
Recommend a supplementation strategy for improving vitamin B12 status in malnutrition.,recommendation,3,Mistral,True,,[],False,11
Suggest foods from the Food Composition Table rich in vitamin B12 for athletes.,recommendation,1,TinyLlama,True,,[],False,13
Suggest foods from the Food Composition Table rich in iron for elderly patients.,recommendation,5,Mistral,False,,[],False,13
Suggest plant-based alternatives high in vitamin B12 for iron-deficiency anemia.,recommendation,1,Mistral,False,,[],False,10
What is the best way to enhance magnesium absorption for adolescents?,recommendation,5,TinyLlama,True,,[],False,11
Recommend a supplementation strategy for improving magnesium status in chronic kidney disease.,recommendation,5,Mistral,True,,[],False,12
Suggest plant-based alternatives high in zinc for osteoporosis.,recommendation,4,TinyLlama,True,,[],False,8
Suggest plant-based alternatives high in calcium for osteoporosis.,recommendation,2,Mistral,True,,[],False,8
Recommend a supplementation strategy for improving calcium status in iron-deficiency anemia.,recommendation,3,TinyLlama,False,,[],False,11
Suggest foods from the Food Composition Table rich in vitamin B12 for athletes.,recommendation,1,TinyLlama,True,,[],False,13
Suggest foods from the Food Composition Table rich in vitamin B12 for adolescents.,recommendation,5,TinyLlama,True,,[],False,13
Recommend dietary changes for reducing phytate intake in pregnant women.,recommendation,2,Mistral,True,,[],False,10
What is the best way to enhance calcium absorption for adolescents?,recommendation,4,TinyLlama,False,,[],False,11
Recommend a supplementation strategy for improving iron status in iron-deficiency anemia.,recommendation,2,Mistral,False,,[],False,11
What is the best way to enhance zinc absorption for elderly patients?,recommendation,5,TinyLlama,False,,[],False,12
Recommend a supplementation strategy for improving magnesium status in osteoporosis.,recommendation,3,TinyLlama,False,,[],False,10
Suggest foods from the Food Composition Table rich in iron for elderly patients.,recommendation,4,TinyLlama,True,,[],False,13
Recommend dietary changes for reducing phytate intake in pregnant women.,recommendation,5,Mistral,True,,[],False,10
Suggest foods from the Food Composition Table rich in vitamin B12 for athletes.,recommendation,2,TinyLlama,False,,[],False,13
Suggest plant-based alternatives high in magnesium for stunted growth.,recommendation,4,TinyLlama,True,,[],False,9
What is the best way to enhance magnesium absorption for adolescents?,recommendation,2,Mistral,True,,[],False,11
Recommend dietary changes for reducing phytate intake in athletes.,recommendation,4,Mistral,True,,[],False,9
Recommend dietary changes for reducing phytate intake in elderly patients.,recommendation,3,Mistral,False,,[],False,10
Recommend dietary changes for reducing phytate intake in elderly patients.,recommendation,5,TinyLlama,False,,[],False,10
Suggest plant-based alternatives high in iron for chronic kidney disease.,recommendation,5,Mistral,False,,[],False,10
Suggest plant-based alternatives high in iron for osteoporosis.,recommendation,1,Mistral,False,,[],False,8
Recommend a supplementation strategy for improving calcium status in osteoporosis.,recommendation,2,Mistral,True,,[],False,10
Recommend dietary changes for reducing phytate intake in pregnant women.,recommendation,4,Mistral,True,,[],False,10
Suggest plant-based alternatives high in zinc for stunted growth.,recommendation,5,Mistral,True,,[],False,9
What is the best way to enhance calcium absorption for adolescents?,recommendation,3,Mistral,False,,[],False,11
What is the best way to enhance calcium absorption for pregnant women?,recommendation,1,Mistral,False,,[],False,12
Recommend dietary changes for reducing phytate intake in adolescents.,recommendation,5,TinyLlama,True,,[],False,9
Suggest plant-based alternatives high in zinc for malnutrition.,recommendation,5,Mistral,True,,[],False,8
Suggest foods from the Food Composition Table rich in vitamin B12 for pregnant women.,recommendation,2,TinyLlama,False,,[],False,14
Recommend a supplementation strategy for improving zinc status in chronic kidney disease.,recommendation,2,Mistral,False,,[],False,12
Recommend dietary changes for reducing phytate intake in children under 5.,recommendation,5,Mistral,False,,[],False,11
Suggest plant-based alternatives high in calcium for osteoporosis.,recommendation,4,Mistral,False,,[],False,8
Recommend a supplementation strategy for improving magnesium status in osteoporosis.,recommendation,2,Mistral,False,,[],False,10
Suggest foods from the Food Composition Table rich in calcium for athletes.,recommendation,4,Mistral,False,,[],False,12
Recommend a supplementation strategy for improving calcium status in stunted growth.,recommendation,1,Mistral,False,,[],False,11
Recommend a supplementation strategy for improving calcium status in iron-deficiency anemia.,recommendation,3,TinyLlama,False,,[],False,11
What is the best way to enhance magnesium absorption for athletes?,recommendation,2,Mistral,False,,[],False,11
Suggest foods from the Food Composition Table rich in vitamin B12 for pregnant women.,recommendation,2,TinyLlama,True,,[],False,14
Suggest plant-based alternatives high in zinc for iron-deficiency anemia.,recommendation,1,Mistral,False,,[],False,9
What is the best way to enhance zinc absorption for pregnant women?,recommendation,5,TinyLlama,False,,[],False,12
What is the best way to enhance zinc absorption for elderly patients?,recommendation,3,Mistral,True,,[],False,12
Recommend dietary changes for reducing phytate intake in adolescents.,recommendation,1,TinyLlama,False,,[],False,9
Suggest foods from the Food Composition Table rich in magnesium for pregnant women.,recommendation,2,Mistral,True,,[],False,13
Recommend dietary changes for reducing phytate intake in athletes.,recommendation,1,Mistral,False,,[],False,9
What is the best way to enhance vitamin B12 absorption for adolescents?,recommendation,2,Mistral,False,,[],False,12
Suggest foods from the Food Composition Table rich in calcium for pregnant women.,recommendation,4,Mistral,True,,[],False,13
Recommend dietary changes for reducing phytate intake in athletes.,recommendation,2,TinyLlama,False,,[],False,9
What is the best way to enhance calcium absorption for adolescents?,recommendation,4,TinyLlama,True,,[],False,11
Suggest foods from the Food Composition Table rich in calcium for elderly patients.,recommendation,1,Mistral,False,,[],False,13
Suggest foods from the Food Composition Table rich in calcium for elderly patients.,recommendation,3,TinyLlama,False,,[],False,13
Recommend a supplementation strategy for improving iron status in iron-deficiency anemia.,recommendation,4,Mistral,True,,[],False,11
What is the best way to enhance calcium absorption for adolescents?,recommendation,3,Mistral,True,,[],False,11
Suggest foods from the Food Composition Table rich in magnesium for children under 5.,recommendation,4,Mistral,False,,[],False,14
Suggest plant-based alternatives high in vitamin B12 for osteoporosis.,recommendation,2,TinyLlama,False,,[],False,9
Suggest plant-based alternatives high in iron for malnutrition.,recommendation,1,TinyLlama,True,,[],False,8
Suggest plant-based alternatives high in zinc for osteoporosis.,recommendation,3,Mistral,True,,[],False,8
Suggest foods from the Food Composition Table rich in magnesium for adolescents.,recommendation,5,Mistral,True,,[],False,12
What is the best way to enhance vitamin B12 absorption for children under 5?,recommendation,4,TinyLlama,False,,[],False,14
Recommend a supplementation strategy for improving magnesium status in stunted growth.,recommendation,1,TinyLlama,True,,[],False,11
Recommend dietary changes for reducing phytate intake in elderly patients.,recommendation,5,TinyLlama,True,,[],False,10
What is the best way to enhance calcium absorption for pregnant women?,recommendation,2,TinyLlama,False,,[],False,12
Recommend a supplementation strategy for improving magnesium status in chronic kidney disease.,recommendation,4,TinyLlama,True,,[],False,12
Recommend a supplementation strategy for improving zinc status in malnutrition.,recommendation,4,TinyLlama,True,,[],False,10
Recommend dietary changes for reducing phytate intake in pregnant women.,recommendation,5,Mistral,False,,[],False,10
Suggest foods from the Food Composition Table rich in magnesium for children under 5.,recommendation,2,Mistral,True,,[],False,14
Recommend dietary changes for reducing phytate intake in pregnant women.,recommendation,1,TinyLlama,True,,[],False,10
Recommend dietary changes for reducing phytate intake in pregnant women.,recommendation,4,TinyLlama,True,,[],False,10
Recommend dietary changes for reducing phytate intake in elderly patients.,recommendation,5,TinyLlama,True,,[],False,10
Suggest foods from the Food Composition Table rich in calcium for adolescents.,recommendation,5,Mistral,False,,[],False,12
Suggest foods from the Food Composition Table rich in zinc for athletes.,recommendation,2,Mistral,False,,[],False,12
Recommend a supplementation strategy for improving vitamin B12 status in malnutrition.,recommendation,2,Mistral,False,,[],False,11
Recommend dietary changes for reducing phytate intake in athletes.,recommendation,3,Mistral,False,,[],False,9
Suggest foods from the Food Composition Table rich in magnesium for athletes.,recommendation,5,Mistral,True,,[],False,12
Suggest foods from the Food Composition Table rich in zinc for athletes.,recommendation,1,Mistral,False,,[],False,12
How should a patient with kidney stones adjust their diet to improve calcium absorption?,therapy,4,TinyLlama,False,,"['uric_acid', 'calcium', 'oxalate']",True,14
Create a therapeutic diet for celiac disease based on the Food Composition Table.,therapy,4,Mistral,True,,[],True,13
How should a patient with type 2 diabetes adjust their diet to improve iron absorption?,therapy,3,Mistral,True,,"['glucose', 'hba1c']",False,15
Outline a clinical nutrition plan for managing type 2 diabetes with low-phytate foods.,therapy,5,TinyLlama,False,,"['glucose', 'hba1c']",True,13
Create a therapeutic diet for celiac disease based on the Food Composition Table.,therapy,1,TinyLlama,True,,[],False,13
Outline a clinical nutrition plan for managing osteoporosis with low-phytate foods.,therapy,5,TinyLlama,False,,"['calcium', 'vitamin_d']",True,11
Create a therapeutic diet for kidney stones based on the Food Composition Table.,therapy,3,Mistral,False,,"['uric_acid', 'calcium', 'oxalate']",True,13
How should a patient with celiac disease adjust their diet to improve zinc absorption?,therapy,3,Mistral,False,,[],False,14
Propose a therapy combining dietary and supplement interventions for iron-deficiency anemia.,therapy,3,TinyLlama,False,,"['ferritin', 'iron']",True,11
Design a dietary intervention for improving iron status in osteoporosis.,therapy,5,TinyLlama,True,,"['calcium', 'vitamin_d']",True,10
Outline a clinical nutrition plan for managing celiac disease with low-phytate foods.,therapy,5,Mistral,False,,[],True,12
Create a therapeutic diet for type 2 diabetes based on the Food Composition Table.,therapy,2,Mistral,True,,"['glucose', 'hba1c']",False,14
Propose a therapy combining dietary and supplement interventions for kidney stones.,therapy,3,Mistral,False,,"['uric_acid', 'calcium', 'oxalate']",True,11
Propose a therapy combining dietary and supplement interventions for type 2 diabetes.,therapy,2,TinyLlama,False,,"['glucose', 'hba1c']",False,12
Create a therapeutic diet for kidney stones based on the Food Composition Table.,therapy,5,TinyLlama,True,,"['uric_acid', 'calcium', 'oxalate']",True,13
Outline a clinical nutrition plan for managing iron-deficiency anemia with low-phytate foods.,therapy,2,TinyLlama,True,,"['ferritin', 'iron']",True,12
Create a therapeutic diet for iron-deficiency anemia based on the Food Composition Table.,therapy,5,Mistral,False,,"['ferritin', 'iron']",True,13
Outline a clinical nutrition plan for managing kidney stones with low-phytate foods.,therapy,4,Mistral,True,,"['uric_acid', 'calcium', 'oxalate']",True,12
Outline a clinical nutrition plan for managing kidney stones with low-phytate foods.,therapy,4,TinyLlama,True,,"['uric_acid', 'calcium', 'oxalate']",True,12
How should a patient with celiac disease adjust their diet to improve magnesium absorption?,therapy,3,TinyLlama,False,,[],False,14
Create a therapeutic diet for iron-deficiency anemia based on the Food Composition Table.,therapy,5,TinyLlama,True,,"['ferritin', 'iron']",True,13
Create a therapeutic diet for kidney stones based on the Food Composition Table.,therapy,3,Mistral,False,,"['uric_acid', 'calcium', 'oxalate']",True,13
Propose a therapy combining dietary and supplement interventions for iron-deficiency anemia.,therapy,4,Mistral,True,,"['ferritin', 'iron']",True,11
Create a therapeutic diet for celiac disease based on the Food Composition Table.,therapy,1,TinyLlama,False,,[],False,13
Propose a therapy combining dietary and supplement interventions for osteoporosis.,therapy,4,TinyLlama,True,,"['calcium', 'vitamin_d']",True,10
Create a therapeutic diet for iron-deficiency anemia based on the Food Composition Table.,therapy,4,Mistral,True,,"['ferritin', 'iron']",True,13
How should a patient with iron-deficiency anemia adjust their diet to improve calcium absorption?,therapy,2,Mistral,False,,"['ferritin', 'iron']",True,14
Outline a clinical nutrition plan for managing iron-deficiency anemia with low-phytate foods.,therapy,5,TinyLlama,True,,"['ferritin', 'iron']",True,12
Design a dietary intervention for improving calcium status in iron-deficiency anemia.,therapy,5,TinyLlama,False,,"['ferritin', 'iron']",True,11
Outline a clinical nutrition plan for managing celiac disease with low-phytate foods.,therapy,5,TinyLlama,False,,[],True,12
How should a patient with celiac disease adjust their diet to improve vitamin D absorption?,therapy,2,TinyLlama,False,,[],False,15
Outline a clinical nutrition plan for managing iron-deficiency anemia with low-phytate foods.,therapy,2,TinyLlama,False,,"['ferritin', 'iron']",True,12
How should a patient with kidney stones adjust their diet to improve magnesium absorption?,therapy,4,Mistral,True,,"['uric_acid', 'calcium', 'oxalate']",True,14
Design a dietary intervention for improving vitamin D status in osteoporosis.,therapy,2,Mistral,False,,"['calcium', 'vitamin_d']",True,11
Propose a therapy combining dietary and supplement interventions for type 2 diabetes.,therapy,4,TinyLlama,False,,"['glucose', 'hba1c']",True,12
Create a therapeutic diet for iron-deficiency anemia based on the Food Composition Table.,therapy,3,TinyLlama,False,,"['ferritin', 'iron']",True,13
Create a therapeutic diet for osteoporosis based on the Food Composition Table.,therapy,3,TinyLlama,True,,"['calcium', 'vitamin_d']",True,12
Outline a clinical nutrition plan for managing celiac disease with low-phytate foods.,therapy,3,Mistral,True,,[],False,12
Create a therapeutic diet for iron-deficiency anemia based on the Food Composition Table.,therapy,4,Mistral,False,,"['ferritin', 'iron']",True,13
Outline a clinical nutrition plan for managing iron-deficiency anemia with low-phytate foods.,therapy,3,TinyLlama,False,,"['ferritin', 'iron']",True,12
Propose a therapy combining dietary and supplement interventions for iron-deficiency anemia.,therapy,4,Mistral,True,,"['ferritin', 'iron']",True,11
How should a patient with type 2 diabetes adjust their diet to improve magnesium absorption?,therapy,5,TinyLlama,False,,"['glucose', 'hba1c']",True,15
Create a therapeutic diet for type 2 diabetes based on the Food Composition Table.,therapy,3,Mistral,False,,"['glucose', 'hba1c']",False,14
Create a therapeutic diet for iron-deficiency anemia based on the Food Composition Table.,therapy,4,Mistral,False,,"['ferritin', 'iron']",True,13
Design a dietary intervention for improving iron status in osteoporosis.,therapy,3,Mistral,True,,"['calcium', 'vitamin_d']",True,10
Propose a therapy combining dietary and supplement interventions for kidney stones.,therapy,2,Mistral,True,,"['uric_acid', 'calcium', 'oxalate']",True,11
Create a therapeutic diet for celiac disease based on the Food Composition Table.,therapy,4,Mistral,False,,[],True,13
Design a dietary intervention for improving zinc status in osteoporosis.,therapy,4,TinyLlama,False,,"['calcium', 'vitamin_d']",True,10
Design a dietary intervention for improving calcium status in kidney stones.,therapy,4,Mistral,True,,"['uric_acid', 'calcium', 'oxalate']",True,11
Propose a therapy combining dietary and supplement interventions for celiac disease.,therapy,4,TinyLlama,False,,[],True,11
Propose a therapy combining dietary and supplement interventions for celiac disease.,therapy,3,TinyLlama,True,,[],False,11
How should a patient with kidney stones adjust their diet to improve calcium absorption?,therapy,5,TinyLlama,False,,"['uric_acid', 'calcium', 'oxalate']",True,14
Create a therapeutic diet for osteoporosis based on the Food Composition Table.,therapy,1,Mistral,False,,"['calcium', 'vitamin_d']",True,12
Create a therapeutic diet for celiac disease based on the Food Composition Table.,therapy,3,TinyLlama,False,,[],False,13
Propose a therapy combining dietary and supplement interventions for iron-deficiency anemia.,therapy,5,Mistral,False,,"['ferritin', 'iron']",True,11
How should a patient with kidney stones adjust their diet to improve vitamin D absorption?,therapy,5,TinyLlama,False,,"['uric_acid', 'calcium', 'oxalate']",True,15
How should a patient with kidney stones adjust their diet to improve iron absorption?,therapy,1,TinyLlama,False,,"['uric_acid', 'calcium', 'oxalate']",True,14
Create a therapeutic diet for kidney stones based on the Food Composition Table.,therapy,5,Mistral,False,,"['uric_acid', 'calcium', 'oxalate']",True,13
Propose a therapy combining dietary and supplement interventions for iron-deficiency anemia.,therapy,1,Mistral,True,,"['ferritin', 'iron']",True,11
How should a patient with kidney stones adjust their diet to improve magnesium absorption?,therapy,5,TinyLlama,False,,"['uric_acid', 'calcium', 'oxalate']",True,14
Design a dietary intervention for improving vitamin D status in osteoporosis.,therapy,5,TinyLlama,False,,"['calcium', 'vitamin_d']",True,11
Outline a clinical nutrition plan for managing osteoporosis with low-phytate foods.,therapy,3,Mistral,True,,"['calcium', 'vitamin_d']",True,11
Outline a clinical nutrition plan for managing type 2 diabetes with low-phytate foods.,therapy,3,Mistral,False,,"['glucose', 'hba1c']",False,13
Create a therapeutic diet for kidney stones based on the Food Composition Table.,therapy,3,Mistral,True,,"['uric_acid', 'calcium', 'oxalate']",True,13
Propose a therapy combining dietary and supplement interventions for osteoporosis.,therapy,1,Mistral,True,,"['calcium', 'vitamin_d']",True,10
Outline a clinical nutrition plan for managing iron-deficiency anemia with low-phytate foods.,therapy,1,TinyLlama,True,,"['ferritin', 'iron']",True,12
How should a patient with type 2 diabetes adjust their diet to improve magnesium absorption?,therapy,2,Mistral,False,,"['glucose', 'hba1c']",False,15
Propose a therapy combining dietary and supplement interventions for type 2 diabetes.,therapy,2,TinyLlama,False,,"['glucose', 'hba1c']",False,12
Propose a therapy combining dietary and supplement interventions for iron-deficiency anemia.,therapy,2,Mistral,False,,"['ferritin', 'iron']",True,11
Propose a therapy combining dietary and supplement interventions for iron-deficiency anemia.,therapy,2,Mistral,True,,"['ferritin', 'iron']",True,11
How should a patient with iron-deficiency anemia adjust their diet to improve magnesium absorption?,therapy,2,Mistral,False,,"['ferritin', 'iron']",True,14
Create a therapeutic diet for osteoporosis based on the Food Composition Table.,therapy,3,Mistral,False,,"['calcium', 'vitamin_d']",True,12
How should a patient with osteoporosis adjust their diet to improve magnesium absorption?,therapy,4,TinyLlama,False,,"['calcium', 'vitamin_d']",True,13
Design a dietary intervention for improving magnesium status in osteoporosis.,therapy,2,Mistral,True,,"['calcium', 'vitamin_d']",True,10
Create a therapeutic diet for celiac disease based on the Food Composition Table.,therapy,2,Mistral,True,,[],False,13
Create a therapeutic diet for celiac disease based on the Food Composition Table.,therapy,5,Mistral,False,,[],True,13
How should a patient with type 2 diabetes adjust their diet to improve magnesium absorption?,therapy,4,Mistral,True,,"['glucose', 'hba1c']",True,15
Propose a therapy combining dietary and supplement interventions for kidney stones.,therapy,5,TinyLlama,False,,"['uric_acid', 'calcium', 'oxalate']",True,11
Design a dietary intervention for improving calcium status in type 2 diabetes.,therapy,3,Mistral,True,,"['glucose', 'hba1c']",False,12
Design a dietary intervention for improving vitamin D status in iron-deficiency anemia.,therapy,2,TinyLlama,False,,"['ferritin', 'iron']",True,12
How should a patient with kidney stones adjust their diet to improve vitamin D absorption?,therapy,4,Mistral,False,,"['uric_acid', 'calcium', 'oxalate']",True,15
Propose a therapy combining dietary and supplement interventions for osteoporosis.,therapy,1,TinyLlama,True,,"['calcium', 'vitamin_d']",True,10
Design a dietary intervention for improving zinc status in iron-deficiency anemia.,therapy,2,Mistral,True,,"['ferritin', 'iron']",True,11
Propose a therapy combining dietary and supplement interventions for kidney stones.,therapy,5,TinyLlama,True,,"['uric_acid', 'calcium', 'oxalate']",True,11
Design a dietary intervention for improving zinc status in kidney stones.,therapy,5,TinyLlama,False,,"['uric_acid', 'calcium', 'oxalate']",True,11
How should a patient with type 2 diabetes adjust their diet to improve vitamin D absorption?,therapy,1,TinyLlama,False,,"['glucose', 'hba1c']",False,16
Outline a clinical nutrition plan for managing osteoporosis with low-phytate foods.,therapy,3,TinyLlama,False,,"['calcium', 'vitamin_d']",True,11
Outline a clinical nutrition plan for managing type 2 diabetes with low-phytate foods.,therapy,5,Mistral,False,,"['glucose', 'hba1c']",True,13
Create a therapeutic diet for kidney stones based on the Food Composition Table.,therapy,2,TinyLlama,True,,"['uric_acid', 'calcium', 'oxalate']",True,13
How should a patient with celiac disease adjust their diet to improve magnesium absorption?,therapy,3,TinyLlama,False,,[],False,14
Design a dietary intervention for improving magnesium status in celiac disease.,therapy,3,TinyLlama,True,,[],False,11
Propose a therapy combining dietary and supplement interventions for iron-deficiency anemia.,therapy,2,TinyLlama,True,,"['ferritin', 'iron']",True,11
Create a therapeutic diet for celiac disease based on the Food Composition Table.,therapy,4,Mistral,True,,[],True,13
How should a patient with celiac disease adjust their diet to improve vitamin D absorption?,therapy,4,Mistral,True,,[],True,15
Outline a clinical nutrition plan for managing osteoporosis with low-phytate foods.,therapy,3,Mistral,False,,"['calcium', 'vitamin_d']",True,11
Propose a therapy combining dietary and supplement interventions for celiac disease.,therapy,1,TinyLlama,False,,[],False,11
Design a dietary intervention for improving magnesium status in iron-deficiency anemia.,therapy,4,TinyLlama,False,,"['ferritin', 'iron']",True,11
Create a therapeutic diet for osteoporosis based on the Food Composition Table.,therapy,3,Mistral,False,,"['calcium', 'vitamin_d']",True,12
How should a patient with kidney stones adjust their diet to improve calcium absorption?,therapy,5,Mistral,False,,"['uric_acid', 'calcium', 'oxalate']",True,14
Outline a clinical nutrition plan for managing iron-deficiency anemia with low-phytate foods.,therapy,4,TinyLlama,True,,"['ferritin', 'iron']",True,12
Create a therapeutic diet for osteoporosis based on the Food Composition Table.,therapy,1,Mistral,True,,"['calcium', 'vitamin_d']",True,12
Create a therapeutic diet for celiac disease based on the Food Composition Table.,therapy,3,TinyLlama,False,,[],False,13
Design a dietary intervention for improving zinc status in iron-deficiency anemia.,therapy,2,TinyLlama,False,,"['ferritin', 'iron']",True,11
Design a dietary intervention for improving vitamin D status in type 2 diabetes.,therapy,1,TinyLlama,True,,"['glucose', 'hba1c']",False,13
Create a therapeutic diet for osteoporosis based on the Food Composition Table.,therapy,2,TinyLlama,False,,"['calcium', 'vitamin_d']",True,12
Outline a clinical nutrition plan for managing iron-deficiency anemia with low-phytate foods.,therapy,1,Mistral,True,,"['ferritin', 'iron']",True,12
Propose a therapy combining dietary and supplement interventions for iron-deficiency anemia.,therapy,4,TinyLlama,True,,"['ferritin', 'iron']",True,11
Outline a clinical nutrition plan for managing celiac disease with low-phytate foods.,therapy,3,TinyLlama,False,,[],False,12
Create a therapeutic diet for type 2 diabetes based on the Food Composition Table.,therapy,5,TinyLlama,True,,"['glucose', 'hba1c']",True,14
Propose a therapy combining dietary and supplement interventions for celiac disease.,therapy,2,Mistral,False,,[],False,11
Create a therapeutic diet for iron-deficiency anemia based on the Food Composition Table.,therapy,2,TinyLlama,False,,"['ferritin', 'iron']",True,13
Design a dietary intervention for improving zinc status in osteoporosis.,therapy,2,TinyLlama,False,,"['calcium', 'vitamin_d']",True,10
Outline a clinical nutrition plan for managing type 2 diabetes with low-phytate foods.,therapy,5,Mistral,True,,"['glucose', 'hba1c']",True,13
Design a dietary intervention for improving magnesium status in type 2 diabetes.,therapy,5,TinyLlama,False,,"['glucose', 'hba1c']",True,12
Design a dietary intervention for improving calcium status in iron-deficiency anemia.,therapy,4,Mistral,True,,"['ferritin', 'iron']",True,11
Create a therapeutic diet for osteoporosis based on the Food Composition Table.,therapy,1,TinyLlama,False,,"['calcium', 'vitamin_d']",True,12
Design a dietary intervention for improving vitamin D status in type 2 diabetes.,therapy,5,Mistral,False,,"['glucose', 'hba1c']",True,13
How should a patient with type 2 diabetes adjust their diet to improve vitamin D absorption?,therapy,1,TinyLlama,True,,"['glucose', 'hba1c']",False,16
Outline a clinical nutrition plan for managing celiac disease with low-phytate foods.,therapy,1,TinyLlama,False,,[],False,12
How should a patient with celiac disease adjust their diet to improve magnesium absorption?,therapy,4,Mistral,False,,[],True,14
Outline a clinical nutrition plan for managing kidney stones with low-phytate foods.,therapy,5,TinyLlama,False,,"['uric_acid', 'calcium', 'oxalate']",True,12
Outline a clinical nutrition plan for managing celiac disease with low-phytate foods.,therapy,5,TinyLlama,True,,[],True,12
How should a patient with celiac disease adjust their diet to improve vitamin D absorption?,therapy,5,TinyLlama,False,,[],True,15
Propose a therapy combining dietary and supplement interventions for type 2 diabetes.,therapy,2,TinyLlama,False,,"['glucose', 'hba1c']",False,12
Outline a clinical nutrition plan for managing osteoporosis with low-phytate foods.,therapy,5,TinyLlama,False,,"['calcium', 'vitamin_d']",True,11
How does iron affect metabolic pathways in the human body?,general,1,TinyLlama,True,,[],False,10
How does magnesium affect metabolic pathways in the human body?,general,3,Mistral,True,,[],False,10
Explain the relationship between the Food Composition Table and dietary assessment.,general,3,TinyLlama,True,,[],False,11
Explain the relationship between the Food Composition Table and dietary assessment.,general,3,TinyLlama,False,,[],False,11
Describe the biochemical mechanisms of iron absorption.,general,4,Mistral,False,,[],False,7
What is the role of phytates in human biochemistry?,general,5,TinyLlama,False,,[],False,9
How does calcium affect metabolic pathways in the human body?,general,1,TinyLlama,True,,[],False,10
Describe the biochemical mechanisms of iron absorption.,general,1,TinyLlama,True,,[],False,7
What is the role of phytates in human biochemistry?,general,3,Mistral,True,,[],False,9
How does iron affect metabolic pathways in the human body?,general,5,Mistral,True,,[],False,10
Explain the relationship between the Food Composition Table and dietary assessment.,general,4,Mistral,False,,[],False,11
What is the role of phytates in human biochemistry?,general,3,TinyLlama,True,,[],False,9
How does zinc affect metabolic pathways in the human body?,general,5,TinyLlama,False,,[],False,10
What is the role of phytates in human biochemistry?,general,3,Mistral,False,,[],False,9
What is the role of phytates in human biochemistry?,general,4,TinyLlama,False,,[],False,9
How does calcium affect metabolic pathways in the human body?,general,5,Mistral,True,,[],False,10
How can clinical dietitians use phytate composition data in patient care?,general,5,Mistral,True,,[],False,11
Describe the biochemical mechanisms of zinc absorption.,general,2,TinyLlama,False,,[],False,7
What is the role of phytates in human biochemistry?,general,5,Mistral,True,,[],False,9
Explain the relationship between the Food Composition Table and dietary assessment.,general,4,Mistral,True,,[],False,11
How does vitamin D affect metabolic pathways in the human body?,general,2,Mistral,False,,[],False,11
What is the role of phytates in human biochemistry?,general,3,TinyLlama,True,,[],False,9
How does vitamin D affect metabolic pathways in the human body?,general,4,Mistral,False,,[],False,11
What is the role of phytates in human biochemistry?,general,1,TinyLlama,False,,[],False,9
What is the role of phytates in human biochemistry?,general,5,TinyLlama,False,,[],False,9
How does zinc affect metabolic pathways in the human body?,general,3,Mistral,False,,[],False,10
How can clinical dietitians use phytate composition data in patient care?,general,3,Mistral,False,,[],False,11
How does iron affect metabolic pathways in the human body?,general,2,TinyLlama,True,,[],False,10
How does iron affect metabolic pathways in the human body?,general,2,Mistral,False,,[],False,10
Explain the relationship between the Food Composition Table and dietary assessment.,general,1,Mistral,True,,[],False,11
How can clinical dietitians use phytate composition data in patient care?,general,4,Mistral,True,,[],False,11
What is the role of phytates in human biochemistry?,general,3,TinyLlama,True,,[],False,9
Explain the relationship between the Food Composition Table and dietary assessment.,general,1,TinyLlama,False,,[],False,11
How can clinical dietitians use phytate composition data in patient care?,general,1,Mistral,False,,[],False,11
How does iron affect metabolic pathways in the human body?,general,4,Mistral,True,,[],False,10
What is the role of phytates in human biochemistry?,general,1,TinyLlama,True,,[],False,9
What is the role of phytates in human biochemistry?,general,2,TinyLlama,True,,[],False,9
How can clinical dietitians use phytate composition data in patient care?,general,1,Mistral,True,,[],False,11
What is the role of phytates in human biochemistry?,general,2,Mistral,True,,[],False,9
What is the role of phytates in human biochemistry?,general,1,TinyLlama,False,,[],False,9
What is the role of phytates in human biochemistry?,general,5,Mistral,False,,[],False,9
How can clinical dietitians use phytate composition data in patient care?,general,4,Mistral,True,,[],False,11
Explain the relationship between the Food Composition Table and dietary assessment.,general,2,Mistral,False,,[],False,11
How can clinical dietitians use phytate composition data in patient care?,general,1,TinyLlama,False,,[],False,11
How can clinical dietitians use phytate composition data in patient care?,general,5,Mistral,True,,[],False,11
What is the role of phytates in human biochemistry?,general,4,TinyLlama,False,,[],False,9
How does vitamin D affect metabolic pathways in the human body?,general,2,TinyLlama,False,,[],False,11
Explain the relationship between the Food Composition Table and dietary assessment.,general,5,Mistral,False,,[],False,11
Describe the biochemical mechanisms of vitamin D absorption.,general,3,Mistral,False,,[],False,8
How does iron affect metabolic pathways in the human body?,general,3,TinyLlama,True,,[],False,10
Explain the relationship between the Food Composition Table and dietary assessment.,general,4,Mistral,True,,[],False,11
How does iron affect metabolic pathways in the human body?,general,2,TinyLlama,False,,[],False,10
Describe the biochemical mechanisms of iron absorption.,general,2,Mistral,False,,[],False,7
How does zinc affect metabolic pathways in the human body?,general,2,Mistral,False,,[],False,10
Describe the biochemical mechanisms of iron absorption.,general,3,TinyLlama,True,,[],False,7
How can clinical dietitians use phytate composition data in patient care?,general,3,TinyLlama,False,,[],False,11
What is the role of phytates in human biochemistry?,general,1,TinyLlama,True,,[],False,9
What is the role of phytates in human biochemistry?,general,4,TinyLlama,False,,[],False,9
Describe the biochemical mechanisms of zinc absorption.,general,2,Mistral,True,,[],False,7
Explain the relationship between the Food Composition Table and dietary assessment.,general,1,TinyLlama,True,,[],False,11
What is the role of phytates in human biochemistry?,general,3,TinyLlama,False,,[],False,9
How can clinical dietitians use phytate composition data in patient care?,general,1,Mistral,False,,[],False,11
Explain the relationship between the Food Composition Table and dietary assessment.,general,2,Mistral,False,,[],False,11
Explain the relationship between the Food Composition Table and dietary assessment.,general,5,Mistral,True,,[],False,11
Describe the biochemical mechanisms of zinc absorption.,general,4,Mistral,False,,[],False,7
How does zinc affect metabolic pathways in the human body?,general,1,Mistral,True,,[],False,10
How does vitamin D affect metabolic pathways in the human body?,general,3,TinyLlama,True,,[],False,11
How can clinical dietitians use phytate composition data in patient care?,general,3,TinyLlama,True,,[],False,11
Explain the relationship between the Food Composition Table and dietary assessment.,general,2,TinyLlama,False,,[],False,11
How can clinical dietitians use phytate composition data in patient care?,general,3,TinyLlama,True,,[],False,11
What is the role of phytates in human biochemistry?,general,3,TinyLlama,True,,[],False,9
What is the role of phytates in human biochemistry?,general,4,Mistral,True,,[],False,9
How can clinical dietitians use phytate composition data in patient care?,general,4,Mistral,False,,[],False,11
What is the role of phytates in human biochemistry?,general,5,TinyLlama,True,,[],False,9
How can clinical dietitians use phytate composition data in patient care?,general,1,Mistral,True,,[],False,11
Explain the relationship between the Food Composition Table and dietary assessment.,general,1,TinyLlama,False,,[],False,11
How does magnesium affect metabolic pathways in the human body?,general,2,TinyLlama,True,,[],False,10
Explain the relationship between the Food Composition Table and dietary assessment.,general,5,Mistral,True,,[],False,11
How can clinical dietitians use phytate composition data in patient care?,general,5,Mistral,True,,[],False,11
What is the role of phytates in human biochemistry?,general,3,TinyLlama,True,,[],False,9
How can clinical dietitians use phytate composition data in patient care?,general,5,Mistral,False,,[],False,11
Explain the relationship between the Food Composition Table and dietary assessment.,general,1,TinyLlama,False,,[],False,11
Describe the biochemical mechanisms of vitamin D absorption.,general,4,TinyLlama,True,,[],False,8
Explain the relationship between the Food Composition Table and dietary assessment.,general,4,TinyLlama,False,,[],False,11
Describe the biochemical mechanisms of magnesium absorption.,general,2,TinyLlama,True,,[],False,7
How does zinc affect metabolic pathways in the human body?,general,3,TinyLlama,False,,[],False,10
What is the role of phytates in human biochemistry?,general,4,Mistral,False,,[],False,9
Explain the relationship between the Food Composition Table and dietary assessment.,general,5,Mistral,True,,[],False,11
Explain the relationship between the Food Composition Table and dietary assessment.,general,3,TinyLlama,False,,[],False,11
What is the role of phytates in human biochemistry?,general,4,Mistral,False,,[],False,9
How does calcium affect metabolic pathways in the human body?,general,5,TinyLlama,True,,[],False,10
What is the role of phytates in human biochemistry?,general,3,Mistral,True,,[],False,9
Describe the biochemical mechanisms of iron absorption.,general,4,Mistral,False,,[],False,7
Describe the biochemical mechanisms of zinc absorption.,general,4,Mistral,True,,[],False,7
How can clinical dietitians use phytate composition data in patient care?,general,5,TinyLlama,True,,[],False,11
How can clinical dietitians use phytate composition data in patient care?,general,2,TinyLlama,True,,[],False,11
How does iron affect metabolic pathways in the human body?,general,4,TinyLlama,False,,[],False,10
How does zinc affect metabolic pathways in the human body?,general,5,Mistral,False,,[],False,10
What is the role of phytates in human biochemistry?,general,4,Mistral,False,,[],False,9
Explain the relationship between the Food Composition Table and dietary assessment.,general,4,TinyLlama,False,,[],False,11
What is the role of phytates in human biochemistry?,general,2,TinyLlama,True,,[],False,9
What is the role of phytates in human biochemistry?,general,1,Mistral,False,,[],False,9
How can clinical dietitians use phytate composition data in patient care?,general,4,Mistral,False,,[],False,11
What is the role of phytates in human biochemistry?,general,3,Mistral,True,,[],False,9
Describe the biochemical mechanisms of vitamin D absorption.,general,4,TinyLlama,False,,[],False,8
Explain the relationship between the Food Composition Table and dietary assessment.,general,1,Mistral,False,,[],False,11
Explain the relationship between the Food Composition Table and dietary assessment.,general,3,Mistral,False,,[],False,11
Explain the relationship between the Food Composition Table and dietary assessment.,general,1,TinyLlama,True,,[],False,11
Explain the relationship between the Food Composition Table and dietary assessment.,general,3,Mistral,False,,[],False,11
Describe the biochemical mechanisms of iron absorption.,general,2,Mistral,True,,[],False,7
How can clinical dietitians use phytate composition data in patient care?,general,5,Mistral,True,,[],False,11
Describe the biochemical mechanisms of zinc absorption.,general,1,Mistral,False,,[],False,7
How does vitamin D affect metabolic pathways in the human body?,general,5,TinyLlama,True,,[],False,11
How does zinc affect metabolic pathways in the human body?,general,1,TinyLlama,True,,[],False,10
How can clinical dietitians use phytate composition data in patient care?,general,3,TinyLlama,False,,[],False,11
Explain the relationship between the Food Composition Table and dietary assessment.,general,5,Mistral,True,,[],False,11
What is the role of phytates in human biochemistry?,general,3,Mistral,False,,[],False,9
How does magnesium affect metabolic pathways in the human body?,general,5,Mistral,False,,[],False,10
How does calcium affect metabolic pathways in the human body?,general,1,Mistral,True,,[],False,10
How can clinical dietitians use phytate composition data in patient care?,general,2,TinyLlama,True,,[],False,11
How does zinc affect metabolic pathways in the human body?,general,3,Mistral,True,,[],False,10
What is the role of phytates in human biochemistry?,general,2,TinyLlama,True,,[],False,9
How does calcium affect metabolic pathways in the human body?,general,5,Mistral,False,,[],False,10
How can clinical dietitians use phytate composition data in patient care?,general,3,Mistral,False,,[],False,11
How does magnesium affect metabolic pathways in the human body?,general,3,Mistral,True,,[],False,10
Compare the effects of vitamin D and fish oil on calcium absorption.,comparison,3,Mistral,False,recommendation,[],False,12
Design a dietary intervention for improving calcium status in celiac disease.,therapy,5,TinyLlama,True,comparison,[],True,11
Explain the relationship between the Food Composition Table and dietary assessment.,general,1,Mistral,False,therapy,[],False,11
Propose a therapy combining dietary and supplement interventions for osteoporosis.,therapy,1,TinyLlama,False,general,"['calcium', 'vitamin_d']",True,10
Suggest plant-based alternatives high in calcium for malnutrition.,recommendation,2,TinyLlama,False,therapy,[],False,8
Which has higher protein digestibility: wheat bread or maize flour?,comparison,3,Mistral,False,recommendation,[],False,10
Design a dietary intervention for improving zinc status in kidney stones.,therapy,1,Mistral,True,recommendation,"['uric_acid', 'calcium', 'oxalate']",True,11
Which has higher protein digestibility: wheat bread or sorghum?,comparison,2,TinyLlama,False,recommendation,[],False,9
Describe the biochemical mechanisms of magnesium absorption.,general,3,TinyLlama,True,comparison,[],False,7
Explain the relationship between the Food Composition Table and dietary assessment.,general,1,TinyLlama,False,recommendation,[],False,11
Create a therapeutic diet for type 2 diabetes based on the Food Composition Table.,therapy,4,TinyLlama,True,comparison,"['glucose', 'hba1c']",True,14
How can clinical dietitians use phytate composition data in patient care?,general,4,Mistral,True,recommendation,[],False,11
Compare the effects of vitamin D and ascorbic acid on calcium absorption.,comparison,2,TinyLlama,False,general,[],False,12
Create a therapeutic diet for iron-deficiency anemia based on the Food Composition Table.,therapy,5,Mistral,True,general,"['ferritin', 'iron']",True,13
Compare the phytate levels in millet porridge and maize flour based on the Food Composition Table.,comparison,2,Mistral,False,general,[],False,16
Create a therapeutic diet for type 2 diabetes based on the Food Composition Table.,therapy,2,TinyLlama,True,comparison,"['glucose', 'hba1c']",False,14
Recommend dietary changes for reducing phytate intake in adolescents.,recommendation,3,TinyLlama,False,comparison,[],False,9
How should a patient with kidney stones adjust their diet to improve iron absorption?,therapy,1,TinyLlama,True,general,"['uric_acid', 'calcium', 'oxalate']",True,14
Compare the phytate levels in cassava flour and yam flour based on the Food Composition Table.,comparison,1,Mistral,False,recommendation,[],False,16
Compare the effects of ferrous sulfate and folic acid on calcium absorption.,comparison,3,TinyLlama,True,recommendation,[],False,12
How does vitamin D affect metabolic pathways in the human body?,general,3,TinyLlama,False,comparison,[],False,11
Explain the relationship between the Food Composition Table and dietary assessment.,general,5,Mistral,True,comparison,[],False,11
Explain the relationship between the Food Composition Table and dietary assessment.,general,1,TinyLlama,True,comparison,[],False,11
How does iron affect metabolic pathways in the human body?,general,1,TinyLlama,False,therapy,[],False,10
What is the best way to enhance calcium absorption for athletes?,recommendation,1,TinyLlama,True,comparison,[],False,11
Design a dietary intervention for improving vitamin D status in celiac disease.,therapy,1,TinyLlama,True,general,[],False,12
How do the biochemical impacts of polyphenol differ from protein in pediatric diets?,comparison,2,TinyLlama,False,therapy,[],False,13
How can clinical dietitians use phytate composition data in patient care?,general,4,Mistral,True,recommendation,[],False,11
How do the biochemical impacts of phytate differ from protein in pediatric diets?,comparison,5,Mistral,False,recommendation,[],False,13
How do the biochemical impacts of phytate differ from protein in pediatric diets?,comparison,3,TinyLlama,True,general,[],False,13
How should a patient with kidney stones adjust their diet to improve magnesium absorption?,therapy,4,TinyLlama,False,comparison,"['uric_acid', 'calcium', 'oxalate']",True,14
Propose a therapy combining dietary and supplement interventions for type 2 diabetes.,therapy,1,TinyLlama,True,general,"['glucose', 'hba1c']",False,12
How can clinical dietitians use phytate composition data in patient care?,general,4,Mistral,True,comparison,[],False,11
Design a dietary intervention for improving magnesium status in iron-deficiency anemia.,therapy,5,Mistral,False,comparison,"['ferritin', 'iron']",True,11
Recommend dietary changes for reducing phytate intake in elderly patients.,recommendation,1,Mistral,False,therapy,[],False,10
Outline a clinical nutrition plan for managing osteoporosis with low-phytate foods.,therapy,4,Mistral,True,comparison,"['calcium', 'vitamin_d']",True,11
Compare the phytate levels in lentils and sorghum based on the Food Composition Table.,comparison,1,TinyLlama,False,therapy,[],False,14
How should a patient with kidney stones adjust their diet to improve magnesium absorption?,therapy,3,Mistral,True,recommendation,"['uric_acid', 'calcium', 'oxalate']",True,14
How do the biochemical impacts of polyphenol differ from magnesium in pediatric diets?,comparison,2,Mistral,True,recommendation,[],False,13
What is the role of phytates in human biochemistry?,general,2,TinyLlama,True,therapy,[],False,9
How does magnesium affect metabolic pathways in the human body?,general,3,TinyLlama,False,comparison,[],False,10
Compare the effects of calcium carbonate and ascorbic acid on calcium absorption.,comparison,1,Mistral,False,general,[],False,12
Suggest plant-based alternatives high in zinc for iron-deficiency anemia.,recommendation,5,Mistral,False,therapy,[],False,9
Describe the biochemical mechanisms of zinc absorption.,general,4,Mistral,False,recommendation,[],False,7
How does zinc affect metabolic pathways in the human body?,general,5,Mistral,False,recommendation,[],False,10
Suggest foods from the Food Composition Table rich in vitamin B12 for children under 5.,recommendation,3,TinyLlama,True,general,[],False,15
Outline a clinical nutrition plan for managing celiac disease with low-phytate foods.,therapy,5,Mistral,False,recommendation,[],True,12
What is the role of phytates in human biochemistry?,general,1,Mistral,True,comparison,[],False,9
Compare the phytate levels in wheat bread and maize flour based on the Food Composition Table.,comparison,5,TinyLlama,False,recommendation,[],False,16
What is the role of phytates in human biochemistry?,general,5,TinyLlama,False,therapy,[],False,9
Suggest plant-based alternatives high in iron for chronic kidney disease.,recommendation,4,Mistral,True,therapy,[],False,10
Compare ketogenic vs omnivorous for iron bioavailability in patients with anemia.,comparison,2,Mistral,False,recommendation,[],False,11
Recommend dietary changes for reducing phytate intake in children under 5.,recommendation,4,TinyLlama,False,comparison,[],False,11
How should a patient with celiac disease adjust their diet to improve calcium absorption?,therapy,5,Mistral,True,comparison,[],True,14
Propose a therapy combining dietary and supplement interventions for type 2 diabetes.,therapy,3,TinyLlama,False,comparison,"['glucose', 'hba1c']",False,12
Describe the biochemical mechanisms of vitamin D absorption.,general,1,Mistral,True,recommendation,[],False,8
Suggest plant-based alternatives high in vitamin B12 for osteoporosis.,recommendation,5,Mistral,True,therapy,[],False,9
Create a therapeutic diet for type 2 diabetes based on the Food Composition Table.,therapy,3,Mistral,True,recommendation,"['glucose', 'hba1c']",False,14
Describe the biochemical mechanisms of iron absorption.,general,3,Mistral,True,comparison,[],False,7
Recommend dietary changes for reducing phytate intake in athletes.,recommendation,3,Mistral,True,therapy,[],False,9
How should a patient with kidney stones adjust their diet to improve vitamin D absorption?,therapy,1,Mistral,True,recommendation,"['uric_acid', 'calcium', 'oxalate']",True,15
How should a patient with iron-deficiency anemia adjust their diet to improve iron absorption?,therapy,5,TinyLlama,True,comparison,"['ferritin', 'iron']",True,14
Suggest foods from the Food Composition Table rich in iron for elderly patients.,recommendation,4,TinyLlama,True,general,[],False,13
Which has higher protein digestibility: millet porridge or oats?,comparison,5,TinyLlama,False,recommendation,[],False,9
How can clinical dietitians use phytate composition data in patient care?,general,4,Mistral,False,therapy,[],False,11
Which has higher protein digestibility: brown rice or sorghum?,comparison,5,TinyLlama,False,therapy,[],False,9
How should a patient with iron-deficiency anemia adjust their diet to improve zinc absorption?,therapy,4,Mistral,True,recommendation,"['ferritin', 'iron']",True,14
How does vitamin D affect metabolic pathways in the human body?,general,2,Mistral,False,comparison,[],False,11
Recommend a supplementation strategy for improving iron status in malnutrition.,recommendation,2,TinyLlama,True,general,[],False,10
Compare the effects of magnesium citrate and potassium chloride on calcium absorption.,comparison,4,TinyLlama,True,recommendation,[],False,12
Suggest foods from the Food Composition Table rich in calcium for adolescents.,recommendation,2,TinyLlama,False,comparison,[],False,12
Compare high-fiber vs low-carb for iron bioavailability in patients with anemia.,comparison,2,TinyLlama,False,recommendation,[],False,11
How do the biochemical impacts of fiber differ from magnesium in pediatric diets?,comparison,5,Mistral,False,general,[],False,13
How does iron affect metabolic pathways in the human body?,general,2,TinyLlama,False,recommendation,[],False,10
Design a dietary intervention for improving zinc status in type 2 diabetes.,therapy,4,Mistral,False,recommendation,"['glucose', 'hba1c']",True,12
Propose a therapy combining dietary and supplement interventions for kidney stones.,therapy,5,TinyLlama,False,comparison,"['uric_acid', 'calcium', 'oxalate']",True,11
Suggest plant-based alternatives high in calcium for iron-deficiency anemia.,recommendation,1,TinyLlama,True,general,[],False,9
Describe the biochemical mechanisms of zinc absorption.,general,5,Mistral,False,comparison,[],False,7
Recommend a supplementation strategy for improving zinc status in malnutrition.,recommendation,3,TinyLlama,False,general,[],False,10
Which has higher protein digestibility: millet porridge or sorghum?,comparison,2,TinyLlama,True,therapy,[],False,9
Explain the relationship between the Food Composition Table and dietary assessment.,general,4,TinyLlama,True,comparison,[],False,11
Design a dietary intervention for improving iron status in type 2 diabetes.,therapy,2,Mistral,False,general,"['glucose', 'hba1c']",False,12
How can clinical dietitians use phytate composition data in patient care?,general,3,TinyLlama,False,comparison,[],False,11
How should a patient with kidney stones adjust their diet to improve magnesium absorption?,therapy,4,Mistral,False,comparison,"['uric_acid', 'calcium', 'oxalate']",True,14
Compare the effects of zinc gluconate and fish oil on calcium absorption.,comparison,5,TinyLlama,True,therapy,[],False,12
How does zinc affect metabolic pathways in the human body?,general,5,Mistral,True,comparison,[],False,10
Suggest foods from the Food Composition Table rich in calcium for children under 5.,recommendation,1,TinyLlama,False,general,[],False,14
Outline a clinical nutrition plan for managing osteoporosis with low-phytate foods.,therapy,2,TinyLlama,False,recommendation,"['calcium', 'vitamin_d']",True,11
How do the biochemical impacts of zinc differ from vitamin C in pediatric diets?,comparison,2,TinyLlama,True,general,[],False,14
Create a therapeutic diet for kidney stones based on the Food Composition Table.,therapy,5,TinyLlama,False,general,"['uric_acid', 'calcium', 'oxalate']",True,13
How do the biochemical impacts of fiber differ from protein in pediatric diets?,comparison,5,TinyLlama,False,recommendation,[],False,13
Recommend a supplementation strategy for improving vitamin B12 status in malnutrition.,recommendation,2,Mistral,False,comparison,[],False,11
Recommend dietary changes for reducing phytate intake in pregnant women.,recommendation,4,TinyLlama,True,general,[],False,10
What is the best way to enhance vitamin B12 absorption for adolescents?,recommendation,5,TinyLlama,True,general,[],False,12
How does vitamin D affect metabolic pathways in the human body?,general,1,Mistral,False,therapy,[],False,11
Outline a clinical nutrition plan for managing kidney stones with low-phytate foods.,therapy,4,Mistral,False,comparison,"['uric_acid', 'calcium', 'oxalate']",True,12
Which has higher protein digestibility: wheat bread or maize flour?,comparison,3,TinyLlama,True,therapy,[],False,10
Compare the effects of zinc gluconate and fish oil on calcium absorption.,comparison,1,TinyLlama,False,therapy,[],False,12
Design a dietary intervention for improving vitamin D status in kidney stones.,therapy,3,Mistral,False,general,"['uric_acid', 'calcium', 'oxalate']",True,12
What is the best way to enhance vitamin B12 absorption for adolescents?,recommendation,3,Mistral,False,comparison,[],False,12
Examine the phytate concentrations in brown rice and maize flour based on the Food Composition Table.,comparison,5,Mistral,True,,[],False,16
Assess the phytate concentrations in brown rice and quinoa based on the Food Composition Table.,comparison,5,Mistral,True,,[],False,15
What contains greater protein digestibility: lentils or maize flour?,comparison,2,Mistral,True,,[],False,9
Evaluate the phytate amounts in cassava flour and oats based on the Food Composition Table.,comparison,5,TinyLlama,False,,[],False,15
Assess the phytate concentrations in lentils and maize flour based on the Food Composition Table.,comparison,2,Mistral,True,,[],False,15
How do the biochemical impacts of polyphenol differ from protein in pediatric diets?,comparison,2,Mistral,True,,[],False,13
Contrast the effects of zinc gluconate and folic acid on calcium absorption.,comparison,2,Mistral,True,,[],False,12
How do the biochemical impacts of fiber differ from magnesium in pediatric diets?,comparison,2,Mistral,False,,[],False,13
What possesses greater protein digestibility: wheat bread or maize flour?,comparison,4,Mistral,False,,[],False,10
How do the biochemical impacts of fiber differ from iron in pediatric diets?,comparison,4,TinyLlama,False,,[],False,13
"Out of these, option contains elevated protein digestibility: lentils or yam flour?",comparison,3,Mistral,True,,[],False,12
Examine ketogenic vs omnivorous for iron bioavailability in patients with anemia.,comparison,1,Mistral,True,,[],False,11
How do the biochemical impacts of zinc differ from vitamin C in pediatric diets?,comparison,1,TinyLlama,False,,[],False,14
Contrast vegetarian vs vegan for iron bioavailability in patients with anemia.,comparison,5,TinyLlama,True,,[],False,11
"In your view, which option shows more protein digestibility: lentils or quinoa?",comparison,2,Mistral,False,,[],False,12
Assess Mediterranean vs paleo for iron bioavailability in patients with anemia.,comparison,1,TinyLlama,True,,[],False,11
Evaluate the phytate amounts in brown rice and oats based on the Food Composition Table.,comparison,2,Mistral,False,,[],False,15
How do the biochemical impacts of zinc differ from vitamin C in pediatric diets?,comparison,2,TinyLlama,True,,[],False,14
"Among them, option possesses greater protein digestibility: millet porridge or yam flour?",comparison,3,TinyLlama,True,,[],False,12
How do the biochemical impacts of fiber differ from calcium in pediatric diets?,comparison,2,TinyLlama,False,,[],False,13
Examine the effects of magnesium citrate and fish oil on calcium absorption.,comparison,4,Mistral,True,,[],False,12
"Out of these, option contains more protein digestibility: brown rice or quinoa?",comparison,4,Mistral,True,,[],False,12
How do the biochemical impacts of phytate differ from vitamin C in pediatric diets?,comparison,1,Mistral,True,,[],False,14
Contrast the phytate concentrations in lentils and oats based on the Food Composition Table.,comparison,1,TinyLlama,True,,[],False,14
Assess the effects of zinc gluconate and vitamin K2 on calcium absorption.,comparison,3,TinyLlama,False,,[],False,12
"Out of these, option shows more protein digestibility: wheat bread or maize flour?",comparison,5,TinyLlama,True,,[],False,13
Evaluate the effects of magnesium citrate and potassium chloride on calcium absorption.,comparison,3,TinyLlama,False,,[],False,12
Assess the effects of vitamin D and vitamin K2 on calcium absorption.,comparison,3,TinyLlama,True,,[],False,12
Assess the effects of magnesium citrate and potassium chloride on calcium absorption.,comparison,5,Mistral,False,,[],False,12
Contrast the phytate concentrations in brown rice and yam flour based on the Food Composition Table.,comparison,2,Mistral,False,,[],False,16
Evaluate the effects of zinc gluconate and folic acid on calcium absorption.,comparison,5,TinyLlama,False,,[],False,12
How do the biochemical impacts of polyphenol differ from iron in pediatric diets?,comparison,3,Mistral,True,,[],False,13
How do the biochemical impacts of fiber differ from iron in pediatric diets?,comparison,3,TinyLlama,True,,[],False,13
"In your view, which option possesses elevated protein digestibility: brown rice or yam flour?",comparison,2,TinyLlama,True,,[],False,14
"Out of these, option shows greater protein digestibility: millet porridge or maize flour?",comparison,3,TinyLlama,True,,[],False,13
Assess vegetarian vs omnivorous for iron bioavailability in patients with anemia.,comparison,3,Mistral,True,,[],False,11
"Out of these, option shows elevated protein digestibility: lentils or quinoa?",comparison,2,Mistral,False,,[],False,11
Assess the phytate concentrations in millet porridge and sorghum based on the Food Composition Table.,comparison,3,Mistral,False,,[],False,15
Contrast the effects of ferrous sulfate and potassium chloride on calcium absorption.,comparison,4,TinyLlama,False,,[],False,12
Assess ketogenic vs low-carb for iron bioavailability in patients with anemia.,comparison,2,Mistral,True,,[],False,11
Evaluate the phytate amounts in millet porridge and sorghum based on the Food Composition Table.,comparison,2,TinyLlama,True,,[],False,15
Evaluate the phytate concentrations in wheat bread and yam flour based on the Food Composition Table.,comparison,4,Mistral,False,,[],False,16
How do the biochemical impacts of phytate differ from protein in pediatric diets?,comparison,1,TinyLlama,True,,[],False,13
"Among them, option shows elevated protein digestibility: wheat bread or yam flour?",comparison,5,Mistral,False,,[],False,12
How do the biochemical impacts of polyphenol differ from calcium in pediatric diets?,comparison,3,Mistral,True,,[],False,13
Evaluate high-fiber vs vegan for iron bioavailability in patients with anemia.,comparison,2,Mistral,True,,[],False,11
How do the biochemical impacts of fiber differ from magnesium in pediatric diets?,comparison,2,Mistral,False,,[],False,13
Evaluate the effects of zinc gluconate and fish oil on calcium absorption.,comparison,4,TinyLlama,False,,[],False,12
How do the biochemical impacts of fiber differ from iron in pediatric diets?,comparison,4,TinyLlama,True,,[],False,13
What shows greater protein digestibility: lentils or sorghum?,comparison,1,Mistral,False,,[],False,8
Examine low-phytate vs DASH for iron bioavailability in patients with anemia.,comparison,1,Mistral,True,,[],False,11
Contrast the effects of magnesium citrate and vitamin K2 on calcium absorption.,comparison,1,TinyLlama,True,,[],False,12
How do the biochemical impacts of zinc differ from calcium in pediatric diets?,comparison,5,TinyLlama,True,,[],False,13
Examine high-fiber vs low-carb for iron bioavailability in patients with anemia.,comparison,1,TinyLlama,True,,[],False,11
Examine ketogenic vs omnivorous for iron bioavailability in patients with anemia.,comparison,1,Mistral,True,,[],False,11
What contains greater protein digestibility: cassava flour or oats?,comparison,5,Mistral,False,,[],False,9
"Out of these, option contains more protein digestibility: cassava flour or sorghum?",comparison,2,Mistral,False,,[],False,12
Examine low-phytate vs paleo for iron bioavailability in patients with anemia.,comparison,3,Mistral,False,,[],False,11
Contrast the effects of calcium carbonate and folic acid on calcium absorption.,comparison,2,Mistral,False,,[],False,12
"Out of these, option possesses elevated protein digestibility: brown rice or oats?",comparison,3,Mistral,False,,[],False,12
"In your view, which option shows elevated protein digestibility: lentils or maize flour?",comparison,1,TinyLlama,False,,[],False,13
Examine the phytate amounts in lentils and quinoa based on the Food Composition Table.,comparison,5,Mistral,True,,[],False,14
How do the biochemical impacts of polyphenol differ from calcium in pediatric diets?,comparison,3,TinyLlama,True,,[],False,13
Contrast the effects of zinc gluconate and fish oil on calcium absorption.,comparison,4,Mistral,False,,[],False,12
How do the biochemical impacts of fiber differ from iron in pediatric diets?,comparison,5,TinyLlama,True,,[],False,13
How do the biochemical impacts of phytate differ from calcium in pediatric diets?,comparison,5,TinyLlama,False,,[],False,13
"In your view, which option shows more protein digestibility: cassava flour or maize flour?",comparison,5,TinyLlama,True,,[],False,14
How do the biochemical impacts of oxalate differ from calcium in pediatric diets?,comparison,1,Mistral,False,,[],False,13
Examine the effects of calcium carbonate and ascorbic acid on calcium absorption.,comparison,2,Mistral,True,,[],False,12
"Among them, option shows elevated protein digestibility: brown rice or sorghum?",comparison,2,Mistral,False,,[],False,11
What shows more protein digestibility: brown rice or yam flour?,comparison,4,TinyLlama,True,,[],False,10
"In your view, which option contains greater protein digestibility: millet porridge or sorghum?",comparison,1,Mistral,True,,[],False,13
How do the biochemical impacts of fiber differ from magnesium in pediatric diets?,comparison,1,Mistral,False,,[],False,13
What shows elevated protein digestibility: millet porridge or maize flour?,comparison,4,TinyLlama,False,,[],False,10
Assess the phytate concentrations in millet porridge and maize flour based on the Food Composition Table.,comparison,4,Mistral,True,,[],False,16
How do the biochemical impacts of zinc differ from protein in pediatric diets?,comparison,5,TinyLlama,False,,[],False,13
"Out of these, option shows elevated protein digestibility: cassava flour or oats?",comparison,1,Mistral,True,,[],False,12
How do the biochemical impacts of phytate differ from calcium in pediatric diets?,comparison,4,Mistral,False,,[],False,13
How do the biochemical impacts of oxalate differ from protein in pediatric diets?,comparison,1,Mistral,False,,[],False,13
Contrast ketogenic vs omnivorous for iron bioavailability in patients with anemia.,comparison,2,Mistral,False,,[],False,11
Contrast low-phytate vs DASH for iron bioavailability in patients with anemia.,comparison,5,Mistral,True,,[],False,11
What contains greater protein digestibility: brown rice or maize flour?,comparison,2,Mistral,True,,[],False,10
What shows more protein digestibility: brown rice or sorghum?,comparison,4,Mistral,False,,[],False,9
Evaluate the effects of calcium carbonate and folic acid on calcium absorption.,comparison,1,TinyLlama,True,,[],False,12
Evaluate vegetarian vs low-carb for iron bioavailability in patients with anemia.,comparison,1,TinyLlama,False,,[],False,11
Contrast the phytate amounts in millet porridge and maize flour based on the Food Composition Table.,comparison,5,TinyLlama,True,,[],False,16
How do the biochemical impacts of fiber differ from vitamin C in pediatric diets?,comparison,2,Mistral,False,,[],False,14
"In your view, which option shows elevated protein digestibility: millet porridge or oats?",comparison,3,Mistral,False,,[],False,13
Assess low-phytate vs vegan for iron bioavailability in patients with anemia.,comparison,5,Mistral,False,,[],False,11
Assess high-fiber vs vegan for iron bioavailability in patients with anemia.,comparison,3,TinyLlama,False,,[],False,11
How do the biochemical impacts of polyphenol differ from calcium in pediatric diets?,comparison,1,Mistral,True,,[],False,13
Assess the phytate amounts in millet porridge and maize flour based on the Food Composition Table.,comparison,5,Mistral,True,,[],False,16
Examine low-phytate vs vegan for iron bioavailability in patients with anemia.,comparison,4,Mistral,True,,[],False,11
"In your view, which option contains elevated protein digestibility: brown rice or maize flour?",comparison,4,Mistral,True,,[],False,14
How do the biochemical impacts of zinc differ from vitamin C in pediatric diets?,comparison,4,Mistral,False,,[],False,14
Evaluate the phytate amounts in wheat bread and oats based on the Food Composition Table.,comparison,5,TinyLlama,False,,[],False,15
What contains more protein digestibility: millet porridge or sorghum?,comparison,5,Mistral,False,,[],False,9
Contrast the phytate amounts in millet porridge and quinoa based on the Food Composition Table.,comparison,5,Mistral,True,,[],False,15
What contains more protein digestibility: millet porridge or quinoa?,comparison,1,Mistral,True,,[],False,9
How do the biochemical impacts of phytate differ from vitamin C in pediatric diets?,comparison,3,TinyLlama,True,,[],False,14
Examine Mediterranean vs vegan for iron bioavailability in patients with anemia.,comparison,1,Mistral,True,,[],False,11
Contrast the effects of calcium carbonate and folic acid on calcium absorption.,comparison,1,TinyLlama,False,,[],False,12
What possesses elevated protein digestibility: millet porridge or sorghum?,comparison,1,Mistral,False,,[],False,9
Contrast the phytate amounts in brown rice and yam flour based on the Food Composition Table.,comparison,1,Mistral,True,,[],False,16
Contrast the phytate amounts in wheat bread and maize flour based on the Food Composition Table.,comparison,5,Mistral,False,,[],False,16
Evaluate the effects of calcium carbonate and fish oil on calcium absorption.,comparison,2,Mistral,False,,[],False,12
What possesses greater protein digestibility: cassava flour or yam flour?,comparison,2,Mistral,True,,[],False,10
Examine the phytate amounts in brown rice and oats based on the Food Composition Table.,comparison,5,Mistral,True,,[],False,15
"In your view, which option shows more protein digestibility: millet porridge or yam flour?",comparison,5,TinyLlama,True,,[],False,14
"Among them, option possesses greater protein digestibility: wheat bread or oats?",comparison,2,Mistral,True,,[],False,11
Contrast the effects of zinc gluconate and ascorbic acid on calcium absorption.,comparison,2,TinyLlama,False,,[],False,12
Examine the phytate amounts in wheat bread and oats based on the Food Composition Table.,comparison,3,TinyLlama,False,,[],False,15
Contrast vegetarian vs paleo for iron bioavailability in patients with anemia.,comparison,1,TinyLlama,False,,[],False,11
What contains greater protein digestibility: cassava flour or yam flour?,comparison,1,Mistral,False,,[],False,10
Examine the phytate amounts in millet porridge and sorghum based on the Food Composition Table.,comparison,5,TinyLlama,True,,[],False,15
How do the biochemical impacts of oxalate differ from magnesium in pediatric diets?,comparison,4,Mistral,True,,[],False,13
How do the biochemical impacts of oxalate differ from vitamin C in pediatric diets?,comparison,1,Mistral,True,,[],False,14
What contains greater protein digestibility: brown rice or maize flour?,comparison,1,Mistral,True,,[],False,10
Evaluate vegetarian vs low-carb for iron bioavailability in patients with anemia.,comparison,4,Mistral,True,,[],False,11
What contains greater protein digestibility: millet porridge or maize flour?,comparison,5,TinyLlama,False,,[],False,10
Assess ketogenic vs paleo for iron bioavailability in patients with anemia.,comparison,2,TinyLlama,True,,[],False,11
"In your view, which option possesses more protein digestibility: cassava flour or sorghum?",comparison,2,Mistral,True,,[],False,13
"Out of these, option possesses greater protein digestibility: cassava flour or maize flour?",comparison,3,Mistral,False,,[],False,13
Assess the phytate amounts in brown rice and maize flour based on the Food Composition Table.,comparison,4,Mistral,True,,[],False,16
What contains greater protein digestibility: lentils or quinoa?,comparison,4,TinyLlama,False,,[],False,8
Advise dietary changes for reducing phytate intake in adolescents.,recommendation,2,Mistral,False,,[],False,9
Suggest plant-based alternatives high in vitamin B12 for osteoporosis.,recommendation,3,Mistral,False,,[],False,9
What is the best way to enhance calcium absorption for elderly patients?,recommendation,1,Mistral,True,,[],False,12
Propose a supplementation strategy for improving vitamin B12 status in chronic kidney disease.,recommendation,3,Mistral,True,,[],False,13
Propose a supplementation strategy for improving vitamin B12 status in osteoporosis.,recommendation,3,Mistral,False,,[],False,11
Suggest foods from the Food Composition Table rich in iron for adolescents.,recommendation,5,Mistral,False,,[],False,12
Suggest foods from the Food Composition Table rich in iron for adolescents.,recommendation,5,Mistral,True,,[],False,12
Suggest a supplementation strategy for improving zinc status in osteoporosis.,recommendation,3,Mistral,True,,[],False,10
Suggest foods from the Food Composition Table rich in zinc for children under 5.,recommendation,3,TinyLlama,True,,[],False,14
Suggest a supplementation strategy for improving zinc status in malnutrition.,recommendation,4,TinyLlama,True,,[],False,10
Suggest foods from the Food Composition Table rich in zinc for adolescents.,recommendation,1,Mistral,False,,[],False,12
Suggest foods from the Food Composition Table rich in vitamin B12 for elderly patients.,recommendation,4,TinyLlama,True,,[],False,14
Suggest a supplementation strategy for improving zinc status in stunted growth.,recommendation,5,Mistral,False,,[],False,11
Suggest a supplementation strategy for improving vitamin B12 status in malnutrition.,recommendation,4,TinyLlama,True,,[],False,11
Suggest plant-based alternatives high in calcium for iron-deficiency anemia.,recommendation,4,Mistral,True,,[],False,9
Suggest plant-based alternatives high in calcium for iron-deficiency anemia.,recommendation,2,Mistral,False,,[],False,9
Suggest plant-based alternatives high in magnesium for iron-deficiency anemia.,recommendation,2,Mistral,False,,[],False,9
Propose dietary changes for reducing phytate intake in elderly patients.,recommendation,5,Mistral,True,,[],False,10
What is the best way to enhance calcium absorption for pregnant women?,recommendation,1,Mistral,True,,[],False,12
Advise a supplementation strategy for improving zinc status in iron-deficiency anemia.,recommendation,3,Mistral,True,,[],False,11
What is the best way to enhance vitamin B12 absorption for elderly patients?,recommendation,1,TinyLlama,False,,[],False,13
Suggest foods from the Food Composition Table rich in vitamin B12 for children under 5.,recommendation,5,Mistral,True,,[],False,15
Advise a supplementation strategy for improving calcium status in iron-deficiency anemia.,recommendation,1,TinyLlama,False,,[],False,11
Suggest plant-based alternatives high in iron for iron-deficiency anemia.,recommendation,4,TinyLlama,True,,[],False,9
Suggest foods from the Food Composition Table rich in magnesium for athletes.,recommendation,5,Mistral,True,,[],False,12
Suggest plant-based alternatives high in zinc for iron-deficiency anemia.,recommendation,5,Mistral,True,,[],False,9
Suggest plant-based alternatives high in vitamin B12 for malnutrition.,recommendation,5,TinyLlama,False,,[],False,9
What is the best way to enhance magnesium absorption for pregnant women?,recommendation,3,TinyLlama,False,,[],False,12
Propose dietary changes for reducing phytate intake in athletes.,recommendation,5,Mistral,True,,[],False,9
Propose dietary changes for reducing phytate intake in athletes.,recommendation,2,Mistral,False,,[],False,9
Suggest foods from the Food Composition Table rich in iron for children under 5.,recommendation,1,Mistral,True,,[],False,14
Suggest dietary changes for reducing phytate intake in children under 5.,recommendation,3,Mistral,False,,[],False,11
Suggest a supplementation strategy for improving zinc status in stunted growth.,recommendation,3,TinyLlama,False,,[],False,11
Propose a supplementation strategy for improving calcium status in chronic kidney disease.,recommendation,4,Mistral,False,,[],False,12
Advise a supplementation strategy for improving magnesium status in chronic kidney disease.,recommendation,3,Mistral,True,,[],False,12
What is the best way to enhance magnesium absorption for pregnant women?,recommendation,2,Mistral,False,,[],False,12
Advise dietary changes for reducing phytate intake in pregnant women.,recommendation,3,Mistral,False,,[],False,10
Suggest foods from the Food Composition Table rich in calcium for elderly patients.,recommendation,1,Mistral,False,,[],False,13
Propose a supplementation strategy for improving iron status in chronic kidney disease.,recommendation,3,TinyLlama,True,,[],False,12
Suggest foods from the Food Composition Table rich in magnesium for adolescents.,recommendation,2,TinyLlama,True,,[],False,12
Suggest a supplementation strategy for improving magnesium status in malnutrition.,recommendation,1,TinyLlama,False,,[],False,10
Suggest a supplementation strategy for improving magnesium status in iron-deficiency anemia.,recommendation,5,TinyLlama,False,,[],False,11
What is the best way to enhance calcium absorption for athletes?,recommendation,1,TinyLlama,True,,[],False,11
What is the best way to enhance magnesium absorption for adolescents?,recommendation,1,Mistral,False,,[],False,11
What is the best way to enhance vitamin B12 absorption for children under 5?,recommendation,4,TinyLlama,True,,[],False,14
Suggest foods from the Food Composition Table rich in magnesium for pregnant women.,recommendation,4,TinyLlama,False,,[],False,13
Suggest a supplementation strategy for improving vitamin B12 status in malnutrition.,recommendation,3,Mistral,True,,[],False,11
Suggest foods from the Food Composition Table rich in vitamin B12 for athletes.,recommendation,1,TinyLlama,True,,[],False,13
Suggest foods from the Food Composition Table rich in iron for elderly patients.,recommendation,5,Mistral,False,,[],False,13
Suggest plant-based alternatives high in vitamin B12 for iron-deficiency anemia.,recommendation,1,Mistral,False,,[],False,10
What is the best way to enhance magnesium absorption for adolescents?,recommendation,5,TinyLlama,True,,[],False,11
Advise a supplementation strategy for improving magnesium status in chronic kidney disease.,recommendation,5,Mistral,True,,[],False,12
Suggest plant-based alternatives high in zinc for osteoporosis.,recommendation,4,TinyLlama,True,,[],False,8
Suggest plant-based alternatives high in calcium for osteoporosis.,recommendation,2,Mistral,True,,[],False,8
Suggest a supplementation strategy for improving calcium status in iron-deficiency anemia.,recommendation,3,TinyLlama,False,,[],False,11
Suggest foods from the Food Composition Table rich in vitamin B12 for athletes.,recommendation,1,TinyLlama,True,,[],False,13
Suggest foods from the Food Composition Table rich in vitamin B12 for adolescents.,recommendation,5,TinyLlama,True,,[],False,13
Suggest dietary changes for reducing phytate intake in pregnant women.,recommendation,2,Mistral,True,,[],False,10
What is the best way to enhance calcium absorption for adolescents?,recommendation,4,TinyLlama,False,,[],False,11
Advise a supplementation strategy for improving iron status in iron-deficiency anemia.,recommendation,2,Mistral,False,,[],False,11
What is the best way to enhance zinc absorption for elderly patients?,recommendation,5,TinyLlama,False,,[],False,12
Advise a supplementation strategy for improving magnesium status in osteoporosis.,recommendation,3,TinyLlama,False,,[],False,10
Suggest foods from the Food Composition Table rich in iron for elderly patients.,recommendation,4,TinyLlama,True,,[],False,13
Suggest dietary changes for reducing phytate intake in pregnant women.,recommendation,5,Mistral,True,,[],False,10
Suggest foods from the Food Composition Table rich in vitamin B12 for athletes.,recommendation,2,TinyLlama,False,,[],False,13
Suggest plant-based alternatives high in magnesium for stunted growth.,recommendation,4,TinyLlama,True,,[],False,9
What is the best way to enhance magnesium absorption for adolescents?,recommendation,2,Mistral,True,,[],False,11
Propose dietary changes for reducing phytate intake in athletes.,recommendation,4,Mistral,True,,[],False,9
Advise dietary changes for reducing phytate intake in elderly patients.,recommendation,3,Mistral,False,,[],False,10
Suggest dietary changes for reducing phytate intake in elderly patients.,recommendation,5,TinyLlama,False,,[],False,10
Suggest plant-based alternatives high in iron for chronic kidney disease.,recommendation,5,Mistral,False,,[],False,10
Suggest plant-based alternatives high in iron for osteoporosis.,recommendation,1,Mistral,False,,[],False,8
Advise a supplementation strategy for improving calcium status in osteoporosis.,recommendation,2,Mistral,True,,[],False,10
Propose dietary changes for reducing phytate intake in pregnant women.,recommendation,4,Mistral,True,,[],False,10
Suggest plant-based alternatives high in zinc for stunted growth.,recommendation,5,Mistral,True,,[],False,9
What is the best way to enhance calcium absorption for adolescents?,recommendation,3,Mistral,False,,[],False,11
What is the best way to enhance calcium absorption for pregnant women?,recommendation,1,Mistral,False,,[],False,12
Suggest dietary changes for reducing phytate intake in adolescents.,recommendation,5,TinyLlama,True,,[],False,9
Suggest plant-based alternatives high in zinc for malnutrition.,recommendation,5,Mistral,True,,[],False,8
Suggest foods from the Food Composition Table rich in vitamin B12 for pregnant women.,recommendation,2,TinyLlama,False,,[],False,14
Advise a supplementation strategy for improving zinc status in chronic kidney disease.,recommendation,2,Mistral,False,,[],False,12
Suggest dietary changes for reducing phytate intake in children under 5.,recommendation,5,Mistral,False,,[],False,11
Suggest plant-based alternatives high in calcium for osteoporosis.,recommendation,4,Mistral,False,,[],False,8
Suggest a supplementation strategy for improving magnesium status in osteoporosis.,recommendation,2,Mistral,False,,[],False,10
Suggest foods from the Food Composition Table rich in calcium for athletes.,recommendation,4,Mistral,False,,[],False,12
Suggest a supplementation strategy for improving calcium status in stunted growth.,recommendation,1,Mistral,False,,[],False,11
Suggest a supplementation strategy for improving calcium status in iron-deficiency anemia.,recommendation,3,TinyLlama,False,,[],False,11
What is the best way to enhance magnesium absorption for athletes?,recommendation,2,Mistral,False,,[],False,11
Suggest foods from the Food Composition Table rich in vitamin B12 for pregnant women.,recommendation,2,TinyLlama,True,,[],False,14
Suggest plant-based alternatives high in zinc for iron-deficiency anemia.,recommendation,1,Mistral,False,,[],False,9
What is the best way to enhance zinc absorption for pregnant women?,recommendation,5,TinyLlama,False,,[],False,12
What is the best way to enhance zinc absorption for elderly patients?,recommendation,3,Mistral,True,,[],False,12
Propose dietary changes for reducing phytate intake in adolescents.,recommendation,1,TinyLlama,False,,[],False,9
Suggest foods from the Food Composition Table rich in magnesium for pregnant women.,recommendation,2,Mistral,True,,[],False,13
Advise dietary changes for reducing phytate intake in athletes.,recommendation,1,Mistral,False,,[],False,9
What is the best way to enhance vitamin B12 absorption for adolescents?,recommendation,2,Mistral,False,,[],False,12
Suggest foods from the Food Composition Table rich in calcium for pregnant women.,recommendation,4,Mistral,True,,[],False,13
Suggest dietary changes for reducing phytate intake in athletes.,recommendation,2,TinyLlama,False,,[],False,9
What is the best way to enhance calcium absorption for adolescents?,recommendation,4,TinyLlama,True,,[],False,11
Suggest foods from the Food Composition Table rich in calcium for elderly patients.,recommendation,1,Mistral,False,,[],False,13
Suggest foods from the Food Composition Table rich in calcium for elderly patients.,recommendation,3,TinyLlama,False,,[],False,13
Propose a supplementation strategy for improving iron status in iron-deficiency anemia.,recommendation,4,Mistral,True,,[],False,11
What is the best way to enhance calcium absorption for adolescents?,recommendation,3,Mistral,True,,[],False,11
Suggest foods from the Food Composition Table rich in magnesium for children under 5.,recommendation,4,Mistral,False,,[],False,14
Suggest plant-based alternatives high in vitamin B12 for osteoporosis.,recommendation,2,TinyLlama,False,,[],False,9
Suggest plant-based alternatives high in iron for malnutrition.,recommendation,1,TinyLlama,True,,[],False,8
Suggest plant-based alternatives high in zinc for osteoporosis.,recommendation,3,Mistral,True,,[],False,8
Suggest foods from the Food Composition Table rich in magnesium for adolescents.,recommendation,5,Mistral,True,,[],False,12
What is the best way to enhance vitamin B12 absorption for children under 5?,recommendation,4,TinyLlama,False,,[],False,14
Advise a supplementation strategy for improving magnesium status in stunted growth.,recommendation,1,TinyLlama,True,,[],False,11
Suggest dietary changes for reducing phytate intake in elderly patients.,recommendation,5,TinyLlama,True,,[],False,10
What is the best way to enhance calcium absorption for pregnant women?,recommendation,2,TinyLlama,False,,[],False,12
Suggest a supplementation strategy for improving magnesium status in chronic kidney disease.,recommendation,4,TinyLlama,True,,[],False,12
Advise a supplementation strategy for improving zinc status in malnutrition.,recommendation,4,TinyLlama,True,,[],False,10
Propose dietary changes for reducing phytate intake in pregnant women.,recommendation,5,Mistral,False,,[],False,10
Suggest foods from the Food Composition Table rich in magnesium for children under 5.,recommendation,2,Mistral,True,,[],False,14
Suggest dietary changes for reducing phytate intake in pregnant women.,recommendation,1,TinyLlama,True,,[],False,10
Suggest dietary changes for reducing phytate intake in pregnant women.,recommendation,4,TinyLlama,True,,[],False,10
Advise dietary changes for reducing phytate intake in elderly patients.,recommendation,5,TinyLlama,True,,[],False,10
Suggest foods from the Food Composition Table rich in calcium for adolescents.,recommendation,5,Mistral,False,,[],False,12
Suggest foods from the Food Composition Table rich in zinc for athletes.,recommendation,2,Mistral,False,,[],False,12
Advise a supplementation strategy for improving vitamin B12 status in malnutrition.,recommendation,2,Mistral,False,,[],False,11
Propose dietary changes for reducing phytate intake in athletes.,recommendation,3,Mistral,False,,[],False,9
Suggest foods from the Food Composition Table rich in magnesium for athletes.,recommendation,5,Mistral,True,,[],False,12
Suggest foods from the Food Composition Table rich in zinc for athletes.,recommendation,1,Mistral,False,,[],False,12
How should a patient with kidney stones adjust their nutritional plan to improve calcium absorption?,therapy,4,TinyLlama,False,,"['uric_acid', 'calcium', 'oxalate']",True,15
Create a therapeutic nutritional plan for celiac disease based on the Food Composition Table.,therapy,4,Mistral,True,,[],True,14
How should a patient with type 2 diabetes adjust their meal plan to improve iron absorption?,therapy,3,Mistral,True,,"['glucose', 'hba1c']",False,16
Outline a clinical nutrition plan for managing type 2 diabetes with low-phytate foods.,therapy,5,TinyLlama,False,,"['glucose', 'hba1c']",True,13
Create a therapeutic meal plan for celiac disease based on the Food Composition Table.,therapy,1,TinyLlama,True,,[],False,14
Outline a clinical nutrition plan for managing osteoporosis with low-phytate foods.,therapy,5,TinyLlama,False,,"['calcium', 'vitamin_d']",True,11
Create a therapeutic meal plan for kidney stones based on the Food Composition Table.,therapy,3,Mistral,False,,"['uric_acid', 'calcium', 'oxalate']",True,14
How should a patient with celiac disease adjust their meal plan to improve zinc absorption?,therapy,3,Mistral,False,,[],False,15
Propose a therapy combining dietary and supplement interventions for iron-deficiency anemia.,therapy,3,TinyLlama,False,,"['ferritin', 'iron']",True,11
Design a dietary intervention for improving iron status in osteoporosis.,therapy,5,TinyLlama,True,,"['calcium', 'vitamin_d']",True,10
Outline a clinical nutrition plan for managing celiac disease with low-phytate foods.,therapy,5,Mistral,False,,[],True,12
Create a therapeutic nutritional plan for type 2 diabetes based on the Food Composition Table.,therapy,2,Mistral,True,,"['glucose', 'hba1c']",False,15
Propose a therapy combining dietary and supplement interventions for kidney stones.,therapy,3,Mistral,False,,"['uric_acid', 'calcium', 'oxalate']",True,11
Propose a therapy combining dietary and supplement interventions for type 2 diabetes.,therapy,2,TinyLlama,False,,"['glucose', 'hba1c']",False,12
Create a therapeutic nutritional plan for kidney stones based on the Food Composition Table.,therapy,5,TinyLlama,True,,"['uric_acid', 'calcium', 'oxalate']",True,14
Outline a clinical nutrition plan for managing iron-deficiency anemia with low-phytate foods.,therapy,2,TinyLlama,True,,"['ferritin', 'iron']",True,12
Create a therapeutic meal plan for iron-deficiency anemia based on the Food Composition Table.,therapy,5,Mistral,False,,"['ferritin', 'iron']",True,14
Outline a clinical nutrition plan for managing kidney stones with low-phytate foods.,therapy,4,Mistral,True,,"['uric_acid', 'calcium', 'oxalate']",True,12
Outline a clinical nutrition plan for managing kidney stones with low-phytate foods.,therapy,4,TinyLlama,True,,"['uric_acid', 'calcium', 'oxalate']",True,12
How should a patient with celiac disease adjust their meal plan to improve magnesium absorption?,therapy,3,TinyLlama,False,,[],False,15
Create a therapeutic nutritional plan for iron-deficiency anemia based on the Food Composition Table.,therapy,5,TinyLlama,True,,"['ferritin', 'iron']",True,14
Create a therapeutic meal plan for kidney stones based on the Food Composition Table.,therapy,3,Mistral,False,,"['uric_acid', 'calcium', 'oxalate']",True,14
Propose a therapy combining dietary and supplement interventions for iron-deficiency anemia.,therapy,4,Mistral,True,,"['ferritin', 'iron']",True,11
Create a therapeutic meal plan for celiac disease based on the Food Composition Table.,therapy,1,TinyLlama,False,,[],False,14
Propose a therapy combining dietary and supplement interventions for osteoporosis.,therapy,4,TinyLlama,True,,"['calcium', 'vitamin_d']",True,10
Create a therapeutic nutritional plan for iron-deficiency anemia based on the Food Composition Table.,therapy,4,Mistral,True,,"['ferritin', 'iron']",True,14
How should a patient with iron-deficiency anemia adjust their nutritional plan to improve calcium absorption?,therapy,2,Mistral,False,,"['ferritin', 'iron']",True,15
Outline a clinical nutrition plan for managing iron-deficiency anemia with low-phytate foods.,therapy,5,TinyLlama,True,,"['ferritin', 'iron']",True,12
Design a dietary intervention for improving calcium status in iron-deficiency anemia.,therapy,5,TinyLlama,False,,"['ferritin', 'iron']",True,11
Outline a clinical nutrition plan for managing celiac disease with low-phytate foods.,therapy,5,TinyLlama,False,,[],True,12
How should a patient with celiac disease adjust their meal plan to improve vitamin D absorption?,therapy,2,TinyLlama,False,,[],False,16
Outline a clinical nutrition plan for managing iron-deficiency anemia with low-phytate foods.,therapy,2,TinyLlama,False,,"['ferritin', 'iron']",True,12
How should a patient with kidney stones adjust their meal plan to improve magnesium absorption?,therapy,4,Mistral,True,,"['uric_acid', 'calcium', 'oxalate']",True,15
Design a dietary intervention for improving vitamin D status in osteoporosis.,therapy,2,Mistral,False,,"['calcium', 'vitamin_d']",True,11
Propose a therapy combining dietary and supplement interventions for type 2 diabetes.,therapy,4,TinyLlama,False,,"['glucose', 'hba1c']",True,12
Create a therapeutic meal plan for iron-deficiency anemia based on the Food Composition Table.,therapy,3,TinyLlama,False,,"['ferritin', 'iron']",True,14
Create a therapeutic meal plan for osteoporosis based on the Food Composition Table.,therapy,3,TinyLlama,True,,"['calcium', 'vitamin_d']",True,13
Outline a clinical nutrition plan for managing celiac disease with low-phytate foods.,therapy,3,Mistral,True,,[],False,12
Create a therapeutic nutritional plan for iron-deficiency anemia based on the Food Composition Table.,therapy,4,Mistral,False,,"['ferritin', 'iron']",True,14
Outline a clinical nutrition plan for managing iron-deficiency anemia with low-phytate foods.,therapy,3,TinyLlama,False,,"['ferritin', 'iron']",True,12
Propose a therapy combining dietary and supplement interventions for iron-deficiency anemia.,therapy,4,Mistral,True,,"['ferritin', 'iron']",True,11
How should a patient with type 2 diabetes adjust their meal plan to improve magnesium absorption?,therapy,5,TinyLlama,False,,"['glucose', 'hba1c']",True,16
Create a therapeutic meal plan for type 2 diabetes based on the Food Composition Table.,therapy,3,Mistral,False,,"['glucose', 'hba1c']",False,15
Create a therapeutic nutritional plan for iron-deficiency anemia based on the Food Composition Table.,therapy,4,Mistral,False,,"['ferritin', 'iron']",True,14
Design a dietary intervention for improving iron status in osteoporosis.,therapy,3,Mistral,True,,"['calcium', 'vitamin_d']",True,10
Propose a therapy combining dietary and supplement interventions for kidney stones.,therapy,2,Mistral,True,,"['uric_acid', 'calcium', 'oxalate']",True,11
Create a therapeutic nutritional plan for celiac disease based on the Food Composition Table.,therapy,4,Mistral,False,,[],True,14
Design a dietary intervention for improving zinc status in osteoporosis.,therapy,4,TinyLlama,False,,"['calcium', 'vitamin_d']",True,10
Design a dietary intervention for improving calcium status in kidney stones.,therapy,4,Mistral,True,,"['uric_acid', 'calcium', 'oxalate']",True,11
Propose a therapy combining dietary and supplement interventions for celiac disease.,therapy,4,TinyLlama,False,,[],True,11
Propose a therapy combining dietary and supplement interventions for celiac disease.,therapy,3,TinyLlama,True,,[],False,11
How should a patient with kidney stones adjust their meal plan to improve calcium absorption?,therapy,5,TinyLlama,False,,"['uric_acid', 'calcium', 'oxalate']",True,15
Create a therapeutic meal plan for osteoporosis based on the Food Composition Table.,therapy,1,Mistral,False,,"['calcium', 'vitamin_d']",True,13
Create a therapeutic nutritional plan for celiac disease based on the Food Composition Table.,therapy,3,TinyLlama,False,,[],False,14
Propose a therapy combining dietary and supplement interventions for iron-deficiency anemia.,therapy,5,Mistral,False,,"['ferritin', 'iron']",True,11
How should a patient with kidney stones adjust their nutritional plan to improve vitamin D absorption?,therapy,5,TinyLlama,False,,"['uric_acid', 'calcium', 'oxalate']",True,16
How should a patient with kidney stones adjust their meal plan to improve iron absorption?,therapy,1,TinyLlama,False,,"['uric_acid', 'calcium', 'oxalate']",True,15
Create a therapeutic nutritional plan for kidney stones based on the Food Composition Table.,therapy,5,Mistral,False,,"['uric_acid', 'calcium', 'oxalate']",True,14
Propose a therapy combining dietary and supplement interventions for iron-deficiency anemia.,therapy,1,Mistral,True,,"['ferritin', 'iron']",True,11
How should a patient with kidney stones adjust their meal plan to improve magnesium absorption?,therapy,5,TinyLlama,False,,"['uric_acid', 'calcium', 'oxalate']",True,15
Design a dietary intervention for improving vitamin D status in osteoporosis.,therapy,5,TinyLlama,False,,"['calcium', 'vitamin_d']",True,11
Outline a clinical nutrition plan for managing osteoporosis with low-phytate foods.,therapy,3,Mistral,True,,"['calcium', 'vitamin_d']",True,11
Outline a clinical nutrition plan for managing type 2 diabetes with low-phytate foods.,therapy,3,Mistral,False,,"['glucose', 'hba1c']",False,13
Create a therapeutic meal plan for kidney stones based on the Food Composition Table.,therapy,3,Mistral,True,,"['uric_acid', 'calcium', 'oxalate']",True,14
Propose a therapy combining dietary and supplement interventions for osteoporosis.,therapy,1,Mistral,True,,"['calcium', 'vitamin_d']",True,10
Outline a clinical nutrition plan for managing iron-deficiency anemia with low-phytate foods.,therapy,1,TinyLlama,True,,"['ferritin', 'iron']",True,12
How should a patient with type 2 diabetes adjust their nutritional plan to improve magnesium absorption?,therapy,2,Mistral,False,,"['glucose', 'hba1c']",False,16
Propose a therapy combining dietary and supplement interventions for type 2 diabetes.,therapy,2,TinyLlama,False,,"['glucose', 'hba1c']",False,12
Propose a therapy combining dietary and supplement interventions for iron-deficiency anemia.,therapy,2,Mistral,False,,"['ferritin', 'iron']",True,11
Propose a therapy combining dietary and supplement interventions for iron-deficiency anemia.,therapy,2,Mistral,True,,"['ferritin', 'iron']",True,11
How should a patient with iron-deficiency anemia adjust their meal plan to improve magnesium absorption?,therapy,2,Mistral,False,,"['ferritin', 'iron']",True,15
Create a therapeutic nutritional plan for osteoporosis based on the Food Composition Table.,therapy,3,Mistral,False,,"['calcium', 'vitamin_d']",True,13
How should a patient with osteoporosis adjust their nutritional plan to improve magnesium absorption?,therapy,4,TinyLlama,False,,"['calcium', 'vitamin_d']",True,14
Design a dietary intervention for improving magnesium status in osteoporosis.,therapy,2,Mistral,True,,"['calcium', 'vitamin_d']",True,10
Create a therapeutic nutritional plan for celiac disease based on the Food Composition Table.,therapy,2,Mistral,True,,[],False,14
Create a therapeutic meal plan for celiac disease based on the Food Composition Table.,therapy,5,Mistral,False,,[],True,14
How should a patient with type 2 diabetes adjust their nutritional plan to improve magnesium absorption?,therapy,4,Mistral,True,,"['glucose', 'hba1c']",True,16
Propose a therapy combining dietary and supplement interventions for kidney stones.,therapy,5,TinyLlama,False,,"['uric_acid', 'calcium', 'oxalate']",True,11
Design a dietary intervention for improving calcium status in type 2 diabetes.,therapy,3,Mistral,True,,"['glucose', 'hba1c']",False,12
Design a dietary intervention for improving vitamin D status in iron-deficiency anemia.,therapy,2,TinyLlama,False,,"['ferritin', 'iron']",True,12
How should a patient with kidney stones adjust their nutritional plan to improve vitamin D absorption?,therapy,4,Mistral,False,,"['uric_acid', 'calcium', 'oxalate']",True,16
Propose a therapy combining dietary and supplement interventions for osteoporosis.,therapy,1,TinyLlama,True,,"['calcium', 'vitamin_d']",True,10
Design a dietary intervention for improving zinc status in iron-deficiency anemia.,therapy,2,Mistral,True,,"['ferritin', 'iron']",True,11
Propose a therapy combining dietary and supplement interventions for kidney stones.,therapy,5,TinyLlama,True,,"['uric_acid', 'calcium', 'oxalate']",True,11
Design a dietary intervention for improving zinc status in kidney stones.,therapy,5,TinyLlama,False,,"['uric_acid', 'calcium', 'oxalate']",True,11
How should a patient with type 2 diabetes adjust their meal plan to improve vitamin D absorption?,therapy,1,TinyLlama,False,,"['glucose', 'hba1c']",False,17
Outline a clinical nutrition plan for managing osteoporosis with low-phytate foods.,therapy,3,TinyLlama,False,,"['calcium', 'vitamin_d']",True,11
Outline a clinical nutrition plan for managing type 2 diabetes with low-phytate foods.,therapy,5,Mistral,False,,"['glucose', 'hba1c']",True,13
Create a therapeutic meal plan for kidney stones based on the Food Composition Table.,therapy,2,TinyLlama,True,,"['uric_acid', 'calcium', 'oxalate']",True,14
How should a patient with celiac disease adjust their meal plan to improve magnesium absorption?,therapy,3,TinyLlama,False,,[],False,15
Design a dietary intervention for improving magnesium status in celiac disease.,therapy,3,TinyLlama,True,,[],False,11
Propose a therapy combining dietary and supplement interventions for iron-deficiency anemia.,therapy,2,TinyLlama,True,,"['ferritin', 'iron']",True,11
Create a therapeutic meal plan for celiac disease based on the Food Composition Table.,therapy,4,Mistral,True,,[],True,14
How should a patient with celiac disease adjust their meal plan to improve vitamin D absorption?,therapy,4,Mistral,True,,[],True,16
Outline a clinical nutrition plan for managing osteoporosis with low-phytate foods.,therapy,3,Mistral,False,,"['calcium', 'vitamin_d']",True,11
Propose a therapy combining dietary and supplement interventions for celiac disease.,therapy,1,TinyLlama,False,,[],False,11
Design a dietary intervention for improving magnesium status in iron-deficiency anemia.,therapy,4,TinyLlama,False,,"['ferritin', 'iron']",True,11
Create a therapeutic nutritional plan for osteoporosis based on the Food Composition Table.,therapy,3,Mistral,False,,"['calcium', 'vitamin_d']",True,13
How should a patient with kidney stones adjust their meal plan to improve calcium absorption?,therapy,5,Mistral,False,,"['uric_acid', 'calcium', 'oxalate']",True,15
Outline a clinical nutrition plan for managing iron-deficiency anemia with low-phytate foods.,therapy,4,TinyLlama,True,,"['ferritin', 'iron']",True,12
Create a therapeutic nutritional plan for osteoporosis based on the Food Composition Table.,therapy,1,Mistral,True,,"['calcium', 'vitamin_d']",True,13
Create a therapeutic nutritional plan for celiac disease based on the Food Composition Table.,therapy,3,TinyLlama,False,,[],False,14
Design a dietary intervention for improving zinc status in iron-deficiency anemia.,therapy,2,TinyLlama,False,,"['ferritin', 'iron']",True,11
Design a dietary intervention for improving vitamin D status in type 2 diabetes.,therapy,1,TinyLlama,True,,"['glucose', 'hba1c']",False,13
Create a therapeutic meal plan for osteoporosis based on the Food Composition Table.,therapy,2,TinyLlama,False,,"['calcium', 'vitamin_d']",True,13
Outline a clinical nutrition plan for managing iron-deficiency anemia with low-phytate foods.,therapy,1,Mistral,True,,"['ferritin', 'iron']",True,12
Propose a therapy combining dietary and supplement interventions for iron-deficiency anemia.,therapy,4,TinyLlama,True,,"['ferritin', 'iron']",True,11
Outline a clinical nutrition plan for managing celiac disease with low-phytate foods.,therapy,3,TinyLlama,False,,[],False,12
Create a therapeutic nutritional plan for type 2 diabetes based on the Food Composition Table.,therapy,5,TinyLlama,True,,"['glucose', 'hba1c']",True,15
Propose a therapy combining dietary and supplement interventions for celiac disease.,therapy,2,Mistral,False,,[],False,11
Create a therapeutic nutritional plan for iron-deficiency anemia based on the Food Composition Table.,therapy,2,TinyLlama,False,,"['ferritin', 'iron']",True,14
Design a dietary intervention for improving zinc status in osteoporosis.,therapy,2,TinyLlama,False,,"['calcium', 'vitamin_d']",True,10
Outline a clinical nutrition plan for managing type 2 diabetes with low-phytate foods.,therapy,5,Mistral,True,,"['glucose', 'hba1c']",True,13
Design a dietary intervention for improving magnesium status in type 2 diabetes.,therapy,5,TinyLlama,False,,"['glucose', 'hba1c']",True,12
Design a dietary intervention for improving calcium status in iron-deficiency anemia.,therapy,4,Mistral,True,,"['ferritin', 'iron']",True,11
Create a therapeutic meal plan for osteoporosis based on the Food Composition Table.,therapy,1,TinyLlama,False,,"['calcium', 'vitamin_d']",True,13
Design a dietary intervention for improving vitamin D status in type 2 diabetes.,therapy,5,Mistral,False,,"['glucose', 'hba1c']",True,13
How should a patient with type 2 diabetes adjust their nutritional plan to improve vitamin D absorption?,therapy,1,TinyLlama,True,,"['glucose', 'hba1c']",False,17
Outline a clinical nutrition plan for managing celiac disease with low-phytate foods.,therapy,1,TinyLlama,False,,[],False,12
How should a patient with celiac disease adjust their nutritional plan to improve magnesium absorption?,therapy,4,Mistral,False,,[],True,15
Outline a clinical nutrition plan for managing kidney stones with low-phytate foods.,therapy,5,TinyLlama,False,,"['uric_acid', 'calcium', 'oxalate']",True,12
Outline a clinical nutrition plan for managing celiac disease with low-phytate foods.,therapy,5,TinyLlama,True,,[],True,12
How should a patient with celiac disease adjust their meal plan to improve vitamin D absorption?,therapy,5,TinyLlama,False,,[],True,16
Propose a therapy combining dietary and supplement interventions for type 2 diabetes.,therapy,2,TinyLlama,False,,"['glucose', 'hba1c']",False,12
Outline a clinical nutrition plan for managing osteoporosis with low-phytate foods.,therapy,5,TinyLlama,False,,"['calcium', 'vitamin_d']",True,11
How does iron affect metabolic pathways in the human body?,general,1,TinyLlama,True,,[],False,10
How does magnesium affect metabolic pathways in the human body?,general,3,Mistral,True,,[],False,10
Explain the relationship between the Food Composition Table and dietary assessment.,general,3,TinyLlama,True,,[],False,11
Explain the relationship between the Food Composition Table and dietary assessment.,general,3,TinyLlama,False,,[],False,11
Describe the biochemical mechanisms of iron absorption.,general,4,Mistral,False,,[],False,7
What is the role of phytates in human biochemistry?,general,5,TinyLlama,False,,[],False,9
How does calcium affect metabolic pathways in the human body?,general,1,TinyLlama,True,,[],False,10
Describe the biochemical mechanisms of iron absorption.,general,1,TinyLlama,True,,[],False,7
What is the role of phytates in human biochemistry?,general,3,Mistral,True,,[],False,9
How does iron affect metabolic pathways in the human body?,general,5,Mistral,True,,[],False,10
Explain the relationship between the Food Composition Table and dietary assessment.,general,4,Mistral,False,,[],False,11
What is the role of phytates in human biochemistry?,general,3,TinyLlama,True,,[],False,9
How does zinc affect metabolic pathways in the human body?,general,5,TinyLlama,False,,[],False,10
What is the role of phytates in human biochemistry?,general,3,Mistral,False,,[],False,9
What is the role of phytates in human biochemistry?,general,4,TinyLlama,False,,[],False,9
How does calcium affect metabolic pathways in the human body?,general,5,Mistral,True,,[],False,10
How can clinical dietitians use phytate composition data in patient care?,general,5,Mistral,True,,[],False,11
Describe the biochemical mechanisms of zinc absorption.,general,2,TinyLlama,False,,[],False,7
What is the role of phytates in human biochemistry?,general,5,Mistral,True,,[],False,9
Explain the relationship between the Food Composition Table and dietary assessment.,general,4,Mistral,True,,[],False,11
How does vitamin D affect metabolic pathways in the human body?,general,2,Mistral,False,,[],False,11
What is the role of phytates in human biochemistry?,general,3,TinyLlama,True,,[],False,9
How does vitamin D affect metabolic pathways in the human body?,general,4,Mistral,False,,[],False,11
What is the role of phytates in human biochemistry?,general,1,TinyLlama,False,,[],False,9
What is the role of phytates in human biochemistry?,general,5,TinyLlama,False,,[],False,9
How does zinc affect metabolic pathways in the human body?,general,3,Mistral,False,,[],False,10
How can clinical dietitians use phytate composition data in patient care?,general,3,Mistral,False,,[],False,11
How does iron affect metabolic pathways in the human body?,general,2,TinyLlama,True,,[],False,10
How does iron affect metabolic pathways in the human body?,general,2,Mistral,False,,[],False,10
Explain the relationship between the Food Composition Table and dietary assessment.,general,1,Mistral,True,,[],False,11
How can clinical dietitians use phytate composition data in patient care?,general,4,Mistral,True,,[],False,11
What is the role of phytates in human biochemistry?,general,3,TinyLlama,True,,[],False,9
Explain the relationship between the Food Composition Table and dietary assessment.,general,1,TinyLlama,False,,[],False,11
How can clinical dietitians use phytate composition data in patient care?,general,1,Mistral,False,,[],False,11
How does iron affect metabolic pathways in the human body?,general,4,Mistral,True,,[],False,10
What is the role of phytates in human biochemistry?,general,1,TinyLlama,True,,[],False,9
What is the role of phytates in human biochemistry?,general,2,TinyLlama,True,,[],False,9
How can clinical dietitians use phytate composition data in patient care?,general,1,Mistral,True,,[],False,11
What is the role of phytates in human biochemistry?,general,2,Mistral,True,,[],False,9
What is the role of phytates in human biochemistry?,general,1,TinyLlama,False,,[],False,9
What is the role of phytates in human biochemistry?,general,5,Mistral,False,,[],False,9
How can clinical dietitians use phytate composition data in patient care?,general,4,Mistral,True,,[],False,11
Explain the relationship between the Food Composition Table and dietary assessment.,general,2,Mistral,False,,[],False,11
How can clinical dietitians use phytate composition data in patient care?,general,1,TinyLlama,False,,[],False,11
How can clinical dietitians use phytate composition data in patient care?,general,5,Mistral,True,,[],False,11
What is the role of phytates in human biochemistry?,general,4,TinyLlama,False,,[],False,9
How does vitamin D affect metabolic pathways in the human body?,general,2,TinyLlama,False,,[],False,11
Explain the relationship between the Food Composition Table and dietary assessment.,general,5,Mistral,False,,[],False,11
Describe the biochemical mechanisms of vitamin D absorption.,general,3,Mistral,False,,[],False,8
How does iron affect metabolic pathways in the human body?,general,3,TinyLlama,True,,[],False,10
Explain the relationship between the Food Composition Table and dietary assessment.,general,4,Mistral,True,,[],False,11
How does iron affect metabolic pathways in the human body?,general,2,TinyLlama,False,,[],False,10
Describe the biochemical mechanisms of iron absorption.,general,2,Mistral,False,,[],False,7
How does zinc affect metabolic pathways in the human body?,general,2,Mistral,False,,[],False,10
Describe the biochemical mechanisms of iron absorption.,general,3,TinyLlama,True,,[],False,7
How can clinical dietitians use phytate composition data in patient care?,general,3,TinyLlama,False,,[],False,11
What is the role of phytates in human biochemistry?,general,1,TinyLlama,True,,[],False,9
What is the role of phytates in human biochemistry?,general,4,TinyLlama,False,,[],False,9
Describe the biochemical mechanisms of zinc absorption.,general,2,Mistral,True,,[],False,7
Explain the relationship between the Food Composition Table and dietary assessment.,general,1,TinyLlama,True,,[],False,11
What is the role of phytates in human biochemistry?,general,3,TinyLlama,False,,[],False,9
How can clinical dietitians use phytate composition data in patient care?,general,1,Mistral,False,,[],False,11
Explain the relationship between the Food Composition Table and dietary assessment.,general,2,Mistral,False,,[],False,11
Explain the relationship between the Food Composition Table and dietary assessment.,general,5,Mistral,True,,[],False,11
Describe the biochemical mechanisms of zinc absorption.,general,4,Mistral,False,,[],False,7
How does zinc affect metabolic pathways in the human body?,general,1,Mistral,True,,[],False,10
How does vitamin D affect metabolic pathways in the human body?,general,3,TinyLlama,True,,[],False,11
How can clinical dietitians use phytate composition data in patient care?,general,3,TinyLlama,True,,[],False,11
Explain the relationship between the Food Composition Table and dietary assessment.,general,2,TinyLlama,False,,[],False,11
How can clinical dietitians use phytate composition data in patient care?,general,3,TinyLlama,True,,[],False,11
What is the role of phytates in human biochemistry?,general,3,TinyLlama,True,,[],False,9
What is the role of phytates in human biochemistry?,general,4,Mistral,True,,[],False,9
How can clinical dietitians use phytate composition data in patient care?,general,4,Mistral,False,,[],False,11
What is the role of phytates in human biochemistry?,general,5,TinyLlama,True,,[],False,9
How can clinical dietitians use phytate composition data in patient care?,general,1,Mistral,True,,[],False,11
Explain the relationship between the Food Composition Table and dietary assessment.,general,1,TinyLlama,False,,[],False,11
How does magnesium affect metabolic pathways in the human body?,general,2,TinyLlama,True,,[],False,10
Explain the relationship between the Food Composition Table and dietary assessment.,general,5,Mistral,True,,[],False,11
How can clinical dietitians use phytate composition data in patient care?,general,5,Mistral,True,,[],False,11
What is the role of phytates in human biochemistry?,general,3,TinyLlama,True,,[],False,9
How can clinical dietitians use phytate composition data in patient care?,general,5,Mistral,False,,[],False,11
Explain the relationship between the Food Composition Table and dietary assessment.,general,1,TinyLlama,False,,[],False,11
Describe the biochemical mechanisms of vitamin D absorption.,general,4,TinyLlama,True,,[],False,8
Explain the relationship between the Food Composition Table and dietary assessment.,general,4,TinyLlama,False,,[],False,11
Describe the biochemical mechanisms of magnesium absorption.,general,2,TinyLlama,True,,[],False,7
How does zinc affect metabolic pathways in the human body?,general,3,TinyLlama,False,,[],False,10
What is the role of phytates in human biochemistry?,general,4,Mistral,False,,[],False,9
Explain the relationship between the Food Composition Table and dietary assessment.,general,5,Mistral,True,,[],False,11
Explain the relationship between the Food Composition Table and dietary assessment.,general,3,TinyLlama,False,,[],False,11
What is the role of phytates in human biochemistry?,general,4,Mistral,False,,[],False,9
How does calcium affect metabolic pathways in the human body?,general,5,TinyLlama,True,,[],False,10
What is the role of phytates in human biochemistry?,general,3,Mistral,True,,[],False,9
Describe the biochemical mechanisms of iron absorption.,general,4,Mistral,False,,[],False,7
Describe the biochemical mechanisms of zinc absorption.,general,4,Mistral,True,,[],False,7
How can clinical dietitians use phytate composition data in patient care?,general,5,TinyLlama,True,,[],False,11
How can clinical dietitians use phytate composition data in patient care?,general,2,TinyLlama,True,,[],False,11
How does iron affect metabolic pathways in the human body?,general,4,TinyLlama,False,,[],False,10
How does zinc affect metabolic pathways in the human body?,general,5,Mistral,False,,[],False,10
What is the role of phytates in human biochemistry?,general,4,Mistral,False,,[],False,9
Explain the relationship between the Food Composition Table and dietary assessment.,general,4,TinyLlama,False,,[],False,11
What is the role of phytates in human biochemistry?,general,2,TinyLlama,True,,[],False,9
What is the role of phytates in human biochemistry?,general,1,Mistral,False,,[],False,9
How can clinical dietitians use phytate composition data in patient care?,general,4,Mistral,False,,[],False,11
What is the role of phytates in human biochemistry?,general,3,Mistral,True,,[],False,9
Describe the biochemical mechanisms of vitamin D absorption.,general,4,TinyLlama,False,,[],False,8
Explain the relationship between the Food Composition Table and dietary assessment.,general,1,Mistral,False,,[],False,11
Explain the relationship between the Food Composition Table and dietary assessment.,general,3,Mistral,False,,[],False,11
Explain the relationship between the Food Composition Table and dietary assessment.,general,1,TinyLlama,True,,[],False,11
Explain the relationship between the Food Composition Table and dietary assessment.,general,3,Mistral,False,,[],False,11
Describe the biochemical mechanisms of iron absorption.,general,2,Mistral,True,,[],False,7
How can clinical dietitians use phytate composition data in patient care?,general,5,Mistral,True,,[],False,11
Describe the biochemical mechanisms of zinc absorption.,general,1,Mistral,False,,[],False,7
How does vitamin D affect metabolic pathways in the human body?,general,5,TinyLlama,True,,[],False,11
How does zinc affect metabolic pathways in the human body?,general,1,TinyLlama,True,,[],False,10
How can clinical dietitians use phytate composition data in patient care?,general,3,TinyLlama,False,,[],False,11
Explain the relationship between the Food Composition Table and dietary assessment.,general,5,Mistral,True,,[],False,11
What is the role of phytates in human biochemistry?,general,3,Mistral,False,,[],False,9
How does magnesium affect metabolic pathways in the human body?,general,5,Mistral,False,,[],False,10
How does calcium affect metabolic pathways in the human body?,general,1,Mistral,True,,[],False,10
How can clinical dietitians use phytate composition data in patient care?,general,2,TinyLlama,True,,[],False,11
How does zinc affect metabolic pathways in the human body?,general,3,Mistral,True,,[],False,10
What is the role of phytates in human biochemistry?,general,2,TinyLlama,True,,[],False,9
How does calcium affect metabolic pathways in the human body?,general,5,Mistral,False,,[],False,10
How can clinical dietitians use phytate composition data in patient care?,general,3,Mistral,False,,[],False,11
How does magnesium affect metabolic pathways in the human body?,general,3,Mistral,True,,[],False,10
Assess the effects of vitamin D and fish oil on calcium absorption.,comparison,3,Mistral,False,recommendation,[],False,12
Design a dietary intervention for improving calcium status in celiac disease.,therapy,5,TinyLlama,True,comparison,[],True,11
Explain the relationship between the Food Composition Table and dietary assessment.,general,1,Mistral,False,therapy,[],False,11
Propose a therapy combining dietary and supplement interventions for osteoporosis.,therapy,1,TinyLlama,False,general,"['calcium', 'vitamin_d']",True,10
Suggest plant-based alternatives high in calcium for malnutrition.,recommendation,2,TinyLlama,False,therapy,[],False,8
"Among them, option shows more protein digestibility: wheat bread or maize flour?",comparison,3,Mistral,False,recommendation,[],False,12
Design a dietary intervention for improving zinc status in kidney stones.,therapy,1,Mistral,True,recommendation,"['uric_acid', 'calcium', 'oxalate']",True,11
What possesses elevated protein digestibility: wheat bread or sorghum?,comparison,2,TinyLlama,False,recommendation,[],False,9
Describe the biochemical mechanisms of magnesium absorption.,general,3,TinyLlama,True,comparison,[],False,7
Explain the relationship between the Food Composition Table and dietary assessment.,general,1,TinyLlama,False,recommendation,[],False,11
Create a therapeutic meal plan for type 2 diabetes based on the Food Composition Table.,therapy,4,TinyLlama,True,comparison,"['glucose', 'hba1c']",True,15
How can clinical dietitians use phytate composition data in patient care?,general,4,Mistral,True,recommendation,[],False,11
Contrast the effects of vitamin D and ascorbic acid on calcium absorption.,comparison,2,TinyLlama,False,general,[],False,12
Create a therapeutic meal plan for iron-deficiency anemia based on the Food Composition Table.,therapy,5,Mistral,True,general,"['ferritin', 'iron']",True,14
Assess the phytate concentrations in millet porridge and maize flour based on the Food Composition Table.,comparison,2,Mistral,False,general,[],False,16
Create a therapeutic nutritional plan for type 2 diabetes based on the Food Composition Table.,therapy,2,TinyLlama,True,comparison,"['glucose', 'hba1c']",False,15
Suggest dietary changes for reducing phytate intake in adolescents.,recommendation,3,TinyLlama,False,comparison,[],False,9
How should a patient with kidney stones adjust their nutritional plan to improve iron absorption?,therapy,1,TinyLlama,True,general,"['uric_acid', 'calcium', 'oxalate']",True,15
Contrast the phytate concentrations in cassava flour and yam flour based on the Food Composition Table.,comparison,1,Mistral,False,recommendation,[],False,16
Examine the effects of ferrous sulfate and folic acid on calcium absorption.,comparison,3,TinyLlama,True,recommendation,[],False,12
How does vitamin D affect metabolic pathways in the human body?,general,3,TinyLlama,False,comparison,[],False,11
Explain the relationship between the Food Composition Table and dietary assessment.,general,5,Mistral,True,comparison,[],False,11
Explain the relationship between the Food Composition Table and dietary assessment.,general,1,TinyLlama,True,comparison,[],False,11
How does iron affect metabolic pathways in the human body?,general,1,TinyLlama,False,therapy,[],False,10
What is the best way to enhance calcium absorption for athletes?,recommendation,1,TinyLlama,True,comparison,[],False,11
Design a dietary intervention for improving vitamin D status in celiac disease.,therapy,1,TinyLlama,True,general,[],False,12
How do the biochemical impacts of polyphenol differ from protein in pediatric diets?,comparison,2,TinyLlama,False,therapy,[],False,13
How can clinical dietitians use phytate composition data in patient care?,general,4,Mistral,True,recommendation,[],False,11
How do the biochemical impacts of phytate differ from protein in pediatric diets?,comparison,5,Mistral,False,recommendation,[],False,13
How do the biochemical impacts of phytate differ from protein in pediatric diets?,comparison,3,TinyLlama,True,general,[],False,13
How should a patient with kidney stones adjust their meal plan to improve magnesium absorption?,therapy,4,TinyLlama,False,comparison,"['uric_acid', 'calcium', 'oxalate']",True,15
Propose a therapy combining dietary and supplement interventions for type 2 diabetes.,therapy,1,TinyLlama,True,general,"['glucose', 'hba1c']",False,12
How can clinical dietitians use phytate composition data in patient care?,general,4,Mistral,True,comparison,[],False,11
Design a dietary intervention for improving magnesium status in iron-deficiency anemia.,therapy,5,Mistral,False,comparison,"['ferritin', 'iron']",True,11
Suggest dietary changes for reducing phytate intake in elderly patients.,recommendation,1,Mistral,False,therapy,[],False,10
Outline a clinical nutrition plan for managing osteoporosis with low-phytate foods.,therapy,4,Mistral,True,comparison,"['calcium', 'vitamin_d']",True,11
Evaluate the phytate amounts in lentils and sorghum based on the Food Composition Table.,comparison,1,TinyLlama,False,therapy,[],False,14
How should a patient with kidney stones adjust their nutritional plan to improve magnesium absorption?,therapy,3,Mistral,True,recommendation,"['uric_acid', 'calcium', 'oxalate']",True,15
How do the biochemical impacts of polyphenol differ from magnesium in pediatric diets?,comparison,2,Mistral,True,recommendation,[],False,13
What is the role of phytates in human biochemistry?,general,2,TinyLlama,True,therapy,[],False,9
How does magnesium affect metabolic pathways in the human body?,general,3,TinyLlama,False,comparison,[],False,10
Assess the effects of calcium carbonate and ascorbic acid on calcium absorption.,comparison,1,Mistral,False,general,[],False,12
Suggest plant-based alternatives high in zinc for iron-deficiency anemia.,recommendation,5,Mistral,False,therapy,[],False,9
Describe the biochemical mechanisms of zinc absorption.,general,4,Mistral,False,recommendation,[],False,7
How does zinc affect metabolic pathways in the human body?,general,5,Mistral,False,recommendation,[],False,10
Suggest foods from the Food Composition Table rich in vitamin B12 for children under 5.,recommendation,3,TinyLlama,True,general,[],False,15
Outline a clinical nutrition plan for managing celiac disease with low-phytate foods.,therapy,5,Mistral,False,recommendation,[],True,12
What is the role of phytates in human biochemistry?,general,1,Mistral,True,comparison,[],False,9
Assess the phytate concentrations in wheat bread and maize flour based on the Food Composition Table.,comparison,5,TinyLlama,False,recommendation,[],False,16
What is the role of phytates in human biochemistry?,general,5,TinyLlama,False,therapy,[],False,9
Suggest plant-based alternatives high in iron for chronic kidney disease.,recommendation,4,Mistral,True,therapy,[],False,10
Assess ketogenic vs omnivorous for iron bioavailability in patients with anemia.,comparison,2,Mistral,False,recommendation,[],False,11
Advise dietary changes for reducing phytate intake in children under 5.,recommendation,4,TinyLlama,False,comparison,[],False,11
How should a patient with celiac disease adjust their meal plan to improve calcium absorption?,therapy,5,Mistral,True,comparison,[],True,15
Propose a therapy combining dietary and supplement interventions for type 2 diabetes.,therapy,3,TinyLlama,False,comparison,"['glucose', 'hba1c']",False,12
Describe the biochemical mechanisms of vitamin D absorption.,general,1,Mistral,True,recommendation,[],False,8
Suggest plant-based alternatives high in vitamin B12 for osteoporosis.,recommendation,5,Mistral,True,therapy,[],False,9
Create a therapeutic meal plan for type 2 diabetes based on the Food Composition Table.,therapy,3,Mistral,True,recommendation,"['glucose', 'hba1c']",False,15
Describe the biochemical mechanisms of iron absorption.,general,3,Mistral,True,comparison,[],False,7
Advise dietary changes for reducing phytate intake in athletes.,recommendation,3,Mistral,True,therapy,[],False,9
How should a patient with kidney stones adjust their nutritional plan to improve vitamin D absorption?,therapy,1,Mistral,True,recommendation,"['uric_acid', 'calcium', 'oxalate']",True,16
How should a patient with iron-deficiency anemia adjust their meal plan to improve iron absorption?,therapy,5,TinyLlama,True,comparison,"['ferritin', 'iron']",True,15
Suggest foods from the Food Composition Table rich in iron for elderly patients.,recommendation,4,TinyLlama,True,general,[],False,13
"In your view, which option possesses elevated protein digestibility: millet porridge or oats?",comparison,5,TinyLlama,False,recommendation,[],False,13
How can clinical dietitians use phytate composition data in patient care?,general,4,Mistral,False,therapy,[],False,11
What shows elevated protein digestibility: brown rice or sorghum?,comparison,5,TinyLlama,False,therapy,[],False,9
How should a patient with iron-deficiency anemia adjust their nutritional plan to improve zinc absorption?,therapy,4,Mistral,True,recommendation,"['ferritin', 'iron']",True,15
How does vitamin D affect metabolic pathways in the human body?,general,2,Mistral,False,comparison,[],False,11
Suggest a supplementation strategy for improving iron status in malnutrition.,recommendation,2,TinyLlama,True,general,[],False,10
Examine the effects of magnesium citrate and potassium chloride on calcium absorption.,comparison,4,TinyLlama,True,recommendation,[],False,12
Suggest foods from the Food Composition Table rich in calcium for adolescents.,recommendation,2,TinyLlama,False,comparison,[],False,12
Assess high-fiber vs low-carb for iron bioavailability in patients with anemia.,comparison,2,TinyLlama,False,recommendation,[],False,11
How do the biochemical impacts of fiber differ from magnesium in pediatric diets?,comparison,5,Mistral,False,general,[],False,13
How does iron affect metabolic pathways in the human body?,general,2,TinyLlama,False,recommendation,[],False,10
Design a dietary intervention for improving zinc status in type 2 diabetes.,therapy,4,Mistral,False,recommendation,"['glucose', 'hba1c']",True,12
Propose a therapy combining dietary and supplement interventions for kidney stones.,therapy,5,TinyLlama,False,comparison,"['uric_acid', 'calcium', 'oxalate']",True,11
Suggest plant-based alternatives high in calcium for iron-deficiency anemia.,recommendation,1,TinyLlama,True,general,[],False,9
Describe the biochemical mechanisms of zinc absorption.,general,5,Mistral,False,comparison,[],False,7
Suggest a supplementation strategy for improving zinc status in malnutrition.,recommendation,3,TinyLlama,False,general,[],False,10
What contains more protein digestibility: millet porridge or sorghum?,comparison,2,TinyLlama,True,therapy,[],False,9
Explain the relationship between the Food Composition Table and dietary assessment.,general,4,TinyLlama,True,comparison,[],False,11
Design a dietary intervention for improving iron status in type 2 diabetes.,therapy,2,Mistral,False,general,"['glucose', 'hba1c']",False,12
How can clinical dietitians use phytate composition data in patient care?,general,3,TinyLlama,False,comparison,[],False,11
How should a patient with kidney stones adjust their meal plan to improve magnesium absorption?,therapy,4,Mistral,False,comparison,"['uric_acid', 'calcium', 'oxalate']",True,15
Contrast the effects of zinc gluconate and fish oil on calcium absorption.,comparison,5,TinyLlama,True,therapy,[],False,12
How does zinc affect metabolic pathways in the human body?,general,5,Mistral,True,comparison,[],False,10
Suggest foods from the Food Composition Table rich in calcium for children under 5.,recommendation,1,TinyLlama,False,general,[],False,14
Outline a clinical nutrition plan for managing osteoporosis with low-phytate foods.,therapy,2,TinyLlama,False,recommendation,"['calcium', 'vitamin_d']",True,11
How do the biochemical impacts of zinc differ from vitamin C in pediatric diets?,comparison,2,TinyLlama,True,general,[],False,14
Create a therapeutic nutritional plan for kidney stones based on the Food Composition Table.,therapy,5,TinyLlama,False,general,"['uric_acid', 'calcium', 'oxalate']",True,14
How do the biochemical impacts of fiber differ from protein in pediatric diets?,comparison,5,TinyLlama,False,recommendation,[],False,13
Advise a supplementation strategy for improving vitamin B12 status in malnutrition.,recommendation,2,Mistral,False,comparison,[],False,11
Advise dietary changes for reducing phytate intake in pregnant women.,recommendation,4,TinyLlama,True,general,[],False,10
What is the best way to enhance vitamin B12 absorption for adolescents?,recommendation,5,TinyLlama,True,general,[],False,12
How does vitamin D affect metabolic pathways in the human body?,general,1,Mistral,False,therapy,[],False,11
Outline a clinical nutrition plan for managing kidney stones with low-phytate foods.,therapy,4,Mistral,False,comparison,"['uric_acid', 'calcium', 'oxalate']",True,12
"Out of these, option shows more protein digestibility: wheat bread or maize flour?",comparison,3,TinyLlama,True,therapy,[],False,13
Contrast the effects of zinc gluconate and fish oil on calcium absorption.,comparison,1,TinyLlama,False,therapy,[],False,12
Design a dietary intervention for improving vitamin D status in kidney stones.,therapy,3,Mistral,False,general,"['uric_acid', 'calcium', 'oxalate']",True,12
What is the best way to enhance vitamin B12 absorption for adolescents?,recommendation,3,Mistral,False,comparison,[],False,12
Compare the phytate levels in brown rice and maize flour based on the Food Composition Table.,comparison,5,Mistral,True,,[],False,16
Compare the phytate levels in brown rice and quinoa based on the Food Composition Table.,comparison,5,Mistral,True,,[],False,15
Which has higher protein digestibility: lentils or maize flour?,comparison,2,Mistral,True,,[],False,9
Compare the phytate levels in cassava flour and oats based on the Food Composition Table.,comparison,5,TinyLlama,False,,[],False,15
Compare the phytate levels in lentils and maize flour based on the Food Composition Table.,comparison,2,Mistral,True,,[],False,15
How do the biochemical impacts of polyphenol differ from protein in pediatric diets?,comparison,2,Mistral,True,,[],False,13
Compare the effects of zinc gluconate and folic acid on calcium absorption.,comparison,2,Mistral,True,,[],False,12
How do the biochemical impacts of fiber differ from magnesium in pediatric diets?,comparison,2,Mistral,False,,[],False,13
Which has higher protein digestibility: wheat bread or maize flour?,comparison,4,Mistral,False,,[],False,10
How do the biochemical impacts of fiber differ from iron in pediatric diets?,comparison,4,TinyLlama,False,,[],False,13
Which has higher protein digestibility: lentils or yam flour?,comparison,3,Mistral,True,,[],False,9
Compare ketogenic vs omnivorous for iron bioavailability in patients with anemia.,comparison,1,Mistral,True,,[],False,11
How do the biochemical impacts of zinc differ from vitamin C in pediatric diets?,comparison,1,TinyLlama,False,,[],False,14
Compare vegetarian vs vegan for iron bioavailability in patients with anemia.,comparison,5,TinyLlama,True,,[],False,11
Which has higher protein digestibility: lentils or quinoa?,comparison,2,Mistral,False,,[],False,8
Compare Mediterranean vs paleo for iron bioavailability in patients with anemia.,comparison,1,TinyLlama,True,,[],False,11
Compare the phytate levels in brown rice and oats based on the Food Composition Table.,comparison,2,Mistral,False,,[],False,15
How do the biochemical impacts of zinc differ from vitamin C in pediatric diets?,comparison,2,TinyLlama,True,,[],False,14
Which has higher protein digestibility: millet porridge or yam flour?,comparison,3,TinyLlama,True,,[],False,10
How do the biochemical impacts of fiber differ from calcium in pediatric diets?,comparison,2,TinyLlama,False,,[],False,13
Compare the effects of magnesium citrate and fish oil on calcium absorption.,comparison,4,Mistral,True,,[],False,12
Which has higher protein digestibility: brown rice or quinoa?,comparison,4,Mistral,True,,[],False,9
How do the biochemical impacts of phytate differ from vitamin C in pediatric diets?,comparison,1,Mistral,True,,[],False,14
Compare the phytate levels in lentils and oats based on the Food Composition Table.,comparison,1,TinyLlama,True,,[],False,14
Compare the effects of zinc gluconate and vitamin K2 on calcium absorption.,comparison,3,TinyLlama,False,,[],False,12
Which has higher protein digestibility: wheat bread or maize flour?,comparison,5,TinyLlama,True,,[],False,10
Compare the effects of magnesium citrate and potassium chloride on calcium absorption.,comparison,3,TinyLlama,False,,[],False,12
Compare the effects of vitamin D and vitamin K2 on calcium absorption.,comparison,3,TinyLlama,True,,[],False,12
Compare the effects of magnesium citrate and potassium chloride on calcium absorption.,comparison,5,Mistral,False,,[],False,12
Compare the phytate levels in brown rice and yam flour based on the Food Composition Table.,comparison,2,Mistral,False,,[],False,16
Compare the effects of zinc gluconate and folic acid on calcium absorption.,comparison,5,TinyLlama,False,,[],False,12
How do the biochemical impacts of polyphenol differ from iron in pediatric diets?,comparison,3,Mistral,True,,[],False,13
How do the biochemical impacts of fiber differ from iron in pediatric diets?,comparison,3,TinyLlama,True,,[],False,13
Which has higher protein digestibility: brown rice or yam flour?,comparison,2,TinyLlama,True,,[],False,10
Which has higher protein digestibility: millet porridge or maize flour?,comparison,3,TinyLlama,True,,[],False,10
Compare vegetarian vs omnivorous for iron bioavailability in patients with anemia.,comparison,3,Mistral,True,,[],False,11
Which has higher protein digestibility: lentils or quinoa?,comparison,2,Mistral,False,,[],False,8
Compare the phytate levels in millet porridge and sorghum based on the Food Composition Table.,comparison,3,Mistral,False,,[],False,15
Compare the effects of ferrous sulfate and potassium chloride on calcium absorption.,comparison,4,TinyLlama,False,,[],False,12
Compare ketogenic vs low-carb for iron bioavailability in patients with anemia.,comparison,2,Mistral,True,,[],False,11
Compare the phytate levels in millet porridge and sorghum based on the Food Composition Table.,comparison,2,TinyLlama,True,,[],False,15
Compare the phytate levels in wheat bread and yam flour based on the Food Composition Table.,comparison,4,Mistral,False,,[],False,16
How do the biochemical impacts of phytate differ from protein in pediatric diets?,comparison,1,TinyLlama,True,,[],False,13
Which has higher protein digestibility: wheat bread or yam flour?,comparison,5,Mistral,False,,[],False,10
How do the biochemical impacts of polyphenol differ from calcium in pediatric diets?,comparison,3,Mistral,True,,[],False,13
Compare high-fiber vs vegan for iron bioavailability in patients with anemia.,comparison,2,Mistral,True,,[],False,11
How do the biochemical impacts of fiber differ from magnesium in pediatric diets?,comparison,2,Mistral,False,,[],False,13
Compare the effects of zinc gluconate and fish oil on calcium absorption.,comparison,4,TinyLlama,False,,[],False,12
How do the biochemical impacts of fiber differ from iron in pediatric diets?,comparison,4,TinyLlama,True,,[],False,13
Which has higher protein digestibility: lentils or sorghum?,comparison,1,Mistral,False,,[],False,8
Compare low-phytate vs DASH for iron bioavailability in patients with anemia.,comparison,1,Mistral,True,,[],False,11
Compare the effects of magnesium citrate and vitamin K2 on calcium absorption.,comparison,1,TinyLlama,True,,[],False,12
How do the biochemical impacts of zinc differ from calcium in pediatric diets?,comparison,5,TinyLlama,True,,[],False,13
Compare high-fiber vs low-carb for iron bioavailability in patients with anemia.,comparison,1,TinyLlama,True,,[],False,11
Compare ketogenic vs omnivorous for iron bioavailability in patients with anemia.,comparison,1,Mistral,True,,[],False,11
Which has higher protein digestibility: cassava flour or oats?,comparison,5,Mistral,False,,[],False,9
Which has higher protein digestibility: cassava flour or sorghum?,comparison,2,Mistral,False,,[],False,9
Compare low-phytate vs paleo for iron bioavailability in patients with anemia.,comparison,3,Mistral,False,,[],False,11
Compare the effects of calcium carbonate and folic acid on calcium absorption.,comparison,2,Mistral,False,,[],False,12
Which has higher protein digestibility: brown rice or oats?,comparison,3,Mistral,False,,[],False,9
Which has higher protein digestibility: lentils or maize flour?,comparison,1,TinyLlama,False,,[],False,9
Compare the phytate levels in lentils and quinoa based on the Food Composition Table.,comparison,5,Mistral,True,,[],False,14
How do the biochemical impacts of polyphenol differ from calcium in pediatric diets?,comparison,3,TinyLlama,True,,[],False,13
Compare the effects of zinc gluconate and fish oil on calcium absorption.,comparison,4,Mistral,False,,[],False,12
How do the biochemical impacts of fiber differ from iron in pediatric diets?,comparison,5,TinyLlama,True,,[],False,13
How do the biochemical impacts of phytate differ from calcium in pediatric diets?,comparison,5,TinyLlama,False,,[],False,13
Which has higher protein digestibility: cassava flour or maize flour?,comparison,5,TinyLlama,True,,[],False,10
How do the biochemical impacts of oxalate differ from calcium in pediatric diets?,comparison,1,Mistral,False,,[],False,13
Compare the effects of calcium carbonate and ascorbic acid on calcium absorption.,comparison,2,Mistral,True,,[],False,12
Which has higher protein digestibility: brown rice or sorghum?,comparison,2,Mistral,False,,[],False,9
Which has higher protein digestibility: brown rice or yam flour?,comparison,4,TinyLlama,True,,[],False,10
Which has higher protein digestibility: millet porridge or sorghum?,comparison,1,Mistral,True,,[],False,9
How do the biochemical impacts of fiber differ from magnesium in pediatric diets?,comparison,1,Mistral,False,,[],False,13
Which has higher protein digestibility: millet porridge or maize flour?,comparison,4,TinyLlama,False,,[],False,10
Compare the phytate levels in millet porridge and maize flour based on the Food Composition Table.,comparison,4,Mistral,True,,[],False,16
How do the biochemical impacts of zinc differ from protein in pediatric diets?,comparison,5,TinyLlama,False,,[],False,13
Which has higher protein digestibility: cassava flour or oats?,comparison,1,Mistral,True,,[],False,9
How do the biochemical impacts of phytate differ from calcium in pediatric diets?,comparison,4,Mistral,False,,[],False,13
How do the biochemical impacts of oxalate differ from protein in pediatric diets?,comparison,1,Mistral,False,,[],False,13
Compare ketogenic vs omnivorous for iron bioavailability in patients with anemia.,comparison,2,Mistral,False,,[],False,11
Compare low-phytate vs DASH for iron bioavailability in patients with anemia.,comparison,5,Mistral,True,,[],False,11
Which has higher protein digestibility: brown rice or maize flour?,comparison,2,Mistral,True,,[],False,10
Which has higher protein digestibility: brown rice or sorghum?,comparison,4,Mistral,False,,[],False,9
Compare the effects of calcium carbonate and folic acid on calcium absorption.,comparison,1,TinyLlama,True,,[],False,12
Compare vegetarian vs low-carb for iron bioavailability in patients with anemia.,comparison,1,TinyLlama,False,,[],False,11
Compare the phytate levels in millet porridge and maize flour based on the Food Composition Table.,comparison,5,TinyLlama,True,,[],False,16
How do the biochemical impacts of fiber differ from vitamin C in pediatric diets?,comparison,2,Mistral,False,,[],False,14
Which has higher protein digestibility: millet porridge or oats?,comparison,3,Mistral,False,,[],False,9
Compare low-phytate vs vegan for iron bioavailability in patients with anemia.,comparison,5,Mistral,False,,[],False,11
Compare high-fiber vs vegan for iron bioavailability in patients with anemia.,comparison,3,TinyLlama,False,,[],False,11
How do the biochemical impacts of polyphenol differ from calcium in pediatric diets?,comparison,1,Mistral,True,,[],False,13
Compare the phytate levels in millet porridge and maize flour based on the Food Composition Table.,comparison,5,Mistral,True,,[],False,16
Compare low-phytate vs vegan for iron bioavailability in patients with anemia.,comparison,4,Mistral,True,,[],False,11
Which has higher protein digestibility: brown rice or maize flour?,comparison,4,Mistral,True,,[],False,10
How do the biochemical impacts of zinc differ from vitamin C in pediatric diets?,comparison,4,Mistral,False,,[],False,14
Compare the phytate levels in wheat bread and oats based on the Food Composition Table.,comparison,5,TinyLlama,False,,[],False,15
Which has higher protein digestibility: millet porridge or sorghum?,comparison,5,Mistral,False,,[],False,9
Compare the phytate levels in millet porridge and quinoa based on the Food Composition Table.,comparison,5,Mistral,True,,[],False,15
Which has higher protein digestibility: millet porridge or quinoa?,comparison,1,Mistral,True,,[],False,9
How do the biochemical impacts of phytate differ from vitamin C in pediatric diets?,comparison,3,TinyLlama,True,,[],False,14
Compare Mediterranean vs vegan for iron bioavailability in patients with anemia.,comparison,1,Mistral,True,,[],False,11
Compare the effects of calcium carbonate and folic acid on calcium absorption.,comparison,1,TinyLlama,False,,[],False,12
Which has higher protein digestibility: millet porridge or sorghum?,comparison,1,Mistral,False,,[],False,9
Compare the phytate levels in brown rice and yam flour based on the Food Composition Table.,comparison,1,Mistral,True,,[],False,16
Compare the phytate levels in wheat bread and maize flour based on the Food Composition Table.,comparison,5,Mistral,False,,[],False,16
Compare the effects of calcium carbonate and fish oil on calcium absorption.,comparison,2,Mistral,False,,[],False,12
Which has higher protein digestibility: cassava flour or yam flour?,comparison,2,Mistral,True,,[],False,10
Compare the phytate levels in brown rice and oats based on the Food Composition Table.,comparison,5,Mistral,True,,[],False,15
Which has higher protein digestibility: millet porridge or yam flour?,comparison,5,TinyLlama,True,,[],False,10
Which has higher protein digestibility: wheat bread or oats?,comparison,2,Mistral,True,,[],False,9
Compare the effects of zinc gluconate and ascorbic acid on calcium absorption.,comparison,2,TinyLlama,False,,[],False,12
Compare the phytate levels in wheat bread and oats based on the Food Composition Table.,comparison,3,TinyLlama,False,,[],False,15
Compare vegetarian vs paleo for iron bioavailability in patients with anemia.,comparison,1,TinyLlama,False,,[],False,11
Which has higher protein digestibility: cassava flour or yam flour?,comparison,1,Mistral,False,,[],False,10
Compare the phytate levels in millet porridge and sorghum based on the Food Composition Table.,comparison,5,TinyLlama,True,,[],False,15
How do the biochemical impacts of oxalate differ from magnesium in pediatric diets?,comparison,4,Mistral,True,,[],False,13
How do the biochemical impacts of oxalate differ from vitamin C in pediatric diets?,comparison,1,Mistral,True,,[],False,14
Which has higher protein digestibility: brown rice or maize flour?,comparison,1,Mistral,True,,[],False,10
Compare vegetarian vs low-carb for iron bioavailability in patients with anemia.,comparison,4,Mistral,True,,[],False,11
Which has higher protein digestibility: millet porridge or maize flour?,comparison,5,TinyLlama,False,,[],False,10
Compare ketogenic vs paleo for iron bioavailability in patients with anemia.,comparison,2,TinyLlama,True,,[],False,11
Which has higher protein digestibility: cassava flour or sorghum?,comparison,2,Mistral,True,,[],False,9
Which has higher protein digestibility: cassava flour or maize flour?,comparison,3,Mistral,False,,[],False,10
Compare the phytate levels in brown rice and maize flour based on the Food Composition Table.,comparison,4,Mistral,True,,[],False,16
Which has higher protein digestibility: lentils or quinoa?,comparison,4,TinyLlama,False,,[],False,8
Recommend dietary changes for reducing phytate intake in adolescents.,recommendation,2,Mistral,False,,[],False,9
Suggest plant-based alternatives high in vitamin B12 for osteoporosis.,recommendation,3,Mistral,False,,[],False,9
What is the best way to enhance calcium absorption for elderly patients?,recommendation,1,Mistral,True,,[],False,12
Recommend a supplementation strategy for improving vitamin B12 status in chronic kidney disease.,recommendation,3,Mistral,True,,[],False,13
Recommend a supplementation strategy for improving vitamin B12 status in osteoporosis.,recommendation,3,Mistral,False,,[],False,11
Suggest foods from the Food Composition Table rich in iron for adolescents.,recommendation,5,Mistral,False,,[],False,12
Suggest foods from the Food Composition Table rich in iron for adolescents.,recommendation,5,Mistral,True,,[],False,12
Recommend a supplementation strategy for improving zinc status in osteoporosis.,recommendation,3,Mistral,True,,[],False,10
Suggest foods from the Food Composition Table rich in zinc for children under 5.,recommendation,3,TinyLlama,True,,[],False,14
Recommend a supplementation strategy for improving zinc status in malnutrition.,recommendation,4,TinyLlama,True,,[],False,10
Suggest foods from the Food Composition Table rich in zinc for adolescents.,recommendation,1,Mistral,False,,[],False,12
Suggest foods from the Food Composition Table rich in vitamin B12 for elderly patients.,recommendation,4,TinyLlama,True,,[],False,14
Recommend a supplementation strategy for improving zinc status in stunted growth.,recommendation,5,Mistral,False,,[],False,11
Recommend a supplementation strategy for improving vitamin B12 status in malnutrition.,recommendation,4,TinyLlama,True,,[],False,11
Suggest plant-based alternatives high in calcium for iron-deficiency anemia.,recommendation,4,Mistral,True,,[],False,9
Suggest plant-based alternatives high in calcium for iron-deficiency anemia.,recommendation,2,Mistral,False,,[],False,9
Suggest plant-based alternatives high in magnesium for iron-deficiency anemia.,recommendation,2,Mistral,False,,[],False,9
Recommend dietary changes for reducing phytate intake in elderly patients.,recommendation,5,Mistral,True,,[],False,10
What is the best way to enhance calcium absorption for pregnant women?,recommendation,1,Mistral,True,,[],False,12
Recommend a supplementation strategy for improving zinc status in iron-deficiency anemia.,recommendation,3,Mistral,True,,[],False,11
What is the best way to enhance vitamin B12 absorption for elderly patients?,recommendation,1,TinyLlama,False,,[],False,13
Suggest foods from the Food Composition Table rich in vitamin B12 for children under 5.,recommendation,5,Mistral,True,,[],False,15
Recommend a supplementation strategy for improving calcium status in iron-deficiency anemia.,recommendation,1,TinyLlama,False,,[],False,11
Suggest plant-based alternatives high in iron for iron-deficiency anemia.,recommendation,4,TinyLlama,True,,[],False,9
Suggest foods from the Food Composition Table rich in magnesium for athletes.,recommendation,5,Mistral,True,,[],False,12
Suggest plant-based alternatives high in zinc for iron-deficiency anemia.,recommendation,5,Mistral,True,,[],False,9
Suggest plant-based alternatives high in vitamin B12 for malnutrition.,recommendation,5,TinyLlama,False,,[],False,9
What is the best way to enhance magnesium absorption for pregnant women?,recommendation,3,TinyLlama,False,,[],False,12
Recommend dietary changes for reducing phytate intake in athletes.,recommendation,5,Mistral,True,,[],False,9
Recommend dietary changes for reducing phytate intake in athletes.,recommendation,2,Mistral,False,,[],False,9
Suggest foods from the Food Composition Table rich in iron for children under 5.,recommendation,1,Mistral,True,,[],False,14
Recommend dietary changes for reducing phytate intake in children under 5.,recommendation,3,Mistral,False,,[],False,11
Recommend a supplementation strategy for improving zinc status in stunted growth.,recommendation,3,TinyLlama,False,,[],False,11
Recommend a supplementation strategy for improving calcium status in chronic kidney disease.,recommendation,4,Mistral,False,,[],False,12
Recommend a supplementation strategy for improving magnesium status in chronic kidney disease.,recommendation,3,Mistral,True,,[],False,12
What is the best way to enhance magnesium absorption for pregnant women?,recommendation,2,Mistral,False,,[],False,12
Recommend dietary changes for reducing phytate intake in pregnant women.,recommendation,3,Mistral,False,,[],False,10
Suggest foods from the Food Composition Table rich in calcium for elderly patients.,recommendation,1,Mistral,False,,[],False,13
Recommend a supplementation strategy for improving iron status in chronic kidney disease.,recommendation,3,TinyLlama,True,,[],False,12
Suggest foods from the Food Composition Table rich in magnesium for adolescents.,recommendation,2,TinyLlama,True,,[],False,12
Recommend a supplementation strategy for improving magnesium status in malnutrition.,recommendation,1,TinyLlama,False,,[],False,10
Recommend a supplementation strategy for improving magnesium status in iron-deficiency anemia.,recommendation,5,TinyLlama,False,,[],False,11
What is the best way to enhance calcium absorption for athletes?,recommendation,1,TinyLlama,True,,[],False,11
What is the best way to enhance magnesium absorption for adolescents?,recommendation,1,Mistral,False,,[],False,11
What is the best way to enhance vitamin B12 absorption for children under 5?,recommendation,4,TinyLlama,True,,[],False,14
Suggest foods from the Food Composition Table rich in magnesium for pregnant women.,recommendation,4,TinyLlama,False,,[],False,13
Recommend a supplementation strategy for improving vitamin B12 status in malnutrition.,recommendation,3,Mistral,True,,[],False,11
Suggest foods from the Food Composition Table rich in vitamin B12 for athletes.,recommendation,1,TinyLlama,True,,[],False,13
Suggest foods from the Food Composition Table rich in iron for elderly patients.,recommendation,5,Mistral,False,,[],False,13
Suggest plant-based alternatives high in vitamin B12 for iron-deficiency anemia.,recommendation,1,Mistral,False,,[],False,10
What is the best way to enhance magnesium absorption for adolescents?,recommendation,5,TinyLlama,True,,[],False,11
Recommend a supplementation strategy for improving magnesium status in chronic kidney disease.,recommendation,5,Mistral,True,,[],False,12
Suggest plant-based alternatives high in zinc for osteoporosis.,recommendation,4,TinyLlama,True,,[],False,8
Suggest plant-based alternatives high in calcium for osteoporosis.,recommendation,2,Mistral,True,,[],False,8
Recommend a supplementation strategy for improving calcium status in iron-deficiency anemia.,recommendation,3,TinyLlama,False,,[],False,11
Suggest foods from the Food Composition Table rich in vitamin B12 for athletes.,recommendation,1,TinyLlama,True,,[],False,13
Suggest foods from the Food Composition Table rich in vitamin B12 for adolescents.,recommendation,5,TinyLlama,True,,[],False,13
Recommend dietary changes for reducing phytate intake in pregnant women.,recommendation,2,Mistral,True,,[],False,10
What is the best way to enhance calcium absorption for adolescents?,recommendation,4,TinyLlama,False,,[],False,11
Recommend a supplementation strategy for improving iron status in iron-deficiency anemia.,recommendation,2,Mistral,False,,[],False,11
What is the best way to enhance zinc absorption for elderly patients?,recommendation,5,TinyLlama,False,,[],False,12
Recommend a supplementation strategy for improving magnesium status in osteoporosis.,recommendation,3,TinyLlama,False,,[],False,10
Suggest foods from the Food Composition Table rich in iron for elderly patients.,recommendation,4,TinyLlama,True,,[],False,13
Recommend dietary changes for reducing phytate intake in pregnant women.,recommendation,5,Mistral,True,,[],False,10
Suggest foods from the Food Composition Table rich in vitamin B12 for athletes.,recommendation,2,TinyLlama,False,,[],False,13
Suggest plant-based alternatives high in magnesium for stunted growth.,recommendation,4,TinyLlama,True,,[],False,9
What is the best way to enhance magnesium absorption for adolescents?,recommendation,2,Mistral,True,,[],False,11
Recommend dietary changes for reducing phytate intake in athletes.,recommendation,4,Mistral,True,,[],False,9
Recommend dietary changes for reducing phytate intake in elderly patients.,recommendation,3,Mistral,False,,[],False,10
Recommend dietary changes for reducing phytate intake in elderly patients.,recommendation,5,TinyLlama,False,,[],False,10
Suggest plant-based alternatives high in iron for chronic kidney disease.,recommendation,5,Mistral,False,,[],False,10
Suggest plant-based alternatives high in iron for osteoporosis.,recommendation,1,Mistral,False,,[],False,8
Recommend a supplementation strategy for improving calcium status in osteoporosis.,recommendation,2,Mistral,True,,[],False,10
Recommend dietary changes for reducing phytate intake in pregnant women.,recommendation,4,Mistral,True,,[],False,10
Suggest plant-based alternatives high in zinc for stunted growth.,recommendation,5,Mistral,True,,[],False,9
What is the best way to enhance calcium absorption for adolescents?,recommendation,3,Mistral,False,,[],False,11
What is the best way to enhance calcium absorption for pregnant women?,recommendation,1,Mistral,False,,[],False,12
Recommend dietary changes for reducing phytate intake in adolescents.,recommendation,5,TinyLlama,True,,[],False,9
Suggest plant-based alternatives high in zinc for malnutrition.,recommendation,5,Mistral,True,,[],False,8
Suggest foods from the Food Composition Table rich in vitamin B12 for pregnant women.,recommendation,2,TinyLlama,False,,[],False,14
Recommend a supplementation strategy for improving zinc status in chronic kidney disease.,recommendation,2,Mistral,False,,[],False,12
Recommend dietary changes for reducing phytate intake in children under 5.,recommendation,5,Mistral,False,,[],False,11
Suggest plant-based alternatives high in calcium for osteoporosis.,recommendation,4,Mistral,False,,[],False,8
Recommend a supplementation strategy for improving magnesium status in osteoporosis.,recommendation,2,Mistral,False,,[],False,10
Suggest foods from the Food Composition Table rich in calcium for athletes.,recommendation,4,Mistral,False,,[],False,12
Recommend a supplementation strategy for improving calcium status in stunted growth.,recommendation,1,Mistral,False,,[],False,11
Recommend a supplementation strategy for improving calcium status in iron-deficiency anemia.,recommendation,3,TinyLlama,False,,[],False,11
What is the best way to enhance magnesium absorption for athletes?,recommendation,2,Mistral,False,,[],False,11
Suggest foods from the Food Composition Table rich in vitamin B12 for pregnant women.,recommendation,2,TinyLlama,True,,[],False,14
Suggest plant-based alternatives high in zinc for iron-deficiency anemia.,recommendation,1,Mistral,False,,[],False,9
What is the best way to enhance zinc absorption for pregnant women?,recommendation,5,TinyLlama,False,,[],False,12
What is the best way to enhance zinc absorption for elderly patients?,recommendation,3,Mistral,True,,[],False,12
Recommend dietary changes for reducing phytate intake in adolescents.,recommendation,1,TinyLlama,False,,[],False,9
Suggest foods from the Food Composition Table rich in magnesium for pregnant women.,recommendation,2,Mistral,True,,[],False,13
Recommend dietary changes for reducing phytate intake in athletes.,recommendation,1,Mistral,False,,[],False,9
What is the best way to enhance vitamin B12 absorption for adolescents?,recommendation,2,Mistral,False,,[],False,12
Suggest foods from the Food Composition Table rich in calcium for pregnant women.,recommendation,4,Mistral,True,,[],False,13
Recommend dietary changes for reducing phytate intake in athletes.,recommendation,2,TinyLlama,False,,[],False,9
What is the best way to enhance calcium absorption for adolescents?,recommendation,4,TinyLlama,True,,[],False,11
Suggest foods from the Food Composition Table rich in calcium for elderly patients.,recommendation,1,Mistral,False,,[],False,13
Suggest foods from the Food Composition Table rich in calcium for elderly patients.,recommendation,3,TinyLlama,False,,[],False,13
Recommend a supplementation strategy for improving iron status in iron-deficiency anemia.,recommendation,4,Mistral,True,,[],False,11
What is the best way to enhance calcium absorption for adolescents?,recommendation,3,Mistral,True,,[],False,11
Suggest foods from the Food Composition Table rich in magnesium for children under 5.,recommendation,4,Mistral,False,,[],False,14
Suggest plant-based alternatives high in vitamin B12 for osteoporosis.,recommendation,2,TinyLlama,False,,[],False,9
Suggest plant-based alternatives high in iron for malnutrition.,recommendation,1,TinyLlama,True,,[],False,8
Suggest plant-based alternatives high in zinc for osteoporosis.,recommendation,3,Mistral,True,,[],False,8
Suggest foods from the Food Composition Table rich in magnesium for adolescents.,recommendation,5,Mistral,True,,[],False,12
What is the best way to enhance vitamin B12 absorption for children under 5?,recommendation,4,TinyLlama,False,,[],False,14
Recommend a supplementation strategy for improving magnesium status in stunted growth.,recommendation,1,TinyLlama,True,,[],False,11
Recommend dietary changes for reducing phytate intake in elderly patients.,recommendation,5,TinyLlama,True,,[],False,10
What is the best way to enhance calcium absorption for pregnant women?,recommendation,2,TinyLlama,False,,[],False,12
Recommend a supplementation strategy for improving magnesium status in chronic kidney disease.,recommendation,4,TinyLlama,True,,[],False,12
Recommend a supplementation strategy for improving zinc status in malnutrition.,recommendation,4,TinyLlama,True,,[],False,10
Recommend dietary changes for reducing phytate intake in pregnant women.,recommendation,5,Mistral,False,,[],False,10
Suggest foods from the Food Composition Table rich in magnesium for children under 5.,recommendation,2,Mistral,True,,[],False,14
Recommend dietary changes for reducing phytate intake in pregnant women.,recommendation,1,TinyLlama,True,,[],False,10
Recommend dietary changes for reducing phytate intake in pregnant women.,recommendation,4,TinyLlama,True,,[],False,10
Recommend dietary changes for reducing phytate intake in elderly patients.,recommendation,5,TinyLlama,True,,[],False,10
Suggest foods from the Food Composition Table rich in calcium for adolescents.,recommendation,5,Mistral,False,,[],False,12
Suggest foods from the Food Composition Table rich in zinc for athletes.,recommendation,2,Mistral,False,,[],False,12
Recommend a supplementation strategy for improving vitamin B12 status in malnutrition.,recommendation,2,Mistral,False,,[],False,11
Recommend dietary changes for reducing phytate intake in athletes.,recommendation,3,Mistral,False,,[],False,9
Suggest foods from the Food Composition Table rich in magnesium for athletes.,recommendation,5,Mistral,True,,[],False,12
Suggest foods from the Food Composition Table rich in zinc for athletes.,recommendation,1,Mistral,False,,[],False,12
How should a patient with kidney stones adjust their diet to improve calcium absorption?,therapy,4,TinyLlama,False,,"['uric_acid', 'calcium', 'oxalate']",True,14
Create a therapeutic diet for celiac disease based on the Food Composition Table.,therapy,4,Mistral,True,,[],True,13
How should a patient with type 2 diabetes adjust their diet to improve iron absorption?,therapy,3,Mistral,True,,"['glucose', 'hba1c']",False,15
Outline a clinical nutrition plan for managing type 2 diabetes with low-phytate foods.,therapy,5,TinyLlama,False,,"['glucose', 'hba1c']",True,13
Create a therapeutic diet for celiac disease based on the Food Composition Table.,therapy,1,TinyLlama,True,,[],False,13
Outline a clinical nutrition plan for managing osteoporosis with low-phytate foods.,therapy,5,TinyLlama,False,,"['calcium', 'vitamin_d']",True,11
Create a therapeutic diet for kidney stones based on the Food Composition Table.,therapy,3,Mistral,False,,"['uric_acid', 'calcium', 'oxalate']",True,13
How should a patient with celiac disease adjust their diet to improve zinc absorption?,therapy,3,Mistral,False,,[],False,14
Propose a therapy combining dietary and supplement interventions for iron-deficiency anemia.,therapy,3,TinyLlama,False,,"['ferritin', 'iron']",True,11
Design a dietary intervention for improving iron status in osteoporosis.,therapy,5,TinyLlama,True,,"['calcium', 'vitamin_d']",True,10
Outline a clinical nutrition plan for managing celiac disease with low-phytate foods.,therapy,5,Mistral,False,,[],True,12
Create a therapeutic diet for type 2 diabetes based on the Food Composition Table.,therapy,2,Mistral,True,,"['glucose', 'hba1c']",False,14
Propose a therapy combining dietary and supplement interventions for kidney stones.,therapy,3,Mistral,False,,"['uric_acid', 'calcium', 'oxalate']",True,11
Propose a therapy combining dietary and supplement interventions for type 2 diabetes.,therapy,2,TinyLlama,False,,"['glucose', 'hba1c']",False,12
Create a therapeutic diet for kidney stones based on the Food Composition Table.,therapy,5,TinyLlama,True,,"['uric_acid', 'calcium', 'oxalate']",True,13
Outline a clinical nutrition plan for managing iron-deficiency anemia with low-phytate foods.,therapy,2,TinyLlama,True,,"['ferritin', 'iron']",True,12
Create a therapeutic diet for iron-deficiency anemia based on the Food Composition Table.,therapy,5,Mistral,False,,"['ferritin', 'iron']",True,13
Outline a clinical nutrition plan for managing kidney stones with low-phytate foods.,therapy,4,Mistral,True,,"['uric_acid', 'calcium', 'oxalate']",True,12
Outline a clinical nutrition plan for managing kidney stones with low-phytate foods.,therapy,4,TinyLlama,True,,"['uric_acid', 'calcium', 'oxalate']",True,12
How should a patient with celiac disease adjust their diet to improve magnesium absorption?,therapy,3,TinyLlama,False,,[],False,14
Create a therapeutic diet for iron-deficiency anemia based on the Food Composition Table.,therapy,5,TinyLlama,True,,"['ferritin', 'iron']",True,13
Create a therapeutic diet for kidney stones based on the Food Composition Table.,therapy,3,Mistral,False,,"['uric_acid', 'calcium', 'oxalate']",True,13
Propose a therapy combining dietary and supplement interventions for iron-deficiency anemia.,therapy,4,Mistral,True,,"['ferritin', 'iron']",True,11
Create a therapeutic diet for celiac disease based on the Food Composition Table.,therapy,1,TinyLlama,False,,[],False,13
Propose a therapy combining dietary and supplement interventions for osteoporosis.,therapy,4,TinyLlama,True,,"['calcium', 'vitamin_d']",True,10
Create a therapeutic diet for iron-deficiency anemia based on the Food Composition Table.,therapy,4,Mistral,True,,"['ferritin', 'iron']",True,13
How should a patient with iron-deficiency anemia adjust their diet to improve calcium absorption?,therapy,2,Mistral,False,,"['ferritin', 'iron']",True,14
Outline a clinical nutrition plan for managing iron-deficiency anemia with low-phytate foods.,therapy,5,TinyLlama,True,,"['ferritin', 'iron']",True,12
Design a dietary intervention for improving calcium status in iron-deficiency anemia.,therapy,5,TinyLlama,False,,"['ferritin', 'iron']",True,11
Outline a clinical nutrition plan for managing celiac disease with low-phytate foods.,therapy,5,TinyLlama,False,,[],True,12
How should a patient with celiac disease adjust their diet to improve vitamin D absorption?,therapy,2,TinyLlama,False,,[],False,15
Outline a clinical nutrition plan for managing iron-deficiency anemia with low-phytate foods.,therapy,2,TinyLlama,False,,"['ferritin', 'iron']",True,12
How should a patient with kidney stones adjust their diet to improve magnesium absorption?,therapy,4,Mistral,True,,"['uric_acid', 'calcium', 'oxalate']",True,14
Design a dietary intervention for improving vitamin D status in osteoporosis.,therapy,2,Mistral,False,,"['calcium', 'vitamin_d']",True,11
Propose a therapy combining dietary and supplement interventions for type 2 diabetes.,therapy,4,TinyLlama,False,,"['glucose', 'hba1c']",True,12
Create a therapeutic diet for iron-deficiency anemia based on the Food Composition Table.,therapy,3,TinyLlama,False,,"['ferritin', 'iron']",True,13
Create a therapeutic diet for osteoporosis based on the Food Composition Table.,therapy,3,TinyLlama,True,,"['calcium', 'vitamin_d']",True,12
Outline a clinical nutrition plan for managing celiac disease with low-phytate foods.,therapy,3,Mistral,True,,[],False,12
Create a therapeutic diet for iron-deficiency anemia based on the Food Composition Table.,therapy,4,Mistral,False,,"['ferritin', 'iron']",True,13
Outline a clinical nutrition plan for managing iron-deficiency anemia with low-phytate foods.,therapy,3,TinyLlama,False,,"['ferritin', 'iron']",True,12
Propose a therapy combining dietary and supplement interventions for iron-deficiency anemia.,therapy,4,Mistral,True,,"['ferritin', 'iron']",True,11
How should a patient with type 2 diabetes adjust their diet to improve magnesium absorption?,therapy,5,TinyLlama,False,,"['glucose', 'hba1c']",True,15
Create a therapeutic diet for type 2 diabetes based on the Food Composition Table.,therapy,3,Mistral,False,,"['glucose', 'hba1c']",False,14
Create a therapeutic diet for iron-deficiency anemia based on the Food Composition Table.,therapy,4,Mistral,False,,"['ferritin', 'iron']",True,13
Design a dietary intervention for improving iron status in osteoporosis.,therapy,3,Mistral,True,,"['calcium', 'vitamin_d']",True,10
Propose a therapy combining dietary and supplement interventions for kidney stones.,therapy,2,Mistral,True,,"['uric_acid', 'calcium', 'oxalate']",True,11
Create a therapeutic diet for celiac disease based on the Food Composition Table.,therapy,4,Mistral,False,,[],True,13
Design a dietary intervention for improving zinc status in osteoporosis.,therapy,4,TinyLlama,False,,"['calcium', 'vitamin_d']",True,10
Design a dietary intervention for improving calcium status in kidney stones.,therapy,4,Mistral,True,,"['uric_acid', 'calcium', 'oxalate']",True,11
Propose a therapy combining dietary and supplement interventions for celiac disease.,therapy,4,TinyLlama,False,,[],True,11
Propose a therapy combining dietary and supplement interventions for celiac disease.,therapy,3,TinyLlama,True,,[],False,11
How should a patient with kidney stones adjust their diet to improve calcium absorption?,therapy,5,TinyLlama,False,,"['uric_acid', 'calcium', 'oxalate']",True,14
Create a therapeutic diet for osteoporosis based on the Food Composition Table.,therapy,1,Mistral,False,,"['calcium', 'vitamin_d']",True,12
Create a therapeutic diet for celiac disease based on the Food Composition Table.,therapy,3,TinyLlama,False,,[],False,13
Propose a therapy combining dietary and supplement interventions for iron-deficiency anemia.,therapy,5,Mistral,False,,"['ferritin', 'iron']",True,11
How should a patient with kidney stones adjust their diet to improve vitamin D absorption?,therapy,5,TinyLlama,False,,"['uric_acid', 'calcium', 'oxalate']",True,15
How should a patient with kidney stones adjust their diet to improve iron absorption?,therapy,1,TinyLlama,False,,"['uric_acid', 'calcium', 'oxalate']",True,14
Create a therapeutic diet for kidney stones based on the Food Composition Table.,therapy,5,Mistral,False,,"['uric_acid', 'calcium', 'oxalate']",True,13
Propose a therapy combining dietary and supplement interventions for iron-deficiency anemia.,therapy,1,Mistral,True,,"['ferritin', 'iron']",True,11
How should a patient with kidney stones adjust their diet to improve magnesium absorption?,therapy,5,TinyLlama,False,,"['uric_acid', 'calcium', 'oxalate']",True,14
Design a dietary intervention for improving vitamin D status in osteoporosis.,therapy,5,TinyLlama,False,,"['calcium', 'vitamin_d']",True,11
Outline a clinical nutrition plan for managing osteoporosis with low-phytate foods.,therapy,3,Mistral,True,,"['calcium', 'vitamin_d']",True,11
Outline a clinical nutrition plan for managing type 2 diabetes with low-phytate foods.,therapy,3,Mistral,False,,"['glucose', 'hba1c']",False,13
Create a therapeutic diet for kidney stones based on the Food Composition Table.,therapy,3,Mistral,True,,"['uric_acid', 'calcium', 'oxalate']",True,13
Propose a therapy combining dietary and supplement interventions for osteoporosis.,therapy,1,Mistral,True,,"['calcium', 'vitamin_d']",True,10
Outline a clinical nutrition plan for managing iron-deficiency anemia with low-phytate foods.,therapy,1,TinyLlama,True,,"['ferritin', 'iron']",True,12
How should a patient with type 2 diabetes adjust their diet to improve magnesium absorption?,therapy,2,Mistral,False,,"['glucose', 'hba1c']",False,15
Propose a therapy combining dietary and supplement interventions for type 2 diabetes.,therapy,2,TinyLlama,False,,"['glucose', 'hba1c']",False,12
Propose a therapy combining dietary and supplement interventions for iron-deficiency anemia.,therapy,2,Mistral,False,,"['ferritin', 'iron']",True,11
Propose a therapy combining dietary and supplement interventions for iron-deficiency anemia.,therapy,2,Mistral,True,,"['ferritin', 'iron']",True,11
How should a patient with iron-deficiency anemia adjust their diet to improve magnesium absorption?,therapy,2,Mistral,False,,"['ferritin', 'iron']",True,14
Create a therapeutic diet for osteoporosis based on the Food Composition Table.,therapy,3,Mistral,False,,"['calcium', 'vitamin_d']",True,12
How should a patient with osteoporosis adjust their diet to improve magnesium absorption?,therapy,4,TinyLlama,False,,"['calcium', 'vitamin_d']",True,13
Design a dietary intervention for improving magnesium status in osteoporosis.,therapy,2,Mistral,True,,"['calcium', 'vitamin_d']",True,10
Create a therapeutic diet for celiac disease based on the Food Composition Table.,therapy,2,Mistral,True,,[],False,13
Create a therapeutic diet for celiac disease based on the Food Composition Table.,therapy,5,Mistral,False,,[],True,13
How should a patient with type 2 diabetes adjust their diet to improve magnesium absorption?,therapy,4,Mistral,True,,"['glucose', 'hba1c']",True,15
Propose a therapy combining dietary and supplement interventions for kidney stones.,therapy,5,TinyLlama,False,,"['uric_acid', 'calcium', 'oxalate']",True,11
Design a dietary intervention for improving calcium status in type 2 diabetes.,therapy,3,Mistral,True,,"['glucose', 'hba1c']",False,12
Design a dietary intervention for improving vitamin D status in iron-deficiency anemia.,therapy,2,TinyLlama,False,,"['ferritin', 'iron']",True,12
How should a patient with kidney stones adjust their diet to improve vitamin D absorption?,therapy,4,Mistral,False,,"['uric_acid', 'calcium', 'oxalate']",True,15
Propose a therapy combining dietary and supplement interventions for osteoporosis.,therapy,1,TinyLlama,True,,"['calcium', 'vitamin_d']",True,10
Design a dietary intervention for improving zinc status in iron-deficiency anemia.,therapy,2,Mistral,True,,"['ferritin', 'iron']",True,11
Propose a therapy combining dietary and supplement interventions for kidney stones.,therapy,5,TinyLlama,True,,"['uric_acid', 'calcium', 'oxalate']",True,11
Design a dietary intervention for improving zinc status in kidney stones.,therapy,5,TinyLlama,False,,"['uric_acid', 'calcium', 'oxalate']",True,11
How should a patient with type 2 diabetes adjust their diet to improve vitamin D absorption?,therapy,1,TinyLlama,False,,"['glucose', 'hba1c']",False,16
Outline a clinical nutrition plan for managing osteoporosis with low-phytate foods.,therapy,3,TinyLlama,False,,"['calcium', 'vitamin_d']",True,11
Outline a clinical nutrition plan for managing type 2 diabetes with low-phytate foods.,therapy,5,Mistral,False,,"['glucose', 'hba1c']",True,13
Create a therapeutic diet for kidney stones based on the Food Composition Table.,therapy,2,TinyLlama,True,,"['uric_acid', 'calcium', 'oxalate']",True,13
How should a patient with celiac disease adjust their diet to improve magnesium absorption?,therapy,3,TinyLlama,False,,[],False,14
Design a dietary intervention for improving magnesium status in celiac disease.,therapy,3,TinyLlama,True,,[],False,11
Propose a therapy combining dietary and supplement interventions for iron-deficiency anemia.,therapy,2,TinyLlama,True,,"['ferritin', 'iron']",True,11
Create a therapeutic diet for celiac disease based on the Food Composition Table.,therapy,4,Mistral,True,,[],True,13
How should a patient with celiac disease adjust their diet to improve vitamin D absorption?,therapy,4,Mistral,True,,[],True,15
Outline a clinical nutrition plan for managing osteoporosis with low-phytate foods.,therapy,3,Mistral,False,,"['calcium', 'vitamin_d']",True,11
Propose a therapy combining dietary and supplement interventions for celiac disease.,therapy,1,TinyLlama,False,,[],False,11
Design a dietary intervention for improving magnesium status in iron-deficiency anemia.,therapy,4,TinyLlama,False,,"['ferritin', 'iron']",True,11
Create a therapeutic diet for osteoporosis based on the Food Composition Table.,therapy,3,Mistral,False,,"['calcium', 'vitamin_d']",True,12
How should a patient with kidney stones adjust their diet to improve calcium absorption?,therapy,5,Mistral,False,,"['uric_acid', 'calcium', 'oxalate']",True,14
Outline a clinical nutrition plan for managing iron-deficiency anemia with low-phytate foods.,therapy,4,TinyLlama,True,,"['ferritin', 'iron']",True,12
Create a therapeutic diet for osteoporosis based on the Food Composition Table.,therapy,1,Mistral,True,,"['calcium', 'vitamin_d']",True,12
Create a therapeutic diet for celiac disease based on the Food Composition Table.,therapy,3,TinyLlama,False,,[],False,13
Design a dietary intervention for improving zinc status in iron-deficiency anemia.,therapy,2,TinyLlama,False,,"['ferritin', 'iron']",True,11
Design a dietary intervention for improving vitamin D status in type 2 diabetes.,therapy,1,TinyLlama,True,,"['glucose', 'hba1c']",False,13
Create a therapeutic diet for osteoporosis based on the Food Composition Table.,therapy,2,TinyLlama,False,,"['calcium', 'vitamin_d']",True,12
Outline a clinical nutrition plan for managing iron-deficiency anemia with low-phytate foods.,therapy,1,Mistral,True,,"['ferritin', 'iron']",True,12
Propose a therapy combining dietary and supplement interventions for iron-deficiency anemia.,therapy,4,TinyLlama,True,,"['ferritin', 'iron']",True,11
Outline a clinical nutrition plan for managing celiac disease with low-phytate foods.,therapy,3,TinyLlama,False,,[],False,12
Create a therapeutic diet for type 2 diabetes based on the Food Composition Table.,therapy,5,TinyLlama,True,,"['glucose', 'hba1c']",True,14
Propose a therapy combining dietary and supplement interventions for celiac disease.,therapy,2,Mistral,False,,[],False,11
Create a therapeutic diet for iron-deficiency anemia based on the Food Composition Table.,therapy,2,TinyLlama,False,,"['ferritin', 'iron']",True,13
Design a dietary intervention for improving zinc status in osteoporosis.,therapy,2,TinyLlama,False,,"['calcium', 'vitamin_d']",True,10
Outline a clinical nutrition plan for managing type 2 diabetes with low-phytate foods.,therapy,5,Mistral,True,,"['glucose', 'hba1c']",True,13
Design a dietary intervention for improving magnesium status in type 2 diabetes.,therapy,5,TinyLlama,False,,"['glucose', 'hba1c']",True,12
Design a dietary intervention for improving calcium status in iron-deficiency anemia.,therapy,4,Mistral,True,,"['ferritin', 'iron']",True,11
Create a therapeutic diet for osteoporosis based on the Food Composition Table.,therapy,1,TinyLlama,False,,"['calcium', 'vitamin_d']",True,12
Design a dietary intervention for improving vitamin D status in type 2 diabetes.,therapy,5,Mistral,False,,"['glucose', 'hba1c']",True,13
How should a patient with type 2 diabetes adjust their diet to improve vitamin D absorption?,therapy,1,TinyLlama,True,,"['glucose', 'hba1c']",False,16
Outline a clinical nutrition plan for managing celiac disease with low-phytate foods.,therapy,1,TinyLlama,False,,[],False,12
How should a patient with celiac disease adjust their diet to improve magnesium absorption?,therapy,4,Mistral,False,,[],True,14
Outline a clinical nutrition plan for managing kidney stones with low-phytate foods.,therapy,5,TinyLlama,False,,"['uric_acid', 'calcium', 'oxalate']",True,12
Outline a clinical nutrition plan for managing celiac disease with low-phytate foods.,therapy,5,TinyLlama,True,,[],True,12
How should a patient with celiac disease adjust their diet to improve vitamin D absorption?,therapy,5,TinyLlama,False,,[],True,15
Propose a therapy combining dietary and supplement interventions for type 2 diabetes.,therapy,2,TinyLlama,False,,"['glucose', 'hba1c']",False,12
Outline a clinical nutrition plan for managing osteoporosis with low-phytate foods.,therapy,5,TinyLlama,False,,"['calcium', 'vitamin_d']",True,11
How does iron affect metabolic pathways in the human body?,general,1,TinyLlama,True,,[],False,10
How does magnesium affect metabolic pathways in the human body?,general,3,Mistral,True,,[],False,10
Explain the relationship between the Food Composition Table and dietary assessment.,general,3,TinyLlama,True,,[],False,11
Explain the relationship between the Food Composition Table and dietary assessment.,general,3,TinyLlama,False,,[],False,11
Describe the biochemical mechanisms of iron absorption.,general,4,Mistral,False,,[],False,7
What is the role of phytates in human biochemistry?,general,5,TinyLlama,False,,[],False,9
How does calcium affect metabolic pathways in the human body?,general,1,TinyLlama,True,,[],False,10
Describe the biochemical mechanisms of iron absorption.,general,1,TinyLlama,True,,[],False,7
What is the role of phytates in human biochemistry?,general,3,Mistral,True,,[],False,9
How does iron affect metabolic pathways in the human body?,general,5,Mistral,True,,[],False,10
Explain the relationship between the Food Composition Table and dietary assessment.,general,4,Mistral,False,,[],False,11
What is the role of phytates in human biochemistry?,general,3,TinyLlama,True,,[],False,9
How does zinc affect metabolic pathways in the human body?,general,5,TinyLlama,False,,[],False,10
What is the role of phytates in human biochemistry?,general,3,Mistral,False,,[],False,9
What is the role of phytates in human biochemistry?,general,4,TinyLlama,False,,[],False,9
How does calcium affect metabolic pathways in the human body?,general,5,Mistral,True,,[],False,10
How can clinical dietitians use phytate composition data in patient care?,general,5,Mistral,True,,[],False,11
Describe the biochemical mechanisms of zinc absorption.,general,2,TinyLlama,False,,[],False,7
What is the role of phytates in human biochemistry?,general,5,Mistral,True,,[],False,9
Explain the relationship between the Food Composition Table and dietary assessment.,general,4,Mistral,True,,[],False,11
How does vitamin D affect metabolic pathways in the human body?,general,2,Mistral,False,,[],False,11
What is the role of phytates in human biochemistry?,general,3,TinyLlama,True,,[],False,9
How does vitamin D affect metabolic pathways in the human body?,general,4,Mistral,False,,[],False,11
What is the role of phytates in human biochemistry?,general,1,TinyLlama,False,,[],False,9
What is the role of phytates in human biochemistry?,general,5,TinyLlama,False,,[],False,9
How does zinc affect metabolic pathways in the human body?,general,3,Mistral,False,,[],False,10
How can clinical dietitians use phytate composition data in patient care?,general,3,Mistral,False,,[],False,11
How does iron affect metabolic pathways in the human body?,general,2,TinyLlama,True,,[],False,10
How does iron affect metabolic pathways in the human body?,general,2,Mistral,False,,[],False,10
Explain the relationship between the Food Composition Table and dietary assessment.,general,1,Mistral,True,,[],False,11
How can clinical dietitians use phytate composition data in patient care?,general,4,Mistral,True,,[],False,11
What is the role of phytates in human biochemistry?,general,3,TinyLlama,True,,[],False,9
Explain the relationship between the Food Composition Table and dietary assessment.,general,1,TinyLlama,False,,[],False,11
How can clinical dietitians use phytate composition data in patient care?,general,1,Mistral,False,,[],False,11
How does iron affect metabolic pathways in the human body?,general,4,Mistral,True,,[],False,10
What is the role of phytates in human biochemistry?,general,1,TinyLlama,True,,[],False,9
What is the role of phytates in human biochemistry?,general,2,TinyLlama,True,,[],False,9
How can clinical dietitians use phytate composition data in patient care?,general,1,Mistral,True,,[],False,11
What is the role of phytates in human biochemistry?,general,2,Mistral,True,,[],False,9
What is the role of phytates in human biochemistry?,general,1,TinyLlama,False,,[],False,9
What is the role of phytates in human biochemistry?,general,5,Mistral,False,,[],False,9
How can clinical dietitians use phytate composition data in patient care?,general,4,Mistral,True,,[],False,11
Explain the relationship between the Food Composition Table and dietary assessment.,general,2,Mistral,False,,[],False,11
How can clinical dietitians use phytate composition data in patient care?,general,1,TinyLlama,False,,[],False,11
How can clinical dietitians use phytate composition data in patient care?,general,5,Mistral,True,,[],False,11
What is the role of phytates in human biochemistry?,general,4,TinyLlama,False,,[],False,9
How does vitamin D affect metabolic pathways in the human body?,general,2,TinyLlama,False,,[],False,11
Explain the relationship between the Food Composition Table and dietary assessment.,general,5,Mistral,False,,[],False,11
Describe the biochemical mechanisms of vitamin D absorption.,general,3,Mistral,False,,[],False,8
How does iron affect metabolic pathways in the human body?,general,3,TinyLlama,True,,[],False,10
Explain the relationship between the Food Composition Table and dietary assessment.,general,4,Mistral,True,,[],False,11
How does iron affect metabolic pathways in the human body?,general,2,TinyLlama,False,,[],False,10
Describe the biochemical mechanisms of iron absorption.,general,2,Mistral,False,,[],False,7
How does zinc affect metabolic pathways in the human body?,general,2,Mistral,False,,[],False,10
Describe the biochemical mechanisms of iron absorption.,general,3,TinyLlama,True,,[],False,7
How can clinical dietitians use phytate composition data in patient care?,general,3,TinyLlama,False,,[],False,11
What is the role of phytates in human biochemistry?,general,1,TinyLlama,True,,[],False,9
What is the role of phytates in human biochemistry?,general,4,TinyLlama,False,,[],False,9
Describe the biochemical mechanisms of zinc absorption.,general,2,Mistral,True,,[],False,7
Explain the relationship between the Food Composition Table and dietary assessment.,general,1,TinyLlama,True,,[],False,11
What is the role of phytates in human biochemistry?,general,3,TinyLlama,False,,[],False,9
How can clinical dietitians use phytate composition data in patient care?,general,1,Mistral,False,,[],False,11
Explain the relationship between the Food Composition Table and dietary assessment.,general,2,Mistral,False,,[],False,11
Explain the relationship between the Food Composition Table and dietary assessment.,general,5,Mistral,True,,[],False,11
Describe the biochemical mechanisms of zinc absorption.,general,4,Mistral,False,,[],False,7
How does zinc affect metabolic pathways in the human body?,general,1,Mistral,True,,[],False,10
How does vitamin D affect metabolic pathways in the human body?,general,3,TinyLlama,True,,[],False,11
How can clinical dietitians use phytate composition data in patient care?,general,3,TinyLlama,True,,[],False,11
Explain the relationship between the Food Composition Table and dietary assessment.,general,2,TinyLlama,False,,[],False,11
How can clinical dietitians use phytate composition data in patient care?,general,3,TinyLlama,True,,[],False,11
What is the role of phytates in human biochemistry?,general,3,TinyLlama,True,,[],False,9
What is the role of phytates in human biochemistry?,general,4,Mistral,True,,[],False,9
How can clinical dietitians use phytate composition data in patient care?,general,4,Mistral,False,,[],False,11
What is the role of phytates in human biochemistry?,general,5,TinyLlama,True,,[],False,9
How can clinical dietitians use phytate composition data in patient care?,general,1,Mistral,True,,[],False,11
Explain the relationship between the Food Composition Table and dietary assessment.,general,1,TinyLlama,False,,[],False,11
How does magnesium affect metabolic pathways in the human body?,general,2,TinyLlama,True,,[],False,10
Explain the relationship between the Food Composition Table and dietary assessment.,general,5,Mistral,True,,[],False,11
How can clinical dietitians use phytate composition data in patient care?,general,5,Mistral,True,,[],False,11
What is the role of phytates in human biochemistry?,general,3,TinyLlama,True,,[],False,9
How can clinical dietitians use phytate composition data in patient care?,general,5,Mistral,False,,[],False,11
Explain the relationship between the Food Composition Table and dietary assessment.,general,1,TinyLlama,False,,[],False,11
Describe the biochemical mechanisms of vitamin D absorption.,general,4,TinyLlama,True,,[],False,8
Explain the relationship between the Food Composition Table and dietary assessment.,general,4,TinyLlama,False,,[],False,11
Describe the biochemical mechanisms of magnesium absorption.,general,2,TinyLlama,True,,[],False,7
How does zinc affect metabolic pathways in the human body?,general,3,TinyLlama,False,,[],False,10
What is the role of phytates in human biochemistry?,general,4,Mistral,False,,[],False,9
Explain the relationship between the Food Composition Table and dietary assessment.,general,5,Mistral,True,,[],False,11
Explain the relationship between the Food Composition Table and dietary assessment.,general,3,TinyLlama,False,,[],False,11
What is the role of phytates in human biochemistry?,general,4,Mistral,False,,[],False,9
How does calcium affect metabolic pathways in the human body?,general,5,TinyLlama,True,,[],False,10
What is the role of phytates in human biochemistry?,general,3,Mistral,True,,[],False,9
Describe the biochemical mechanisms of iron absorption.,general,4,Mistral,False,,[],False,7
Describe the biochemical mechanisms of zinc absorption.,general,4,Mistral,True,,[],False,7
How can clinical dietitians use phytate composition data in patient care?,general,5,TinyLlama,True,,[],False,11
How can clinical dietitians use phytate composition data in patient care?,general,2,TinyLlama,True,,[],False,11
How does iron affect metabolic pathways in the human body?,general,4,TinyLlama,False,,[],False,10
How does zinc affect metabolic pathways in the human body?,general,5,Mistral,False,,[],False,10
What is the role of phytates in human biochemistry?,general,4,Mistral,False,,[],False,9
Explain the relationship between the Food Composition Table and dietary assessment.,general,4,TinyLlama,False,,[],False,11
What is the role of phytates in human biochemistry?,general,2,TinyLlama,True,,[],False,9
What is the role of phytates in human biochemistry?,general,1,Mistral,False,,[],False,9
How can clinical dietitians use phytate composition data in patient care?,general,4,Mistral,False,,[],False,11
What is the role of phytates in human biochemistry?,general,3,Mistral,True,,[],False,9
Describe the biochemical mechanisms of vitamin D absorption.,general,4,TinyLlama,False,,[],False,8
Explain the relationship between the Food Composition Table and dietary assessment.,general,1,Mistral,False,,[],False,11
Explain the relationship between the Food Composition Table and dietary assessment.,general,3,Mistral,False,,[],False,11
Explain the relationship between the Food Composition Table and dietary assessment.,general,1,TinyLlama,True,,[],False,11
Explain the relationship between the Food Composition Table and dietary assessment.,general,3,Mistral,False,,[],False,11
Describe the biochemical mechanisms of iron absorption.,general,2,Mistral,True,,[],False,7
How can clinical dietitians use phytate composition data in patient care?,general,5,Mistral,True,,[],False,11
Describe the biochemical mechanisms of zinc absorption.,general,1,Mistral,False,,[],False,7
How does vitamin D affect metabolic pathways in the human body?,general,5,TinyLlama,True,,[],False,11
How does zinc affect metabolic pathways in the human body?,general,1,TinyLlama,True,,[],False,10
How can clinical dietitians use phytate composition data in patient care?,general,3,TinyLlama,False,,[],False,11
Explain the relationship between the Food Composition Table and dietary assessment.,general,5,Mistral,True,,[],False,11
What is the role of phytates in human biochemistry?,general,3,Mistral,False,,[],False,9
How does magnesium affect metabolic pathways in the human body?,general,5,Mistral,False,,[],False,10
How does calcium affect metabolic pathways in the human body?,general,1,Mistral,True,,[],False,10
How can clinical dietitians use phytate composition data in patient care?,general,2,TinyLlama,True,,[],False,11
How does zinc affect metabolic pathways in the human body?,general,3,Mistral,True,,[],False,10
What is the role of phytates in human biochemistry?,general,2,TinyLlama,True,,[],False,9
How does calcium affect metabolic pathways in the human body?,general,5,Mistral,False,,[],False,10
How can clinical dietitians use phytate composition data in patient care?,general,3,Mistral,False,,[],False,11
How does magnesium affect metabolic pathways in the human body?,general,3,Mistral,True,,[],False,10
Compare the effects of vitamin D and fish oil on calcium absorption.,comparison,3,Mistral,False,recommendation,[],False,12
Design a dietary intervention for improving calcium status in celiac disease.,therapy,5,TinyLlama,True,comparison,[],True,11
Explain the relationship between the Food Composition Table and dietary assessment.,general,1,Mistral,False,therapy,[],False,11
Propose a therapy combining dietary and supplement interventions for osteoporosis.,therapy,1,TinyLlama,False,general,"['calcium', 'vitamin_d']",True,10
Suggest plant-based alternatives high in calcium for malnutrition.,recommendation,2,TinyLlama,False,therapy,[],False,8
Which has higher protein digestibility: wheat bread or maize flour?,comparison,3,Mistral,False,recommendation,[],False,10
Design a dietary intervention for improving zinc status in kidney stones.,therapy,1,Mistral,True,recommendation,"['uric_acid', 'calcium', 'oxalate']",True,11
Which has higher protein digestibility: wheat bread or sorghum?,comparison,2,TinyLlama,False,recommendation,[],False,9
Describe the biochemical mechanisms of magnesium absorption.,general,3,TinyLlama,True,comparison,[],False,7
Explain the relationship between the Food Composition Table and dietary assessment.,general,1,TinyLlama,False,recommendation,[],False,11
Create a therapeutic diet for type 2 diabetes based on the Food Composition Table.,therapy,4,TinyLlama,True,comparison,"['glucose', 'hba1c']",True,14
How can clinical dietitians use phytate composition data in patient care?,general,4,Mistral,True,recommendation,[],False,11
Compare the effects of vitamin D and ascorbic acid on calcium absorption.,comparison,2,TinyLlama,False,general,[],False,12
Create a therapeutic diet for iron-deficiency anemia based on the Food Composition Table.,therapy,5,Mistral,True,general,"['ferritin', 'iron']",True,13
Compare the phytate levels in millet porridge and maize flour based on the Food Composition Table.,comparison,2,Mistral,False,general,[],False,16
Create a therapeutic diet for type 2 diabetes based on the Food Composition Table.,therapy,2,TinyLlama,True,comparison,"['glucose', 'hba1c']",False,14
Recommend dietary changes for reducing phytate intake in adolescents.,recommendation,3,TinyLlama,False,comparison,[],False,9
How should a patient with kidney stones adjust their diet to improve iron absorption?,therapy,1,TinyLlama,True,general,"['uric_acid', 'calcium', 'oxalate']",True,14
Compare the phytate levels in cassava flour and yam flour based on the Food Composition Table.,comparison,1,Mistral,False,recommendation,[],False,16
Compare the effects of ferrous sulfate and folic acid on calcium absorption.,comparison,3,TinyLlama,True,recommendation,[],False,12
How does vitamin D affect metabolic pathways in the human body?,general,3,TinyLlama,False,comparison,[],False,11
Explain the relationship between the Food Composition Table and dietary assessment.,general,5,Mistral,True,comparison,[],False,11
Explain the relationship between the Food Composition Table and dietary assessment.,general,1,TinyLlama,True,comparison,[],False,11
How does iron affect metabolic pathways in the human body?,general,1,TinyLlama,False,therapy,[],False,10
What is the best way to enhance calcium absorption for athletes?,recommendation,1,TinyLlama,True,comparison,[],False,11
Design a dietary intervention for improving vitamin D status in celiac disease.,therapy,1,TinyLlama,True,general,[],False,12
How do the biochemical impacts of polyphenol differ from protein in pediatric diets?,comparison,2,TinyLlama,False,therapy,[],False,13
How can clinical dietitians use phytate composition data in patient care?,general,4,Mistral,True,recommendation,[],False,11
How do the biochemical impacts of phytate differ from protein in pediatric diets?,comparison,5,Mistral,False,recommendation,[],False,13
How do the biochemical impacts of phytate differ from protein in pediatric diets?,comparison,3,TinyLlama,True,general,[],False,13
How should a patient with kidney stones adjust their diet to improve magnesium absorption?,therapy,4,TinyLlama,False,comparison,"['uric_acid', 'calcium', 'oxalate']",True,14
Propose a therapy combining dietary and supplement interventions for type 2 diabetes.,therapy,1,TinyLlama,True,general,"['glucose', 'hba1c']",False,12
How can clinical dietitians use phytate composition data in patient care?,general,4,Mistral,True,comparison,[],False,11
Design a dietary intervention for improving magnesium status in iron-deficiency anemia.,therapy,5,Mistral,False,comparison,"['ferritin', 'iron']",True,11
Recommend dietary changes for reducing phytate intake in elderly patients.,recommendation,1,Mistral,False,therapy,[],False,10
Outline a clinical nutrition plan for managing osteoporosis with low-phytate foods.,therapy,4,Mistral,True,comparison,"['calcium', 'vitamin_d']",True,11
Compare the phytate levels in lentils and sorghum based on the Food Composition Table.,comparison,1,TinyLlama,False,therapy,[],False,14
How should a patient with kidney stones adjust their diet to improve magnesium absorption?,therapy,3,Mistral,True,recommendation,"['uric_acid', 'calcium', 'oxalate']",True,14
How do the biochemical impacts of polyphenol differ from magnesium in pediatric diets?,comparison,2,Mistral,True,recommendation,[],False,13
What is the role of phytates in human biochemistry?,general,2,TinyLlama,True,therapy,[],False,9
How does magnesium affect metabolic pathways in the human body?,general,3,TinyLlama,False,comparison,[],False,10
Compare the effects of calcium carbonate and ascorbic acid on calcium absorption.,comparison,1,Mistral,False,general,[],False,12
Suggest plant-based alternatives high in zinc for iron-deficiency anemia.,recommendation,5,Mistral,False,therapy,[],False,9
Describe the biochemical mechanisms of zinc absorption.,general,4,Mistral,False,recommendation,[],False,7
How does zinc affect metabolic pathways in the human body?,general,5,Mistral,False,recommendation,[],False,10
Suggest foods from the Food Composition Table rich in vitamin B12 for children under 5.,recommendation,3,TinyLlama,True,general,[],False,15
Outline a clinical nutrition plan for managing celiac disease with low-phytate foods.,therapy,5,Mistral,False,recommendation,[],True,12
What is the role of phytates in human biochemistry?,general,1,Mistral,True,comparison,[],False,9
Compare the phytate levels in wheat bread and maize flour based on the Food Composition Table.,comparison,5,TinyLlama,False,recommendation,[],False,16
What is the role of phytates in human biochemistry?,general,5,TinyLlama,False,therapy,[],False,9
Suggest plant-based alternatives high in iron for chronic kidney disease.,recommendation,4,Mistral,True,therapy,[],False,10
Compare ketogenic vs omnivorous for iron bioavailability in patients with anemia.,comparison,2,Mistral,False,recommendation,[],False,11
Recommend dietary changes for reducing phytate intake in children under 5.,recommendation,4,TinyLlama,False,comparison,[],False,11
How should a patient with celiac disease adjust their diet to improve calcium absorption?,therapy,5,Mistral,True,comparison,[],True,14
Propose a therapy combining dietary and supplement interventions for type 2 diabetes.,therapy,3,TinyLlama,False,comparison,"['glucose', 'hba1c']",False,12
Describe the biochemical mechanisms of vitamin D absorption.,general,1,Mistral,True,recommendation,[],False,8
Suggest plant-based alternatives high in vitamin B12 for osteoporosis.,recommendation,5,Mistral,True,therapy,[],False,9
Create a therapeutic diet for type 2 diabetes based on the Food Composition Table.,therapy,3,Mistral,True,recommendation,"['glucose', 'hba1c']",False,14
Describe the biochemical mechanisms of iron absorption.,general,3,Mistral,True,comparison,[],False,7
Recommend dietary changes for reducing phytate intake in athletes.,recommendation,3,Mistral,True,therapy,[],False,9
How should a patient with kidney stones adjust their diet to improve vitamin D absorption?,therapy,1,Mistral,True,recommendation,"['uric_acid', 'calcium', 'oxalate']",True,15
How should a patient with iron-deficiency anemia adjust their diet to improve iron absorption?,therapy,5,TinyLlama,True,comparison,"['ferritin', 'iron']",True,14
Suggest foods from the Food Composition Table rich in iron for elderly patients.,recommendation,4,TinyLlama,True,general,[],False,13
Which has higher protein digestibility: millet porridge or oats?,comparison,5,TinyLlama,False,recommendation,[],False,9
How can clinical dietitians use phytate composition data in patient care?,general,4,Mistral,False,therapy,[],False,11
Which has higher protein digestibility: brown rice or sorghum?,comparison,5,TinyLlama,False,therapy,[],False,9
How should a patient with iron-deficiency anemia adjust their diet to improve zinc absorption?,therapy,4,Mistral,True,recommendation,"['ferritin', 'iron']",True,14
How does vitamin D affect metabolic pathways in the human body?,general,2,Mistral,False,comparison,[],False,11
Recommend a supplementation strategy for improving iron status in malnutrition.,recommendation,2,TinyLlama,True,general,[],False,10
Compare the effects of magnesium citrate and potassium chloride on calcium absorption.,comparison,4,TinyLlama,True,recommendation,[],False,12
Suggest foods from the Food Composition Table rich in calcium for adolescents.,recommendation,2,TinyLlama,False,comparison,[],False,12
Compare high-fiber vs low-carb for iron bioavailability in patients with anemia.,comparison,2,TinyLlama,False,recommendation,[],False,11
How do the biochemical impacts of fiber differ from magnesium in pediatric diets?,comparison,5,Mistral,False,general,[],False,13
How does iron affect metabolic pathways in the human body?,general,2,TinyLlama,False,recommendation,[],False,10
Design a dietary intervention for improving zinc status in type 2 diabetes.,therapy,4,Mistral,False,recommendation,"['glucose', 'hba1c']",True,12
Propose a therapy combining dietary and supplement interventions for kidney stones.,therapy,5,TinyLlama,False,comparison,"['uric_acid', 'calcium', 'oxalate']",True,11
Suggest plant-based alternatives high in calcium for iron-deficiency anemia.,recommendation,1,TinyLlama,True,general,[],False,9
Describe the biochemical mechanisms of zinc absorption.,general,5,Mistral,False,comparison,[],False,7
Recommend a supplementation strategy for improving zinc status in malnutrition.,recommendation,3,TinyLlama,False,general,[],False,10
Which has higher protein digestibility: millet porridge or sorghum?,comparison,2,TinyLlama,True,therapy,[],False,9
Explain the relationship between the Food Composition Table and dietary assessment.,general,4,TinyLlama,True,comparison,[],False,11
Design a dietary intervention for improving iron status in type 2 diabetes.,therapy,2,Mistral,False,general,"['glucose', 'hba1c']",False,12
How can clinical dietitians use phytate composition data in patient care?,general,3,TinyLlama,False,comparison,[],False,11
How should a patient with kidney stones adjust their diet to improve magnesium absorption?,therapy,4,Mistral,False,comparison,"['uric_acid', 'calcium', 'oxalate']",True,14
Compare the effects of zinc gluconate and fish oil on calcium absorption.,comparison,5,TinyLlama,True,therapy,[],False,12
How does zinc affect metabolic pathways in the human body?,general,5,Mistral,True,comparison,[],False,10
Suggest foods from the Food Composition Table rich in calcium for children under 5.,recommendation,1,TinyLlama,False,general,[],False,14
Outline a clinical nutrition plan for managing osteoporosis with low-phytate foods.,therapy,2,TinyLlama,False,recommendation,"['calcium', 'vitamin_d']",True,11
How do the biochemical impacts of zinc differ from vitamin C in pediatric diets?,comparison,2,TinyLlama,True,general,[],False,14
Create a therapeutic diet for kidney stones based on the Food Composition Table.,therapy,5,TinyLlama,False,general,"['uric_acid', 'calcium', 'oxalate']",True,13
How do the biochemical impacts of fiber differ from protein in pediatric diets?,comparison,5,TinyLlama,False,recommendation,[],False,13
Recommend a supplementation strategy for improving vitamin B12 status in malnutrition.,recommendation,2,Mistral,False,comparison,[],False,11
Recommend dietary changes for reducing phytate intake in pregnant women.,recommendation,4,TinyLlama,True,general,[],False,10
What is the best way to enhance vitamin B12 absorption for adolescents?,recommendation,5,TinyLlama,True,general,[],False,12
How does vitamin D affect metabolic pathways in the human body?,general,1,Mistral,False,therapy,[],False,11
Outline a clinical nutrition plan for managing kidney stones with low-phytate foods.,therapy,4,Mistral,False,comparison,"['uric_acid', 'calcium', 'oxalate']",True,12
Which has higher protein digestibility: wheat bread or maize flour?,comparison,3,TinyLlama,True,therapy,[],False,10
Compare the effects of zinc gluconate and fish oil on calcium absorption.,comparison,1,TinyLlama,False,therapy,[],False,12
Design a dietary intervention for improving vitamin D status in kidney stones.,therapy,3,Mistral,False,general,"['uric_acid', 'calcium', 'oxalate']",True,12
What is the best way to enhance vitamin B12 absorption for adolescents?,recommendation,3,Mistral,False,comparison,[],False,12
Examine the phytate concentrations in brown rice and maize flour based on the Food Composition Table.,comparison,5,Mistral,True,,[],False,16
Assess the phytate concentrations in brown rice and quinoa based on the Food Composition Table.,comparison,5,Mistral,True,,[],False,15
What contains greater protein digestibility: lentils or maize flour?,comparison,2,Mistral,True,,[],False,9
Evaluate the phytate amounts in cassava flour and oats based on the Food Composition Table.,comparison,5,TinyLlama,False,,[],False,15
Assess the phytate concentrations in lentils and maize flour based on the Food Composition Table.,comparison,2,Mistral,True,,[],False,15
How do the biochemical impacts of polyphenol differ from protein in pediatric diets?,comparison,2,Mistral,True,,[],False,13
Contrast the effects of zinc gluconate and folic acid on calcium absorption.,comparison,2,Mistral,True,,[],False,12
How do the biochemical impacts of fiber differ from magnesium in pediatric diets?,comparison,2,Mistral,False,,[],False,13
What possesses greater protein digestibility: wheat bread or maize flour?,comparison,4,Mistral,False,,[],False,10
How do the biochemical impacts of fiber differ from iron in pediatric diets?,comparison,4,TinyLlama,False,,[],False,13
"Out of these, option contains elevated protein digestibility: lentils or yam flour?",comparison,3,Mistral,True,,[],False,12
Examine ketogenic vs omnivorous for iron bioavailability in patients with anemia.,comparison,1,Mistral,True,,[],False,11
How do the biochemical impacts of zinc differ from vitamin C in pediatric diets?,comparison,1,TinyLlama,False,,[],False,14
Contrast vegetarian vs vegan for iron bioavailability in patients with anemia.,comparison,5,TinyLlama,True,,[],False,11
"In your view, which option shows more protein digestibility: lentils or quinoa?",comparison,2,Mistral,False,,[],False,12
Assess Mediterranean vs paleo for iron bioavailability in patients with anemia.,comparison,1,TinyLlama,True,,[],False,11
Evaluate the phytate amounts in brown rice and oats based on the Food Composition Table.,comparison,2,Mistral,False,,[],False,15
How do the biochemical impacts of zinc differ from vitamin C in pediatric diets?,comparison,2,TinyLlama,True,,[],False,14
"Among them, option possesses greater protein digestibility: millet porridge or yam flour?",comparison,3,TinyLlama,True,,[],False,12
How do the biochemical impacts of fiber differ from calcium in pediatric diets?,comparison,2,TinyLlama,False,,[],False,13
Examine the effects of magnesium citrate and fish oil on calcium absorption.,comparison,4,Mistral,True,,[],False,12
"Out of these, option contains more protein digestibility: brown rice or quinoa?",comparison,4,Mistral,True,,[],False,12
How do the biochemical impacts of phytate differ from vitamin C in pediatric diets?,comparison,1,Mistral,True,,[],False,14
Contrast the phytate concentrations in lentils and oats based on the Food Composition Table.,comparison,1,TinyLlama,True,,[],False,14
Assess the effects of zinc gluconate and vitamin K2 on calcium absorption.,comparison,3,TinyLlama,False,,[],False,12
"Out of these, option shows more protein digestibility: wheat bread or maize flour?",comparison,5,TinyLlama,True,,[],False,13
Evaluate the effects of magnesium citrate and potassium chloride on calcium absorption.,comparison,3,TinyLlama,False,,[],False,12
Assess the effects of vitamin D and vitamin K2 on calcium absorption.,comparison,3,TinyLlama,True,,[],False,12
Assess the effects of magnesium citrate and potassium chloride on calcium absorption.,comparison,5,Mistral,False,,[],False,12
Contrast the phytate concentrations in brown rice and yam flour based on the Food Composition Table.,comparison,2,Mistral,False,,[],False,16
Evaluate the effects of zinc gluconate and folic acid on calcium absorption.,comparison,5,TinyLlama,False,,[],False,12
How do the biochemical impacts of polyphenol differ from iron in pediatric diets?,comparison,3,Mistral,True,,[],False,13
How do the biochemical impacts of fiber differ from iron in pediatric diets?,comparison,3,TinyLlama,True,,[],False,13
"In your view, which option possesses elevated protein digestibility: brown rice or yam flour?",comparison,2,TinyLlama,True,,[],False,14
"Out of these, option shows greater protein digestibility: millet porridge or maize flour?",comparison,3,TinyLlama,True,,[],False,13
Assess vegetarian vs omnivorous for iron bioavailability in patients with anemia.,comparison,3,Mistral,True,,[],False,11
"Out of these, option shows elevated protein digestibility: lentils or quinoa?",comparison,2,Mistral,False,,[],False,11
Assess the phytate concentrations in millet porridge and sorghum based on the Food Composition Table.,comparison,3,Mistral,False,,[],False,15
Contrast the effects of ferrous sulfate and potassium chloride on calcium absorption.,comparison,4,TinyLlama,False,,[],False,12
Assess ketogenic vs low-carb for iron bioavailability in patients with anemia.,comparison,2,Mistral,True,,[],False,11
Evaluate the phytate amounts in millet porridge and sorghum based on the Food Composition Table.,comparison,2,TinyLlama,True,,[],False,15
Evaluate the phytate concentrations in wheat bread and yam flour based on the Food Composition Table.,comparison,4,Mistral,False,,[],False,16
How do the biochemical impacts of phytate differ from protein in pediatric diets?,comparison,1,TinyLlama,True,,[],False,13
"Among them, option shows elevated protein digestibility: wheat bread or yam flour?",comparison,5,Mistral,False,,[],False,12
How do the biochemical impacts of polyphenol differ from calcium in pediatric diets?,comparison,3,Mistral,True,,[],False,13
Evaluate high-fiber vs vegan for iron bioavailability in patients with anemia.,comparison,2,Mistral,True,,[],False,11
How do the biochemical impacts of fiber differ from magnesium in pediatric diets?,comparison,2,Mistral,False,,[],False,13
Evaluate the effects of zinc gluconate and fish oil on calcium absorption.,comparison,4,TinyLlama,False,,[],False,12
How do the biochemical impacts of fiber differ from iron in pediatric diets?,comparison,4,TinyLlama,True,,[],False,13
What shows greater protein digestibility: lentils or sorghum?,comparison,1,Mistral,False,,[],False,8
Examine low-phytate vs DASH for iron bioavailability in patients with anemia.,comparison,1,Mistral,True,,[],False,11
Contrast the effects of magnesium citrate and vitamin K2 on calcium absorption.,comparison,1,TinyLlama,True,,[],False,12
How do the biochemical impacts of zinc differ from calcium in pediatric diets?,comparison,5,TinyLlama,True,,[],False,13
Examine high-fiber vs low-carb for iron bioavailability in patients with anemia.,comparison,1,TinyLlama,True,,[],False,11
Examine ketogenic vs omnivorous for iron bioavailability in patients with anemia.,comparison,1,Mistral,True,,[],False,11
What contains greater protein digestibility: cassava flour or oats?,comparison,5,Mistral,False,,[],False,9
"Out of these, option contains more protein digestibility: cassava flour or sorghum?",comparison,2,Mistral,False,,[],False,12
Examine low-phytate vs paleo for iron bioavailability in patients with anemia.,comparison,3,Mistral,False,,[],False,11
Contrast the effects of calcium carbonate and folic acid on calcium absorption.,comparison,2,Mistral,False,,[],False,12
"Out of these, option possesses elevated protein digestibility: brown rice or oats?",comparison,3,Mistral,False,,[],False,12
"In your view, which option shows elevated protein digestibility: lentils or maize flour?",comparison,1,TinyLlama,False,,[],False,13
Examine the phytate amounts in lentils and quinoa based on the Food Composition Table.,comparison,5,Mistral,True,,[],False,14
How do the biochemical impacts of polyphenol differ from calcium in pediatric diets?,comparison,3,TinyLlama,True,,[],False,13
Contrast the effects of zinc gluconate and fish oil on calcium absorption.,comparison,4,Mistral,False,,[],False,12
How do the biochemical impacts of fiber differ from iron in pediatric diets?,comparison,5,TinyLlama,True,,[],False,13
How do the biochemical impacts of phytate differ from calcium in pediatric diets?,comparison,5,TinyLlama,False,,[],False,13
"In your view, which option shows more protein digestibility: cassava flour or maize flour?",comparison,5,TinyLlama,True,,[],False,14
How do the biochemical impacts of oxalate differ from calcium in pediatric diets?,comparison,1,Mistral,False,,[],False,13
Examine the effects of calcium carbonate and ascorbic acid on calcium absorption.,comparison,2,Mistral,True,,[],False,12
"Among them, option shows elevated protein digestibility: brown rice or sorghum?",comparison,2,Mistral,False,,[],False,11
What shows more protein digestibility: brown rice or yam flour?,comparison,4,TinyLlama,True,,[],False,10
"In your view, which option contains greater protein digestibility: millet porridge or sorghum?",comparison,1,Mistral,True,,[],False,13
How do the biochemical impacts of fiber differ from magnesium in pediatric diets?,comparison,1,Mistral,False,,[],False,13
What shows elevated protein digestibility: millet porridge or maize flour?,comparison,4,TinyLlama,False,,[],False,10
Assess the phytate concentrations in millet porridge and maize flour based on the Food Composition Table.,comparison,4,Mistral,True,,[],False,16
How do the biochemical impacts of zinc differ from protein in pediatric diets?,comparison,5,TinyLlama,False,,[],False,13
"Out of these, option shows elevated protein digestibility: cassava flour or oats?",comparison,1,Mistral,True,,[],False,12
How do the biochemical impacts of phytate differ from calcium in pediatric diets?,comparison,4,Mistral,False,,[],False,13
How do the biochemical impacts of oxalate differ from protein in pediatric diets?,comparison,1,Mistral,False,,[],False,13
Contrast ketogenic vs omnivorous for iron bioavailability in patients with anemia.,comparison,2,Mistral,False,,[],False,11
Contrast low-phytate vs DASH for iron bioavailability in patients with anemia.,comparison,5,Mistral,True,,[],False,11
What contains greater protein digestibility: brown rice or maize flour?,comparison,2,Mistral,True,,[],False,10
What shows more protein digestibility: brown rice or sorghum?,comparison,4,Mistral,False,,[],False,9
Evaluate the effects of calcium carbonate and folic acid on calcium absorption.,comparison,1,TinyLlama,True,,[],False,12
Evaluate vegetarian vs low-carb for iron bioavailability in patients with anemia.,comparison,1,TinyLlama,False,,[],False,11
Contrast the phytate amounts in millet porridge and maize flour based on the Food Composition Table.,comparison,5,TinyLlama,True,,[],False,16
How do the biochemical impacts of fiber differ from vitamin C in pediatric diets?,comparison,2,Mistral,False,,[],False,14
"In your view, which option shows elevated protein digestibility: millet porridge or oats?",comparison,3,Mistral,False,,[],False,13
Assess low-phytate vs vegan for iron bioavailability in patients with anemia.,comparison,5,Mistral,False,,[],False,11
Assess high-fiber vs vegan for iron bioavailability in patients with anemia.,comparison,3,TinyLlama,False,,[],False,11
How do the biochemical impacts of polyphenol differ from calcium in pediatric diets?,comparison,1,Mistral,True,,[],False,13
Assess the phytate amounts in millet porridge and maize flour based on the Food Composition Table.,comparison,5,Mistral,True,,[],False,16
Examine low-phytate vs vegan for iron bioavailability in patients with anemia.,comparison,4,Mistral,True,,[],False,11
"In your view, which option contains elevated protein digestibility: brown rice or maize flour?",comparison,4,Mistral,True,,[],False,14
How do the biochemical impacts of zinc differ from vitamin C in pediatric diets?,comparison,4,Mistral,False,,[],False,14
Evaluate the phytate amounts in wheat bread and oats based on the Food Composition Table.,comparison,5,TinyLlama,False,,[],False,15
What contains more protein digestibility: millet porridge or sorghum?,comparison,5,Mistral,False,,[],False,9
Contrast the phytate amounts in millet porridge and quinoa based on the Food Composition Table.,comparison,5,Mistral,True,,[],False,15
What contains more protein digestibility: millet porridge or quinoa?,comparison,1,Mistral,True,,[],False,9
How do the biochemical impacts of phytate differ from vitamin C in pediatric diets?,comparison,3,TinyLlama,True,,[],False,14
Examine Mediterranean vs vegan for iron bioavailability in patients with anemia.,comparison,1,Mistral,True,,[],False,11
Contrast the effects of calcium carbonate and folic acid on calcium absorption.,comparison,1,TinyLlama,False,,[],False,12
What possesses elevated protein digestibility: millet porridge or sorghum?,comparison,1,Mistral,False,,[],False,9
Contrast the phytate amounts in brown rice and yam flour based on the Food Composition Table.,comparison,1,Mistral,True,,[],False,16
Contrast the phytate amounts in wheat bread and maize flour based on the Food Composition Table.,comparison,5,Mistral,False,,[],False,16
Evaluate the effects of calcium carbonate and fish oil on calcium absorption.,comparison,2,Mistral,False,,[],False,12
What possesses greater protein digestibility: cassava flour or yam flour?,comparison,2,Mistral,True,,[],False,10
Examine the phytate amounts in brown rice and oats based on the Food Composition Table.,comparison,5,Mistral,True,,[],False,15
"In your view, which option shows more protein digestibility: millet porridge or yam flour?",comparison,5,TinyLlama,True,,[],False,14
"Among them, option possesses greater protein digestibility: wheat bread or oats?",comparison,2,Mistral,True,,[],False,11
Contrast the effects of zinc gluconate and ascorbic acid on calcium absorption.,comparison,2,TinyLlama,False,,[],False,12
Examine the phytate amounts in wheat bread and oats based on the Food Composition Table.,comparison,3,TinyLlama,False,,[],False,15
Contrast vegetarian vs paleo for iron bioavailability in patients with anemia.,comparison,1,TinyLlama,False,,[],False,11
What contains greater protein digestibility: cassava flour or yam flour?,comparison,1,Mistral,False,,[],False,10
Examine the phytate amounts in millet porridge and sorghum based on the Food Composition Table.,comparison,5,TinyLlama,True,,[],False,15
How do the biochemical impacts of oxalate differ from magnesium in pediatric diets?,comparison,4,Mistral,True,,[],False,13
How do the biochemical impacts of oxalate differ from vitamin C in pediatric diets?,comparison,1,Mistral,True,,[],False,14
What contains greater protein digestibility: brown rice or maize flour?,comparison,1,Mistral,True,,[],False,10
Evaluate vegetarian vs low-carb for iron bioavailability in patients with anemia.,comparison,4,Mistral,True,,[],False,11
What contains greater protein digestibility: millet porridge or maize flour?,comparison,5,TinyLlama,False,,[],False,10
Assess ketogenic vs paleo for iron bioavailability in patients with anemia.,comparison,2,TinyLlama,True,,[],False,11
"In your view, which option possesses more protein digestibility: cassava flour or sorghum?",comparison,2,Mistral,True,,[],False,13
"Out of these, option possesses greater protein digestibility: cassava flour or maize flour?",comparison,3,Mistral,False,,[],False,13
Assess the phytate amounts in brown rice and maize flour based on the Food Composition Table.,comparison,4,Mistral,True,,[],False,16
What contains greater protein digestibility: lentils or quinoa?,comparison,4,TinyLlama,False,,[],False,8
Advise dietary changes for reducing phytate intake in adolescents.,recommendation,2,Mistral,False,,[],False,9
Suggest plant-based alternatives high in vitamin B12 for osteoporosis.,recommendation,3,Mistral,False,,[],False,9
What is the best way to enhance calcium absorption for elderly patients?,recommendation,1,Mistral,True,,[],False,12
Propose a supplementation strategy for improving vitamin B12 status in chronic kidney disease.,recommendation,3,Mistral,True,,[],False,13
Propose a supplementation strategy for improving vitamin B12 status in osteoporosis.,recommendation,3,Mistral,False,,[],False,11
Suggest foods from the Food Composition Table rich in iron for adolescents.,recommendation,5,Mistral,False,,[],False,12
Suggest foods from the Food Composition Table rich in iron for adolescents.,recommendation,5,Mistral,True,,[],False,12
Suggest a supplementation strategy for improving zinc status in osteoporosis.,recommendation,3,Mistral,True,,[],False,10
Suggest foods from the Food Composition Table rich in zinc for children under 5.,recommendation,3,TinyLlama,True,,[],False,14
Suggest a supplementation strategy for improving zinc status in malnutrition.,recommendation,4,TinyLlama,True,,[],False,10
Suggest foods from the Food Composition Table rich in zinc for adolescents.,recommendation,1,Mistral,False,,[],False,12
Suggest foods from the Food Composition Table rich in vitamin B12 for elderly patients.,recommendation,4,TinyLlama,True,,[],False,14
Suggest a supplementation strategy for improving zinc status in stunted growth.,recommendation,5,Mistral,False,,[],False,11
Suggest a supplementation strategy for improving vitamin B12 status in malnutrition.,recommendation,4,TinyLlama,True,,[],False,11
Suggest plant-based alternatives high in calcium for iron-deficiency anemia.,recommendation,4,Mistral,True,,[],False,9
Suggest plant-based alternatives high in calcium for iron-deficiency anemia.,recommendation,2,Mistral,False,,[],False,9
Suggest plant-based alternatives high in magnesium for iron-deficiency anemia.,recommendation,2,Mistral,False,,[],False,9
Propose dietary changes for reducing phytate intake in elderly patients.,recommendation,5,Mistral,True,,[],False,10
What is the best way to enhance calcium absorption for pregnant women?,recommendation,1,Mistral,True,,[],False,12
Advise a supplementation strategy for improving zinc status in iron-deficiency anemia.,recommendation,3,Mistral,True,,[],False,11
What is the best way to enhance vitamin B12 absorption for elderly patients?,recommendation,1,TinyLlama,False,,[],False,13
Suggest foods from the Food Composition Table rich in vitamin B12 for children under 5.,recommendation,5,Mistral,True,,[],False,15
Advise a supplementation strategy for improving calcium status in iron-deficiency anemia.,recommendation,1,TinyLlama,False,,[],False,11
Suggest plant-based alternatives high in iron for iron-deficiency anemia.,recommendation,4,TinyLlama,True,,[],False,9
Suggest foods from the Food Composition Table rich in magnesium for athletes.,recommendation,5,Mistral,True,,[],False,12
Suggest plant-based alternatives high in zinc for iron-deficiency anemia.,recommendation,5,Mistral,True,,[],False,9
Suggest plant-based alternatives high in vitamin B12 for malnutrition.,recommendation,5,TinyLlama,False,,[],False,9
What is the best way to enhance magnesium absorption for pregnant women?,recommendation,3,TinyLlama,False,,[],False,12
Propose dietary changes for reducing phytate intake in athletes.,recommendation,5,Mistral,True,,[],False,9
Propose dietary changes for reducing phytate intake in athletes.,recommendation,2,Mistral,False,,[],False,9
Suggest foods from the Food Composition Table rich in iron for children under 5.,recommendation,1,Mistral,True,,[],False,14
Suggest dietary changes for reducing phytate intake in children under 5.,recommendation,3,Mistral,False,,[],False,11
Suggest a supplementation strategy for improving zinc status in stunted growth.,recommendation,3,TinyLlama,False,,[],False,11
Propose a supplementation strategy for improving calcium status in chronic kidney disease.,recommendation,4,Mistral,False,,[],False,12
Advise a supplementation strategy for improving magnesium status in chronic kidney disease.,recommendation,3,Mistral,True,,[],False,12
What is the best way to enhance magnesium absorption for pregnant women?,recommendation,2,Mistral,False,,[],False,12
Advise dietary changes for reducing phytate intake in pregnant women.,recommendation,3,Mistral,False,,[],False,10
Suggest foods from the Food Composition Table rich in calcium for elderly patients.,recommendation,1,Mistral,False,,[],False,13
Propose a supplementation strategy for improving iron status in chronic kidney disease.,recommendation,3,TinyLlama,True,,[],False,12
Suggest foods from the Food Composition Table rich in magnesium for adolescents.,recommendation,2,TinyLlama,True,,[],False,12
Suggest a supplementation strategy for improving magnesium status in malnutrition.,recommendation,1,TinyLlama,False,,[],False,10
Suggest a supplementation strategy for improving magnesium status in iron-deficiency anemia.,recommendation,5,TinyLlama,False,,[],False,11
What is the best way to enhance calcium absorption for athletes?,recommendation,1,TinyLlama,True,,[],False,11
What is the best way to enhance magnesium absorption for adolescents?,recommendation,1,Mistral,False,,[],False,11
What is the best way to enhance vitamin B12 absorption for children under 5?,recommendation,4,TinyLlama,True,,[],False,14
Suggest foods from the Food Composition Table rich in magnesium for pregnant women.,recommendation,4,TinyLlama,False,,[],False,13
Suggest a supplementation strategy for improving vitamin B12 status in malnutrition.,recommendation,3,Mistral,True,,[],False,11
Suggest foods from the Food Composition Table rich in vitamin B12 for athletes.,recommendation,1,TinyLlama,True,,[],False,13
Suggest foods from the Food Composition Table rich in iron for elderly patients.,recommendation,5,Mistral,False,,[],False,13
Suggest plant-based alternatives high in vitamin B12 for iron-deficiency anemia.,recommendation,1,Mistral,False,,[],False,10
What is the best way to enhance magnesium absorption for adolescents?,recommendation,5,TinyLlama,True,,[],False,11
Advise a supplementation strategy for improving magnesium status in chronic kidney disease.,recommendation,5,Mistral,True,,[],False,12
Suggest plant-based alternatives high in zinc for osteoporosis.,recommendation,4,TinyLlama,True,,[],False,8
Suggest plant-based alternatives high in calcium for osteoporosis.,recommendation,2,Mistral,True,,[],False,8
Suggest a supplementation strategy for improving calcium status in iron-deficiency anemia.,recommendation,3,TinyLlama,False,,[],False,11
Suggest foods from the Food Composition Table rich in vitamin B12 for athletes.,recommendation,1,TinyLlama,True,,[],False,13
Suggest foods from the Food Composition Table rich in vitamin B12 for adolescents.,recommendation,5,TinyLlama,True,,[],False,13
Suggest dietary changes for reducing phytate intake in pregnant women.,recommendation,2,Mistral,True,,[],False,10
What is the best way to enhance calcium absorption for adolescents?,recommendation,4,TinyLlama,False,,[],False,11
Advise a supplementation strategy for improving iron status in iron-deficiency anemia.,recommendation,2,Mistral,False,,[],False,11
What is the best way to enhance zinc absorption for elderly patients?,recommendation,5,TinyLlama,False,,[],False,12
Advise a supplementation strategy for improving magnesium status in osteoporosis.,recommendation,3,TinyLlama,False,,[],False,10
Suggest foods from the Food Composition Table rich in iron for elderly patients.,recommendation,4,TinyLlama,True,,[],False,13
Suggest dietary changes for reducing phytate intake in pregnant women.,recommendation,5,Mistral,True,,[],False,10
Suggest foods from the Food Composition Table rich in vitamin B12 for athletes.,recommendation,2,TinyLlama,False,,[],False,13
Suggest plant-based alternatives high in magnesium for stunted growth.,recommendation,4,TinyLlama,True,,[],False,9
What is the best way to enhance magnesium absorption for adolescents?,recommendation,2,Mistral,True,,[],False,11
Propose dietary changes for reducing phytate intake in athletes.,recommendation,4,Mistral,True,,[],False,9
Advise dietary changes for reducing phytate intake in elderly patients.,recommendation,3,Mistral,False,,[],False,10
Suggest dietary changes for reducing phytate intake in elderly patients.,recommendation,5,TinyLlama,False,,[],False,10
Suggest plant-based alternatives high in iron for chronic kidney disease.,recommendation,5,Mistral,False,,[],False,10
Suggest plant-based alternatives high in iron for osteoporosis.,recommendation,1,Mistral,False,,[],False,8
Advise a supplementation strategy for improving calcium status in osteoporosis.,recommendation,2,Mistral,True,,[],False,10
Propose dietary changes for reducing phytate intake in pregnant women.,recommendation,4,Mistral,True,,[],False,10
Suggest plant-based alternatives high in zinc for stunted growth.,recommendation,5,Mistral,True,,[],False,9
What is the best way to enhance calcium absorption for adolescents?,recommendation,3,Mistral,False,,[],False,11
What is the best way to enhance calcium absorption for pregnant women?,recommendation,1,Mistral,False,,[],False,12
Suggest dietary changes for reducing phytate intake in adolescents.,recommendation,5,TinyLlama,True,,[],False,9
Suggest plant-based alternatives high in zinc for malnutrition.,recommendation,5,Mistral,True,,[],False,8
Suggest foods from the Food Composition Table rich in vitamin B12 for pregnant women.,recommendation,2,TinyLlama,False,,[],False,14
Advise a supplementation strategy for improving zinc status in chronic kidney disease.,recommendation,2,Mistral,False,,[],False,12
Suggest dietary changes for reducing phytate intake in children under 5.,recommendation,5,Mistral,False,,[],False,11
Suggest plant-based alternatives high in calcium for osteoporosis.,recommendation,4,Mistral,False,,[],False,8
Suggest a supplementation strategy for improving magnesium status in osteoporosis.,recommendation,2,Mistral,False,,[],False,10
Suggest foods from the Food Composition Table rich in calcium for athletes.,recommendation,4,Mistral,False,,[],False,12
Suggest a supplementation strategy for improving calcium status in stunted growth.,recommendation,1,Mistral,False,,[],False,11
Suggest a supplementation strategy for improving calcium status in iron-deficiency anemia.,recommendation,3,TinyLlama,False,,[],False,11
What is the best way to enhance magnesium absorption for athletes?,recommendation,2,Mistral,False,,[],False,11
Suggest foods from the Food Composition Table rich in vitamin B12 for pregnant women.,recommendation,2,TinyLlama,True,,[],False,14
Suggest plant-based alternatives high in zinc for iron-deficiency anemia.,recommendation,1,Mistral,False,,[],False,9
What is the best way to enhance zinc absorption for pregnant women?,recommendation,5,TinyLlama,False,,[],False,12
What is the best way to enhance zinc absorption for elderly patients?,recommendation,3,Mistral,True,,[],False,12
Propose dietary changes for reducing phytate intake in adolescents.,recommendation,1,TinyLlama,False,,[],False,9
Suggest foods from the Food Composition Table rich in magnesium for pregnant women.,recommendation,2,Mistral,True,,[],False,13
Advise dietary changes for reducing phytate intake in athletes.,recommendation,1,Mistral,False,,[],False,9
What is the best way to enhance vitamin B12 absorption for adolescents?,recommendation,2,Mistral,False,,[],False,12
Suggest foods from the Food Composition Table rich in calcium for pregnant women.,recommendation,4,Mistral,True,,[],False,13
Suggest dietary changes for reducing phytate intake in athletes.,recommendation,2,TinyLlama,False,,[],False,9
What is the best way to enhance calcium absorption for adolescents?,recommendation,4,TinyLlama,True,,[],False,11
Suggest foods from the Food Composition Table rich in calcium for elderly patients.,recommendation,1,Mistral,False,,[],False,13
Suggest foods from the Food Composition Table rich in calcium for elderly patients.,recommendation,3,TinyLlama,False,,[],False,13
Propose a supplementation strategy for improving iron status in iron-deficiency anemia.,recommendation,4,Mistral,True,,[],False,11
What is the best way to enhance calcium absorption for adolescents?,recommendation,3,Mistral,True,,[],False,11
Suggest foods from the Food Composition Table rich in magnesium for children under 5.,recommendation,4,Mistral,False,,[],False,14
Suggest plant-based alternatives high in vitamin B12 for osteoporosis.,recommendation,2,TinyLlama,False,,[],False,9
Suggest plant-based alternatives high in iron for malnutrition.,recommendation,1,TinyLlama,True,,[],False,8
Suggest plant-based alternatives high in zinc for osteoporosis.,recommendation,3,Mistral,True,,[],False,8
Suggest foods from the Food Composition Table rich in magnesium for adolescents.,recommendation,5,Mistral,True,,[],False,12
What is the best way to enhance vitamin B12 absorption for children under 5?,recommendation,4,TinyLlama,False,,[],False,14
Advise a supplementation strategy for improving magnesium status in stunted growth.,recommendation,1,TinyLlama,True,,[],False,11
Suggest dietary changes for reducing phytate intake in elderly patients.,recommendation,5,TinyLlama,True,,[],False,10
What is the best way to enhance calcium absorption for pregnant women?,recommendation,2,TinyLlama,False,,[],False,12
Suggest a supplementation strategy for improving magnesium status in chronic kidney disease.,recommendation,4,TinyLlama,True,,[],False,12
Advise a supplementation strategy for improving zinc status in malnutrition.,recommendation,4,TinyLlama,True,,[],False,10
Propose dietary changes for reducing phytate intake in pregnant women.,recommendation,5,Mistral,False,,[],False,10
Suggest foods from the Food Composition Table rich in magnesium for children under 5.,recommendation,2,Mistral,True,,[],False,14
Suggest dietary changes for reducing phytate intake in pregnant women.,recommendation,1,TinyLlama,True,,[],False,10
Suggest dietary changes for reducing phytate intake in pregnant women.,recommendation,4,TinyLlama,True,,[],False,10
Advise dietary changes for reducing phytate intake in elderly patients.,recommendation,5,TinyLlama,True,,[],False,10
Suggest foods from the Food Composition Table rich in calcium for adolescents.,recommendation,5,Mistral,False,,[],False,12
Suggest foods from the Food Composition Table rich in zinc for athletes.,recommendation,2,Mistral,False,,[],False,12
Advise a supplementation strategy for improving vitamin B12 status in malnutrition.,recommendation,2,Mistral,False,,[],False,11
Propose dietary changes for reducing phytate intake in athletes.,recommendation,3,Mistral,False,,[],False,9
Suggest foods from the Food Composition Table rich in magnesium for athletes.,recommendation,5,Mistral,True,,[],False,12
Suggest foods from the Food Composition Table rich in zinc for athletes.,recommendation,1,Mistral,False,,[],False,12
How should a patient with kidney stones adjust their nutritional plan to improve calcium absorption?,therapy,4,TinyLlama,False,,"['uric_acid', 'calcium', 'oxalate']",True,15
Create a therapeutic nutritional plan for celiac disease based on the Food Composition Table.,therapy,4,Mistral,True,,[],True,14
How should a patient with type 2 diabetes adjust their meal plan to improve iron absorption?,therapy,3,Mistral,True,,"['glucose', 'hba1c']",False,16
Outline a clinical nutrition plan for managing type 2 diabetes with low-phytate foods.,therapy,5,TinyLlama,False,,"['glucose', 'hba1c']",True,13
Create a therapeutic meal plan for celiac disease based on the Food Composition Table.,therapy,1,TinyLlama,True,,[],False,14
Outline a clinical nutrition plan for managing osteoporosis with low-phytate foods.,therapy,5,TinyLlama,False,,"['calcium', 'vitamin_d']",True,11
Create a therapeutic meal plan for kidney stones based on the Food Composition Table.,therapy,3,Mistral,False,,"['uric_acid', 'calcium', 'oxalate']",True,14
How should a patient with celiac disease adjust their meal plan to improve zinc absorption?,therapy,3,Mistral,False,,[],False,15
Propose a therapy combining dietary and supplement interventions for iron-deficiency anemia.,therapy,3,TinyLlama,False,,"['ferritin', 'iron']",True,11
Design a dietary intervention for improving iron status in osteoporosis.,therapy,5,TinyLlama,True,,"['calcium', 'vitamin_d']",True,10
Outline a clinical nutrition plan for managing celiac disease with low-phytate foods.,therapy,5,Mistral,False,,[],True,12
Create a therapeutic nutritional plan for type 2 diabetes based on the Food Composition Table.,therapy,2,Mistral,True,,"['glucose', 'hba1c']",False,15
Propose a therapy combining dietary and supplement interventions for kidney stones.,therapy,3,Mistral,False,,"['uric_acid', 'calcium', 'oxalate']",True,11
Propose a therapy combining dietary and supplement interventions for type 2 diabetes.,therapy,2,TinyLlama,False,,"['glucose', 'hba1c']",False,12
Create a therapeutic nutritional plan for kidney stones based on the Food Composition Table.,therapy,5,TinyLlama,True,,"['uric_acid', 'calcium', 'oxalate']",True,14
Outline a clinical nutrition plan for managing iron-deficiency anemia with low-phytate foods.,therapy,2,TinyLlama,True,,"['ferritin', 'iron']",True,12
Create a therapeutic meal plan for iron-deficiency anemia based on the Food Composition Table.,therapy,5,Mistral,False,,"['ferritin', 'iron']",True,14
Outline a clinical nutrition plan for managing kidney stones with low-phytate foods.,therapy,4,Mistral,True,,"['uric_acid', 'calcium', 'oxalate']",True,12
Outline a clinical nutrition plan for managing kidney stones with low-phytate foods.,therapy,4,TinyLlama,True,,"['uric_acid', 'calcium', 'oxalate']",True,12
How should a patient with celiac disease adjust their meal plan to improve magnesium absorption?,therapy,3,TinyLlama,False,,[],False,15
Create a therapeutic nutritional plan for iron-deficiency anemia based on the Food Composition Table.,therapy,5,TinyLlama,True,,"['ferritin', 'iron']",True,14
Create a therapeutic meal plan for kidney stones based on the Food Composition Table.,therapy,3,Mistral,False,,"['uric_acid', 'calcium', 'oxalate']",True,14
Propose a therapy combining dietary and supplement interventions for iron-deficiency anemia.,therapy,4,Mistral,True,,"['ferritin', 'iron']",True,11
Create a therapeutic meal plan for celiac disease based on the Food Composition Table.,therapy,1,TinyLlama,False,,[],False,14
Propose a therapy combining dietary and supplement interventions for osteoporosis.,therapy,4,TinyLlama,True,,"['calcium', 'vitamin_d']",True,10
Create a therapeutic nutritional plan for iron-deficiency anemia based on the Food Composition Table.,therapy,4,Mistral,True,,"['ferritin', 'iron']",True,14
How should a patient with iron-deficiency anemia adjust their nutritional plan to improve calcium absorption?,therapy,2,Mistral,False,,"['ferritin', 'iron']",True,15
Outline a clinical nutrition plan for managing iron-deficiency anemia with low-phytate foods.,therapy,5,TinyLlama,True,,"['ferritin', 'iron']",True,12
Design a dietary intervention for improving calcium status in iron-deficiency anemia.,therapy,5,TinyLlama,False,,"['ferritin', 'iron']",True,11
Outline a clinical nutrition plan for managing celiac disease with low-phytate foods.,therapy,5,TinyLlama,False,,[],True,12
How should a patient with celiac disease adjust their meal plan to improve vitamin D absorption?,therapy,2,TinyLlama,False,,[],False,16
Outline a clinical nutrition plan for managing iron-deficiency anemia with low-phytate foods.,therapy,2,TinyLlama,False,,"['ferritin', 'iron']",True,12
How should a patient with kidney stones adjust their meal plan to improve magnesium absorption?,therapy,4,Mistral,True,,"['uric_acid', 'calcium', 'oxalate']",True,15
Design a dietary intervention for improving vitamin D status in osteoporosis.,therapy,2,Mistral,False,,"['calcium', 'vitamin_d']",True,11
Propose a therapy combining dietary and supplement interventions for type 2 diabetes.,therapy,4,TinyLlama,False,,"['glucose', 'hba1c']",True,12
Create a therapeutic meal plan for iron-deficiency anemia based on the Food Composition Table.,therapy,3,TinyLlama,False,,"['ferritin', 'iron']",True,14
Create a therapeutic meal plan for osteoporosis based on the Food Composition Table.,therapy,3,TinyLlama,True,,"['calcium', 'vitamin_d']",True,13
Outline a clinical nutrition plan for managing celiac disease with low-phytate foods.,therapy,3,Mistral,True,,[],False,12
Create a therapeutic nutritional plan for iron-deficiency anemia based on the Food Composition Table.,therapy,4,Mistral,False,,"['ferritin', 'iron']",True,14
Outline a clinical nutrition plan for managing iron-deficiency anemia with low-phytate foods.,therapy,3,TinyLlama,False,,"['ferritin', 'iron']",True,12
Propose a therapy combining dietary and supplement interventions for iron-deficiency anemia.,therapy,4,Mistral,True,,"['ferritin', 'iron']",True,11
How should a patient with type 2 diabetes adjust their meal plan to improve magnesium absorption?,therapy,5,TinyLlama,False,,"['glucose', 'hba1c']",True,16
Create a therapeutic meal plan for type 2 diabetes based on the Food Composition Table.,therapy,3,Mistral,False,,"['glucose', 'hba1c']",False,15
Create a therapeutic nutritional plan for iron-deficiency anemia based on the Food Composition Table.,therapy,4,Mistral,False,,"['ferritin', 'iron']",True,14
Design a dietary intervention for improving iron status in osteoporosis.,therapy,3,Mistral,True,,"['calcium', 'vitamin_d']",True,10
Propose a therapy combining dietary and supplement interventions for kidney stones.,therapy,2,Mistral,True,,"['uric_acid', 'calcium', 'oxalate']",True,11
Create a therapeutic nutritional plan for celiac disease based on the Food Composition Table.,therapy,4,Mistral,False,,[],True,14
Design a dietary intervention for improving zinc status in osteoporosis.,therapy,4,TinyLlama,False,,"['calcium', 'vitamin_d']",True,10
Design a dietary intervention for improving calcium status in kidney stones.,therapy,4,Mistral,True,,"['uric_acid', 'calcium', 'oxalate']",True,11
Propose a therapy combining dietary and supplement interventions for celiac disease.,therapy,4,TinyLlama,False,,[],True,11
Propose a therapy combining dietary and supplement interventions for celiac disease.,therapy,3,TinyLlama,True,,[],False,11
How should a patient with kidney stones adjust their meal plan to improve calcium absorption?,therapy,5,TinyLlama,False,,"['uric_acid', 'calcium', 'oxalate']",True,15
Create a therapeutic meal plan for osteoporosis based on the Food Composition Table.,therapy,1,Mistral,False,,"['calcium', 'vitamin_d']",True,13
Create a therapeutic nutritional plan for celiac disease based on the Food Composition Table.,therapy,3,TinyLlama,False,,[],False,14
Propose a therapy combining dietary and supplement interventions for iron-deficiency anemia.,therapy,5,Mistral,False,,"['ferritin', 'iron']",True,11
How should a patient with kidney stones adjust their nutritional plan to improve vitamin D absorption?,therapy,5,TinyLlama,False,,"['uric_acid', 'calcium', 'oxalate']",True,16
How should a patient with kidney stones adjust their meal plan to improve iron absorption?,therapy,1,TinyLlama,False,,"['uric_acid', 'calcium', 'oxalate']",True,15
Create a therapeutic nutritional plan for kidney stones based on the Food Composition Table.,therapy,5,Mistral,False,,"['uric_acid', 'calcium', 'oxalate']",True,14
Propose a therapy combining dietary and supplement interventions for iron-deficiency anemia.,therapy,1,Mistral,True,,"['ferritin', 'iron']",True,11
How should a patient with kidney stones adjust their meal plan to improve magnesium absorption?,therapy,5,TinyLlama,False,,"['uric_acid', 'calcium', 'oxalate']",True,15
Design a dietary intervention for improving vitamin D status in osteoporosis.,therapy,5,TinyLlama,False,,"['calcium', 'vitamin_d']",True,11
Outline a clinical nutrition plan for managing osteoporosis with low-phytate foods.,therapy,3,Mistral,True,,"['calcium', 'vitamin_d']",True,11
Outline a clinical nutrition plan for managing type 2 diabetes with low-phytate foods.,therapy,3,Mistral,False,,"['glucose', 'hba1c']",False,13
Create a therapeutic meal plan for kidney stones based on the Food Composition Table.,therapy,3,Mistral,True,,"['uric_acid', 'calcium', 'oxalate']",True,14
Propose a therapy combining dietary and supplement interventions for osteoporosis.,therapy,1,Mistral,True,,"['calcium', 'vitamin_d']",True,10
Outline a clinical nutrition plan for managing iron-deficiency anemia with low-phytate foods.,therapy,1,TinyLlama,True,,"['ferritin', 'iron']",True,12
How should a patient with type 2 diabetes adjust their nutritional plan to improve magnesium absorption?,therapy,2,Mistral,False,,"['glucose', 'hba1c']",False,16
Propose a therapy combining dietary and supplement interventions for type 2 diabetes.,therapy,2,TinyLlama,False,,"['glucose', 'hba1c']",False,12
Propose a therapy combining dietary and supplement interventions for iron-deficiency anemia.,therapy,2,Mistral,False,,"['ferritin', 'iron']",True,11
Propose a therapy combining dietary and supplement interventions for iron-deficiency anemia.,therapy,2,Mistral,True,,"['ferritin', 'iron']",True,11
How should a patient with iron-deficiency anemia adjust their meal plan to improve magnesium absorption?,therapy,2,Mistral,False,,"['ferritin', 'iron']",True,15
Create a therapeutic nutritional plan for osteoporosis based on the Food Composition Table.,therapy,3,Mistral,False,,"['calcium', 'vitamin_d']",True,13
How should a patient with osteoporosis adjust their nutritional plan to improve magnesium absorption?,therapy,4,TinyLlama,False,,"['calcium', 'vitamin_d']",True,14
Design a dietary intervention for improving magnesium status in osteoporosis.,therapy,2,Mistral,True,,"['calcium', 'vitamin_d']",True,10
Create a therapeutic nutritional plan for celiac disease based on the Food Composition Table.,therapy,2,Mistral,True,,[],False,14
Create a therapeutic meal plan for celiac disease based on the Food Composition Table.,therapy,5,Mistral,False,,[],True,14
How should a patient with type 2 diabetes adjust their nutritional plan to improve magnesium absorption?,therapy,4,Mistral,True,,"['glucose', 'hba1c']",True,16
Propose a therapy combining dietary and supplement interventions for kidney stones.,therapy,5,TinyLlama,False,,"['uric_acid', 'calcium', 'oxalate']",True,11
Design a dietary intervention for improving calcium status in type 2 diabetes.,therapy,3,Mistral,True,,"['glucose', 'hba1c']",False,12
Design a dietary intervention for improving vitamin D status in iron-deficiency anemia.,therapy,2,TinyLlama,False,,"['ferritin', 'iron']",True,12
How should a patient with kidney stones adjust their nutritional plan to improve vitamin D absorption?,therapy,4,Mistral,False,,"['uric_acid', 'calcium', 'oxalate']",True,16
Propose a therapy combining dietary and supplement interventions for osteoporosis.,therapy,1,TinyLlama,True,,"['calcium', 'vitamin_d']",True,10
Design a dietary intervention for improving zinc status in iron-deficiency anemia.,therapy,2,Mistral,True,,"['ferritin', 'iron']",True,11
Propose a therapy combining dietary and supplement interventions for kidney stones.,therapy,5,TinyLlama,True,,"['uric_acid', 'calcium', 'oxalate']",True,11
Design a dietary intervention for improving zinc status in kidney stones.,therapy,5,TinyLlama,False,,"['uric_acid', 'calcium', 'oxalate']",True,11
How should a patient with type 2 diabetes adjust their meal plan to improve vitamin D absorption?,therapy,1,TinyLlama,False,,"['glucose', 'hba1c']",False,17
Outline a clinical nutrition plan for managing osteoporosis with low-phytate foods.,therapy,3,TinyLlama,False,,"['calcium', 'vitamin_d']",True,11
Outline a clinical nutrition plan for managing type 2 diabetes with low-phytate foods.,therapy,5,Mistral,False,,"['glucose', 'hba1c']",True,13
Create a therapeutic meal plan for kidney stones based on the Food Composition Table.,therapy,2,TinyLlama,True,,"['uric_acid', 'calcium', 'oxalate']",True,14
How should a patient with celiac disease adjust their meal plan to improve magnesium absorption?,therapy,3,TinyLlama,False,,[],False,15
Design a dietary intervention for improving magnesium status in celiac disease.,therapy,3,TinyLlama,True,,[],False,11
Propose a therapy combining dietary and supplement interventions for iron-deficiency anemia.,therapy,2,TinyLlama,True,,"['ferritin', 'iron']",True,11
Create a therapeutic meal plan for celiac disease based on the Food Composition Table.,therapy,4,Mistral,True,,[],True,14
How should a patient with celiac disease adjust their meal plan to improve vitamin D absorption?,therapy,4,Mistral,True,,[],True,16
Outline a clinical nutrition plan for managing osteoporosis with low-phytate foods.,therapy,3,Mistral,False,,"['calcium', 'vitamin_d']",True,11
Propose a therapy combining dietary and supplement interventions for celiac disease.,therapy,1,TinyLlama,False,,[],False,11
Design a dietary intervention for improving magnesium status in iron-deficiency anemia.,therapy,4,TinyLlama,False,,"['ferritin', 'iron']",True,11
Create a therapeutic nutritional plan for osteoporosis based on the Food Composition Table.,therapy,3,Mistral,False,,"['calcium', 'vitamin_d']",True,13
How should a patient with kidney stones adjust their meal plan to improve calcium absorption?,therapy,5,Mistral,False,,"['uric_acid', 'calcium', 'oxalate']",True,15
Outline a clinical nutrition plan for managing iron-deficiency anemia with low-phytate foods.,therapy,4,TinyLlama,True,,"['ferritin', 'iron']",True,12
Create a therapeutic nutritional plan for osteoporosis based on the Food Composition Table.,therapy,1,Mistral,True,,"['calcium', 'vitamin_d']",True,13
Create a therapeutic nutritional plan for celiac disease based on the Food Composition Table.,therapy,3,TinyLlama,False,,[],False,14
Design a dietary intervention for improving zinc status in iron-deficiency anemia.,therapy,2,TinyLlama,False,,"['ferritin', 'iron']",True,11
Design a dietary intervention for improving vitamin D status in type 2 diabetes.,therapy,1,TinyLlama,True,,"['glucose', 'hba1c']",False,13
Create a therapeutic meal plan for osteoporosis based on the Food Composition Table.,therapy,2,TinyLlama,False,,"['calcium', 'vitamin_d']",True,13
Outline a clinical nutrition plan for managing iron-deficiency anemia with low-phytate foods.,therapy,1,Mistral,True,,"['ferritin', 'iron']",True,12
Propose a therapy combining dietary and supplement interventions for iron-deficiency anemia.,therapy,4,TinyLlama,True,,"['ferritin', 'iron']",True,11
Outline a clinical nutrition plan for managing celiac disease with low-phytate foods.,therapy,3,TinyLlama,False,,[],False,12
Create a therapeutic nutritional plan for type 2 diabetes based on the Food Composition Table.,therapy,5,TinyLlama,True,,"['glucose', 'hba1c']",True,15
Propose a therapy combining dietary and supplement interventions for celiac disease.,therapy,2,Mistral,False,,[],False,11
Create a therapeutic nutritional plan for iron-deficiency anemia based on the Food Composition Table.,therapy,2,TinyLlama,False,,"['ferritin', 'iron']",True,14
Design a dietary intervention for improving zinc status in osteoporosis.,therapy,2,TinyLlama,False,,"['calcium', 'vitamin_d']",True,10
Outline a clinical nutrition plan for managing type 2 diabetes with low-phytate foods.,therapy,5,Mistral,True,,"['glucose', 'hba1c']",True,13
Design a dietary intervention for improving magnesium status in type 2 diabetes.,therapy,5,TinyLlama,False,,"['glucose', 'hba1c']",True,12
Design a dietary intervention for improving calcium status in iron-deficiency anemia.,therapy,4,Mistral,True,,"['ferritin', 'iron']",True,11
Create a therapeutic meal plan for osteoporosis based on the Food Composition Table.,therapy,1,TinyLlama,False,,"['calcium', 'vitamin_d']",True,13
Design a dietary intervention for improving vitamin D status in type 2 diabetes.,therapy,5,Mistral,False,,"['glucose', 'hba1c']",True,13
How should a patient with type 2 diabetes adjust their nutritional plan to improve vitamin D absorption?,therapy,1,TinyLlama,True,,"['glucose', 'hba1c']",False,17
Outline a clinical nutrition plan for managing celiac disease with low-phytate foods.,therapy,1,TinyLlama,False,,[],False,12
How should a patient with celiac disease adjust their nutritional plan to improve magnesium absorption?,therapy,4,Mistral,False,,[],True,15
Outline a clinical nutrition plan for managing kidney stones with low-phytate foods.,therapy,5,TinyLlama,False,,"['uric_acid', 'calcium', 'oxalate']",True,12
Outline a clinical nutrition plan for managing celiac disease with low-phytate foods.,therapy,5,TinyLlama,True,,[],True,12
How should a patient with celiac disease adjust their meal plan to improve vitamin D absorption?,therapy,5,TinyLlama,False,,[],True,16
Propose a therapy combining dietary and supplement interventions for type 2 diabetes.,therapy,2,TinyLlama,False,,"['glucose', 'hba1c']",False,12
Outline a clinical nutrition plan for managing osteoporosis with low-phytate foods.,therapy,5,TinyLlama,False,,"['calcium', 'vitamin_d']",True,11
How does iron affect metabolic pathways in the human body?,general,1,TinyLlama,True,,[],False,10
How does magnesium affect metabolic pathways in the human body?,general,3,Mistral,True,,[],False,10
Explain the relationship between the Food Composition Table and dietary assessment.,general,3,TinyLlama,True,,[],False,11
Explain the relationship between the Food Composition Table and dietary assessment.,general,3,TinyLlama,False,,[],False,11
Describe the biochemical mechanisms of iron absorption.,general,4,Mistral,False,,[],False,7
What is the role of phytates in human biochemistry?,general,5,TinyLlama,False,,[],False,9
How does calcium affect metabolic pathways in the human body?,general,1,TinyLlama,True,,[],False,10
Describe the biochemical mechanisms of iron absorption.,general,1,TinyLlama,True,,[],False,7
What is the role of phytates in human biochemistry?,general,3,Mistral,True,,[],False,9
How does iron affect metabolic pathways in the human body?,general,5,Mistral,True,,[],False,10
Explain the relationship between the Food Composition Table and dietary assessment.,general,4,Mistral,False,,[],False,11
What is the role of phytates in human biochemistry?,general,3,TinyLlama,True,,[],False,9
How does zinc affect metabolic pathways in the human body?,general,5,TinyLlama,False,,[],False,10
What is the role of phytates in human biochemistry?,general,3,Mistral,False,,[],False,9
What is the role of phytates in human biochemistry?,general,4,TinyLlama,False,,[],False,9
How does calcium affect metabolic pathways in the human body?,general,5,Mistral,True,,[],False,10
How can clinical dietitians use phytate composition data in patient care?,general,5,Mistral,True,,[],False,11
Describe the biochemical mechanisms of zinc absorption.,general,2,TinyLlama,False,,[],False,7
What is the role of phytates in human biochemistry?,general,5,Mistral,True,,[],False,9
Explain the relationship between the Food Composition Table and dietary assessment.,general,4,Mistral,True,,[],False,11
How does vitamin D affect metabolic pathways in the human body?,general,2,Mistral,False,,[],False,11
What is the role of phytates in human biochemistry?,general,3,TinyLlama,True,,[],False,9
How does vitamin D affect metabolic pathways in the human body?,general,4,Mistral,False,,[],False,11
What is the role of phytates in human biochemistry?,general,1,TinyLlama,False,,[],False,9
What is the role of phytates in human biochemistry?,general,5,TinyLlama,False,,[],False,9
How does zinc affect metabolic pathways in the human body?,general,3,Mistral,False,,[],False,10
How can clinical dietitians use phytate composition data in patient care?,general,3,Mistral,False,,[],False,11
How does iron affect metabolic pathways in the human body?,general,2,TinyLlama,True,,[],False,10
How does iron affect metabolic pathways in the human body?,general,2,Mistral,False,,[],False,10
Explain the relationship between the Food Composition Table and dietary assessment.,general,1,Mistral,True,,[],False,11
How can clinical dietitians use phytate composition data in patient care?,general,4,Mistral,True,,[],False,11
What is the role of phytates in human biochemistry?,general,3,TinyLlama,True,,[],False,9
Explain the relationship between the Food Composition Table and dietary assessment.,general,1,TinyLlama,False,,[],False,11
How can clinical dietitians use phytate composition data in patient care?,general,1,Mistral,False,,[],False,11
How does iron affect metabolic pathways in the human body?,general,4,Mistral,True,,[],False,10
What is the role of phytates in human biochemistry?,general,1,TinyLlama,True,,[],False,9
What is the role of phytates in human biochemistry?,general,2,TinyLlama,True,,[],False,9
How can clinical dietitians use phytate composition data in patient care?,general,1,Mistral,True,,[],False,11
What is the role of phytates in human biochemistry?,general,2,Mistral,True,,[],False,9
What is the role of phytates in human biochemistry?,general,1,TinyLlama,False,,[],False,9
What is the role of phytates in human biochemistry?,general,5,Mistral,False,,[],False,9
How can clinical dietitians use phytate composition data in patient care?,general,4,Mistral,True,,[],False,11
Explain the relationship between the Food Composition Table and dietary assessment.,general,2,Mistral,False,,[],False,11
How can clinical dietitians use phytate composition data in patient care?,general,1,TinyLlama,False,,[],False,11
How can clinical dietitians use phytate composition data in patient care?,general,5,Mistral,True,,[],False,11
What is the role of phytates in human biochemistry?,general,4,TinyLlama,False,,[],False,9
How does vitamin D affect metabolic pathways in the human body?,general,2,TinyLlama,False,,[],False,11
Explain the relationship between the Food Composition Table and dietary assessment.,general,5,Mistral,False,,[],False,11
Describe the biochemical mechanisms of vitamin D absorption.,general,3,Mistral,False,,[],False,8
How does iron affect metabolic pathways in the human body?,general,3,TinyLlama,True,,[],False,10
Explain the relationship between the Food Composition Table and dietary assessment.,general,4,Mistral,True,,[],False,11
How does iron affect metabolic pathways in the human body?,general,2,TinyLlama,False,,[],False,10
Describe the biochemical mechanisms of iron absorption.,general,2,Mistral,False,,[],False,7
How does zinc affect metabolic pathways in the human body?,general,2,Mistral,False,,[],False,10
Describe the biochemical mechanisms of iron absorption.,general,3,TinyLlama,True,,[],False,7
How can clinical dietitians use phytate composition data in patient care?,general,3,TinyLlama,False,,[],False,11
What is the role of phytates in human biochemistry?,general,1,TinyLlama,True,,[],False,9
What is the role of phytates in human biochemistry?,general,4,TinyLlama,False,,[],False,9
Describe the biochemical mechanisms of zinc absorption.,general,2,Mistral,True,,[],False,7
Explain the relationship between the Food Composition Table and dietary assessment.,general,1,TinyLlama,True,,[],False,11
What is the role of phytates in human biochemistry?,general,3,TinyLlama,False,,[],False,9
How can clinical dietitians use phytate composition data in patient care?,general,1,Mistral,False,,[],False,11
Explain the relationship between the Food Composition Table and dietary assessment.,general,2,Mistral,False,,[],False,11
Explain the relationship between the Food Composition Table and dietary assessment.,general,5,Mistral,True,,[],False,11
Describe the biochemical mechanisms of zinc absorption.,general,4,Mistral,False,,[],False,7
How does zinc affect metabolic pathways in the human body?,general,1,Mistral,True,,[],False,10
How does vitamin D affect metabolic pathways in the human body?,general,3,TinyLlama,True,,[],False,11
How can clinical dietitians use phytate composition data in patient care?,general,3,TinyLlama,True,,[],False,11
Explain the relationship between the Food Composition Table and dietary assessment.,general,2,TinyLlama,False,,[],False,11
How can clinical dietitians use phytate composition data in patient care?,general,3,TinyLlama,True,,[],False,11
What is the role of phytates in human biochemistry?,general,3,TinyLlama,True,,[],False,9
What is the role of phytates in human biochemistry?,general,4,Mistral,True,,[],False,9
How can clinical dietitians use phytate composition data in patient care?,general,4,Mistral,False,,[],False,11
What is the role of phytates in human biochemistry?,general,5,TinyLlama,True,,[],False,9
How can clinical dietitians use phytate composition data in patient care?,general,1,Mistral,True,,[],False,11
Explain the relationship between the Food Composition Table and dietary assessment.,general,1,TinyLlama,False,,[],False,11
How does magnesium affect metabolic pathways in the human body?,general,2,TinyLlama,True,,[],False,10
Explain the relationship between the Food Composition Table and dietary assessment.,general,5,Mistral,True,,[],False,11
How can clinical dietitians use phytate composition data in patient care?,general,5,Mistral,True,,[],False,11
What is the role of phytates in human biochemistry?,general,3,TinyLlama,True,,[],False,9
How can clinical dietitians use phytate composition data in patient care?,general,5,Mistral,False,,[],False,11
Explain the relationship between the Food Composition Table and dietary assessment.,general,1,TinyLlama,False,,[],False,11
Describe the biochemical mechanisms of vitamin D absorption.,general,4,TinyLlama,True,,[],False,8
Explain the relationship between the Food Composition Table and dietary assessment.,general,4,TinyLlama,False,,[],False,11
Describe the biochemical mechanisms of magnesium absorption.,general,2,TinyLlama,True,,[],False,7
How does zinc affect metabolic pathways in the human body?,general,3,TinyLlama,False,,[],False,10
What is the role of phytates in human biochemistry?,general,4,Mistral,False,,[],False,9
Explain the relationship between the Food Composition Table and dietary assessment.,general,5,Mistral,True,,[],False,11
Explain the relationship between the Food Composition Table and dietary assessment.,general,3,TinyLlama,False,,[],False,11
What is the role of phytates in human biochemistry?,general,4,Mistral,False,,[],False,9
How does calcium affect metabolic pathways in the human body?,general,5,TinyLlama,True,,[],False,10
What is the role of phytates in human biochemistry?,general,3,Mistral,True,,[],False,9
Describe the biochemical mechanisms of iron absorption.,general,4,Mistral,False,,[],False,7
Describe the biochemical mechanisms of zinc absorption.,general,4,Mistral,True,,[],False,7
How can clinical dietitians use phytate composition data in patient care?,general,5,TinyLlama,True,,[],False,11
How can clinical dietitians use phytate composition data in patient care?,general,2,TinyLlama,True,,[],False,11
How does iron affect metabolic pathways in the human body?,general,4,TinyLlama,False,,[],False,10
How does zinc affect metabolic pathways in the human body?,general,5,Mistral,False,,[],False,10
What is the role of phytates in human biochemistry?,general,4,Mistral,False,,[],False,9
Explain the relationship between the Food Composition Table and dietary assessment.,general,4,TinyLlama,False,,[],False,11
What is the role of phytates in human biochemistry?,general,2,TinyLlama,True,,[],False,9
What is the role of phytates in human biochemistry?,general,1,Mistral,False,,[],False,9
How can clinical dietitians use phytate composition data in patient care?,general,4,Mistral,False,,[],False,11
What is the role of phytates in human biochemistry?,general,3,Mistral,True,,[],False,9
Describe the biochemical mechanisms of vitamin D absorption.,general,4,TinyLlama,False,,[],False,8
Explain the relationship between the Food Composition Table and dietary assessment.,general,1,Mistral,False,,[],False,11
Explain the relationship between the Food Composition Table and dietary assessment.,general,3,Mistral,False,,[],False,11
Explain the relationship between the Food Composition Table and dietary assessment.,general,1,TinyLlama,True,,[],False,11
Explain the relationship between the Food Composition Table and dietary assessment.,general,3,Mistral,False,,[],False,11
Describe the biochemical mechanisms of iron absorption.,general,2,Mistral,True,,[],False,7
How can clinical dietitians use phytate composition data in patient care?,general,5,Mistral,True,,[],False,11
Describe the biochemical mechanisms of zinc absorption.,general,1,Mistral,False,,[],False,7
How does vitamin D affect metabolic pathways in the human body?,general,5,TinyLlama,True,,[],False,11
How does zinc affect metabolic pathways in the human body?,general,1,TinyLlama,True,,[],False,10
How can clinical dietitians use phytate composition data in patient care?,general,3,TinyLlama,False,,[],False,11
Explain the relationship between the Food Composition Table and dietary assessment.,general,5,Mistral,True,,[],False,11
What is the role of phytates in human biochemistry?,general,3,Mistral,False,,[],False,9
How does magnesium affect metabolic pathways in the human body?,general,5,Mistral,False,,[],False,10
How does calcium affect metabolic pathways in the human body?,general,1,Mistral,True,,[],False,10
How can clinical dietitians use phytate composition data in patient care?,general,2,TinyLlama,True,,[],False,11
How does zinc affect metabolic pathways in the human body?,general,3,Mistral,True,,[],False,10
What is the role of phytates in human biochemistry?,general,2,TinyLlama,True,,[],False,9
How does calcium affect metabolic pathways in the human body?,general,5,Mistral,False,,[],False,10
How can clinical dietitians use phytate composition data in patient care?,general,3,Mistral,False,,[],False,11
How does magnesium affect metabolic pathways in the human body?,general,3,Mistral,True,,[],False,10
Assess the effects of vitamin D and fish oil on calcium absorption.,comparison,3,Mistral,False,recommendation,[],False,12
Design a dietary intervention for improving calcium status in celiac disease.,therapy,5,TinyLlama,True,comparison,[],True,11
Explain the relationship between the Food Composition Table and dietary assessment.,general,1,Mistral,False,therapy,[],False,11
Propose a therapy combining dietary and supplement interventions for osteoporosis.,therapy,1,TinyLlama,False,general,"['calcium', 'vitamin_d']",True,10
Suggest plant-based alternatives high in calcium for malnutrition.,recommendation,2,TinyLlama,False,therapy,[],False,8
"Among them, option shows more protein digestibility: wheat bread or maize flour?",comparison,3,Mistral,False,recommendation,[],False,12
Design a dietary intervention for improving zinc status in kidney stones.,therapy,1,Mistral,True,recommendation,"['uric_acid', 'calcium', 'oxalate']",True,11
What possesses elevated protein digestibility: wheat bread or sorghum?,comparison,2,TinyLlama,False,recommendation,[],False,9
Describe the biochemical mechanisms of magnesium absorption.,general,3,TinyLlama,True,comparison,[],False,7
Explain the relationship between the Food Composition Table and dietary assessment.,general,1,TinyLlama,False,recommendation,[],False,11
Create a therapeutic meal plan for type 2 diabetes based on the Food Composition Table.,therapy,4,TinyLlama,True,comparison,"['glucose', 'hba1c']",True,15
How can clinical dietitians use phytate composition data in patient care?,general,4,Mistral,True,recommendation,[],False,11
Contrast the effects of vitamin D and ascorbic acid on calcium absorption.,comparison,2,TinyLlama,False,general,[],False,12
Create a therapeutic meal plan for iron-deficiency anemia based on the Food Composition Table.,therapy,5,Mistral,True,general,"['ferritin', 'iron']",True,14
Assess the phytate concentrations in millet porridge and maize flour based on the Food Composition Table.,comparison,2,Mistral,False,general,[],False,16
Create a therapeutic nutritional plan for type 2 diabetes based on the Food Composition Table.,therapy,2,TinyLlama,True,comparison,"['glucose', 'hba1c']",False,15
Suggest dietary changes for reducing phytate intake in adolescents.,recommendation,3,TinyLlama,False,comparison,[],False,9
How should a patient with kidney stones adjust their nutritional plan to improve iron absorption?,therapy,1,TinyLlama,True,general,"['uric_acid', 'calcium', 'oxalate']",True,15
Contrast the phytate concentrations in cassava flour and yam flour based on the Food Composition Table.,comparison,1,Mistral,False,recommendation,[],False,16
Examine the effects of ferrous sulfate and folic acid on calcium absorption.,comparison,3,TinyLlama,True,recommendation,[],False,12
How does vitamin D affect metabolic pathways in the human body?,general,3,TinyLlama,False,comparison,[],False,11
Explain the relationship between the Food Composition Table and dietary assessment.,general,5,Mistral,True,comparison,[],False,11
Explain the relationship between the Food Composition Table and dietary assessment.,general,1,TinyLlama,True,comparison,[],False,11
How does iron affect metabolic pathways in the human body?,general,1,TinyLlama,False,therapy,[],False,10
What is the best way to enhance calcium absorption for athletes?,recommendation,1,TinyLlama,True,comparison,[],False,11
Design a dietary intervention for improving vitamin D status in celiac disease.,therapy,1,TinyLlama,True,general,[],False,12
How do the biochemical impacts of polyphenol differ from protein in pediatric diets?,comparison,2,TinyLlama,False,therapy,[],False,13
How can clinical dietitians use phytate composition data in patient care?,general,4,Mistral,True,recommendation,[],False,11
How do the biochemical impacts of phytate differ from protein in pediatric diets?,comparison,5,Mistral,False,recommendation,[],False,13
How do the biochemical impacts of phytate differ from protein in pediatric diets?,comparison,3,TinyLlama,True,general,[],False,13
How should a patient with kidney stones adjust their meal plan to improve magnesium absorption?,therapy,4,TinyLlama,False,comparison,"['uric_acid', 'calcium', 'oxalate']",True,15
Propose a therapy combining dietary and supplement interventions for type 2 diabetes.,therapy,1,TinyLlama,True,general,"['glucose', 'hba1c']",False,12
How can clinical dietitians use phytate composition data in patient care?,general,4,Mistral,True,comparison,[],False,11
Design a dietary intervention for improving magnesium status in iron-deficiency anemia.,therapy,5,Mistral,False,comparison,"['ferritin', 'iron']",True,11
Suggest dietary changes for reducing phytate intake in elderly patients.,recommendation,1,Mistral,False,therapy,[],False,10
Outline a clinical nutrition plan for managing osteoporosis with low-phytate foods.,therapy,4,Mistral,True,comparison,"['calcium', 'vitamin_d']",True,11
Evaluate the phytate amounts in lentils and sorghum based on the Food Composition Table.,comparison,1,TinyLlama,False,therapy,[],False,14
How should a patient with kidney stones adjust their nutritional plan to improve magnesium absorption?,therapy,3,Mistral,True,recommendation,"['uric_acid', 'calcium', 'oxalate']",True,15
How do the biochemical impacts of polyphenol differ from magnesium in pediatric diets?,comparison,2,Mistral,True,recommendation,[],False,13
What is the role of phytates in human biochemistry?,general,2,TinyLlama,True,therapy,[],False,9
How does magnesium affect metabolic pathways in the human body?,general,3,TinyLlama,False,comparison,[],False,10
Assess the effects of calcium carbonate and ascorbic acid on calcium absorption.,comparison,1,Mistral,False,general,[],False,12
Suggest plant-based alternatives high in zinc for iron-deficiency anemia.,recommendation,5,Mistral,False,therapy,[],False,9
Describe the biochemical mechanisms of zinc absorption.,general,4,Mistral,False,recommendation,[],False,7
How does zinc affect metabolic pathways in the human body?,general,5,Mistral,False,recommendation,[],False,10
Suggest foods from the Food Composition Table rich in vitamin B12 for children under 5.,recommendation,3,TinyLlama,True,general,[],False,15
Outline a clinical nutrition plan for managing celiac disease with low-phytate foods.,therapy,5,Mistral,False,recommendation,[],True,12
What is the role of phytates in human biochemistry?,general,1,Mistral,True,comparison,[],False,9
Assess the phytate concentrations in wheat bread and maize flour based on the Food Composition Table.,comparison,5,TinyLlama,False,recommendation,[],False,16
What is the role of phytates in human biochemistry?,general,5,TinyLlama,False,therapy,[],False,9
Suggest plant-based alternatives high in iron for chronic kidney disease.,recommendation,4,Mistral,True,therapy,[],False,10
Assess ketogenic vs omnivorous for iron bioavailability in patients with anemia.,comparison,2,Mistral,False,recommendation,[],False,11
Advise dietary changes for reducing phytate intake in children under 5.,recommendation,4,TinyLlama,False,comparison,[],False,11
How should a patient with celiac disease adjust their meal plan to improve calcium absorption?,therapy,5,Mistral,True,comparison,[],True,15
Propose a therapy combining dietary and supplement interventions for type 2 diabetes.,therapy,3,TinyLlama,False,comparison,"['glucose', 'hba1c']",False,12
Describe the biochemical mechanisms of vitamin D absorption.,general,1,Mistral,True,recommendation,[],False,8
Suggest plant-based alternatives high in vitamin B12 for osteoporosis.,recommendation,5,Mistral,True,therapy,[],False,9
Create a therapeutic meal plan for type 2 diabetes based on the Food Composition Table.,therapy,3,Mistral,True,recommendation,"['glucose', 'hba1c']",False,15
Describe the biochemical mechanisms of iron absorption.,general,3,Mistral,True,comparison,[],False,7
Advise dietary changes for reducing phytate intake in athletes.,recommendation,3,Mistral,True,therapy,[],False,9
How should a patient with kidney stones adjust their nutritional plan to improve vitamin D absorption?,therapy,1,Mistral,True,recommendation,"['uric_acid', 'calcium', 'oxalate']",True,16
How should a patient with iron-deficiency anemia adjust their meal plan to improve iron absorption?,therapy,5,TinyLlama,True,comparison,"['ferritin', 'iron']",True,15
Suggest foods from the Food Composition Table rich in iron for elderly patients.,recommendation,4,TinyLlama,True,general,[],False,13
"In your view, which option possesses elevated protein digestibility: millet porridge or oats?",comparison,5,TinyLlama,False,recommendation,[],False,13
How can clinical dietitians use phytate composition data in patient care?,general,4,Mistral,False,therapy,[],False,11
What shows elevated protein digestibility: brown rice or sorghum?,comparison,5,TinyLlama,False,therapy,[],False,9
How should a patient with iron-deficiency anemia adjust their nutritional plan to improve zinc absorption?,therapy,4,Mistral,True,recommendation,"['ferritin', 'iron']",True,15
How does vitamin D affect metabolic pathways in the human body?,general,2,Mistral,False,comparison,[],False,11
Suggest a supplementation strategy for improving iron status in malnutrition.,recommendation,2,TinyLlama,True,general,[],False,10
Examine the effects of magnesium citrate and potassium chloride on calcium absorption.,comparison,4,TinyLlama,True,recommendation,[],False,12
Suggest foods from the Food Composition Table rich in calcium for adolescents.,recommendation,2,TinyLlama,False,comparison,[],False,12
Assess high-fiber vs low-carb for iron bioavailability in patients with anemia.,comparison,2,TinyLlama,False,recommendation,[],False,11
How do the biochemical impacts of fiber differ from magnesium in pediatric diets?,comparison,5,Mistral,False,general,[],False,13
How does iron affect metabolic pathways in the human body?,general,2,TinyLlama,False,recommendation,[],False,10
Design a dietary intervention for improving zinc status in type 2 diabetes.,therapy,4,Mistral,False,recommendation,"['glucose', 'hba1c']",True,12
Propose a therapy combining dietary and supplement interventions for kidney stones.,therapy,5,TinyLlama,False,comparison,"['uric_acid', 'calcium', 'oxalate']",True,11
Suggest plant-based alternatives high in calcium for iron-deficiency anemia.,recommendation,1,TinyLlama,True,general,[],False,9
Describe the biochemical mechanisms of zinc absorption.,general,5,Mistral,False,comparison,[],False,7
Suggest a supplementation strategy for improving zinc status in malnutrition.,recommendation,3,TinyLlama,False,general,[],False,10
What contains more protein digestibility: millet porridge or sorghum?,comparison,2,TinyLlama,True,therapy,[],False,9
Explain the relationship between the Food Composition Table and dietary assessment.,general,4,TinyLlama,True,comparison,[],False,11
Design a dietary intervention for improving iron status in type 2 diabetes.,therapy,2,Mistral,False,general,"['glucose', 'hba1c']",False,12
How can clinical dietitians use phytate composition data in patient care?,general,3,TinyLlama,False,comparison,[],False,11
How should a patient with kidney stones adjust their meal plan to improve magnesium absorption?,therapy,4,Mistral,False,comparison,"['uric_acid', 'calcium', 'oxalate']",True,15
Contrast the effects of zinc gluconate and fish oil on calcium absorption.,comparison,5,TinyLlama,True,therapy,[],False,12
How does zinc affect metabolic pathways in the human body?,general,5,Mistral,True,comparison,[],False,10
Suggest foods from the Food Composition Table rich in calcium for children under 5.,recommendation,1,TinyLlama,False,general,[],False,14
Outline a clinical nutrition plan for managing osteoporosis with low-phytate foods.,therapy,2,TinyLlama,False,recommendation,"['calcium', 'vitamin_d']",True,11
How do the biochemical impacts of zinc differ from vitamin C in pediatric diets?,comparison,2,TinyLlama,True,general,[],False,14
Create a therapeutic nutritional plan for kidney stones based on the Food Composition Table.,therapy,5,TinyLlama,False,general,"['uric_acid', 'calcium', 'oxalate']",True,14
How do the biochemical impacts of fiber differ from protein in pediatric diets?,comparison,5,TinyLlama,False,recommendation,[],False,13
Advise a supplementation strategy for improving vitamin B12 status in malnutrition.,recommendation,2,Mistral,False,comparison,[],False,11
Advise dietary changes for reducing phytate intake in pregnant women.,recommendation,4,TinyLlama,True,general,[],False,10
What is the best way to enhance vitamin B12 absorption for adolescents?,recommendation,5,TinyLlama,True,general,[],False,12
How does vitamin D affect metabolic pathways in the human body?,general,1,Mistral,False,therapy,[],False,11
Outline a clinical nutrition plan for managing kidney stones with low-phytate foods.,therapy,4,Mistral,False,comparison,"['uric_acid', 'calcium', 'oxalate']",True,12
"Out of these, option shows more protein digestibility: wheat bread or maize flour?",comparison,3,TinyLlama,True,therapy,[],False,13
Contrast the effects of zinc gluconate and fish oil on calcium absorption.,comparison,1,TinyLlama,False,therapy,[],False,12
Design a dietary intervention for improving vitamin D status in kidney stones.,therapy,3,Mistral,False,general,"['uric_acid', 'calcium', 'oxalate']",True,12
What is the best way to enhance vitamin B12 absorption for adolescents?,recommendation,3,Mistral,False,comparison,[],False,12
